/* C:\Users\gabri\AppData\Local\Temp\Rar$DRa7448.3829\Righteous-Regular.ttf (02/05/2023 20:59:44)
   Endereço inicial(h): 00000000, Endereço final(h): 00009D9B, Comprimento(h): 00009D9C */
#pragma once

inline unsigned char roboto[40348] = {
	0x00, 0x01, 0x00, 0x00, 0x00, 0x0D, 0x00, 0x80, 0x00, 0x03, 0x00, 0x50,
	0x4F, 0x53, 0x2F, 0x32, 0x6B, 0xC8, 0x3B, 0x03, 0x00, 0x00, 0x68, 0xC0,
	0x00, 0x00, 0x00, 0x60, 0x56, 0x44, 0x4D, 0x58, 0x70, 0x94, 0x78, 0x12,
	0x00, 0x00, 0x69, 0x20, 0x00, 0x00, 0x05, 0xE0, 0x63, 0x6D, 0x61, 0x70,
	0x00, 0xA7, 0x1E, 0x00, 0x00, 0x00, 0x6F, 0x00, 0x00, 0x00, 0x03, 0x78,
	0x67, 0x61, 0x73, 0x70, 0x00, 0x17, 0x00, 0x09, 0x00, 0x00, 0x9D, 0x8C,
	0x00, 0x00, 0x00, 0x10, 0x67, 0x6C, 0x79, 0x66, 0xE2, 0x33, 0x32, 0xBA,
	0x00, 0x00, 0x00, 0xDC, 0x00, 0x00, 0x5E, 0xAC, 0x68, 0x65, 0x61, 0x64,
	0xFC, 0x87, 0xED, 0x8F, 0x00, 0x00, 0x62, 0x94, 0x00, 0x00, 0x00, 0x36,
	0x68, 0x68, 0x65, 0x61, 0x0F, 0x73, 0x07, 0xBC, 0x00, 0x00, 0x68, 0x9C,
	0x00, 0x00, 0x00, 0x24, 0x68, 0x6D, 0x74, 0x78, 0x48, 0x83, 0x66, 0x0B,
	0x00, 0x00, 0x62, 0xCC, 0x00, 0x00, 0x05, 0xD0, 0x6B, 0x65, 0x72, 0x6E,
	0xF8, 0x59, 0xF3, 0x51, 0x00, 0x00, 0x72, 0x78, 0x00, 0x00, 0x21, 0x7E,
	0x6C, 0x6F, 0x63, 0x61, 0xAE, 0xF3, 0x97, 0x19, 0x00, 0x00, 0x5F, 0xA8,
	0x00, 0x00, 0x02, 0xEA, 0x6D, 0x61, 0x78, 0x70, 0x01, 0x82, 0x00, 0xC1,
	0x00, 0x00, 0x5F, 0x88, 0x00, 0x00, 0x00, 0x20, 0x6E, 0x61, 0x6D, 0x65,
	0x30, 0x51, 0x4B, 0x6E, 0x00, 0x00, 0x93, 0xF8, 0x00, 0x00, 0x02, 0x38,
	0x70, 0x6F, 0x73, 0x74, 0x0D, 0x85, 0x93, 0xCD, 0x00, 0x00, 0x96, 0x30,
	0x00, 0x00, 0x07, 0x5C, 0x00, 0x01, 0x00, 0x89, 0x02, 0x4C, 0x03, 0xD1,
	0x03, 0x5C, 0x00, 0x03, 0x00, 0x00, 0x01, 0x11, 0x21, 0x11, 0x03, 0xD1,
	0xFC, 0xB8, 0x03, 0x5C, 0xFE, 0xF0, 0x01, 0x10, 0x00, 0x02, 0x00, 0x64,
	0x03, 0xD7, 0x02, 0xE1, 0x05, 0x9A, 0x00, 0x03, 0x00, 0x07, 0x00, 0x00,
	0x01, 0x23, 0x03, 0x21, 0x01, 0x23, 0x03, 0x21, 0x01, 0x5C, 0xCF, 0x29,
	0x01, 0x21, 0x01, 0x33, 0xCF, 0x28, 0x01, 0x20, 0x03, 0xD7, 0x01, 0xC3,
	0xFE, 0x3D, 0x01, 0xC3, 0x00, 0x01, 0x00, 0x64, 0x03, 0xD7, 0x01, 0x85,
	0x05, 0x9A, 0x00, 0x03, 0x00, 0x00, 0x01, 0x23, 0x03, 0x21, 0x01, 0x5C,
	0xCF, 0x29, 0x01, 0x21, 0x03, 0xD7, 0x01, 0xC3, 0x00, 0x01, 0x00, 0x4A,
	0xFF, 0x33, 0x02, 0xB2, 0x06, 0x66, 0x00, 0x1D, 0x00, 0x00, 0x05, 0x21,
	0x26, 0x27, 0x2E, 0x03, 0x35, 0x34, 0x3E, 0x02, 0x37, 0x36, 0x37, 0x21,
	0x06, 0x07, 0x0E, 0x03, 0x15, 0x14, 0x1E, 0x02, 0x17, 0x16, 0x02, 0xB2,
	0xFE, 0xCB, 0x56, 0x44, 0x1D, 0x37, 0x2B, 0x1A, 0x1A, 0x2B, 0x37, 0x1D,
	0x44, 0x56, 0x01, 0x35, 0x5C, 0x48, 0x1F, 0x3B, 0x2E, 0x1C, 0x1C, 0x2E,
	0x3B, 0x1F, 0x48, 0xCD, 0x77, 0x95, 0x3F, 0x97, 0xAD, 0xBF, 0x68, 0x6F,
	0xC2, 0xA7, 0x8C, 0x38, 0x83, 0x5E, 0x70, 0x8B, 0x3B, 0x8F, 0xA2, 0xB5,
	0x61, 0x5B, 0xB2, 0xA8, 0x9A, 0x42, 0x9C, 0x00, 0x00, 0x01, 0x00, 0x1D,
	0xFF, 0x33, 0x02, 0x85, 0x06, 0x66, 0x00, 0x1D, 0x00, 0x00, 0x01, 0x14,
	0x0E, 0x02, 0x07, 0x06, 0x07, 0x21, 0x36, 0x37, 0x3E, 0x03, 0x35, 0x34,
	0x2E, 0x02, 0x27, 0x26, 0x27, 0x21, 0x16, 0x17, 0x1E, 0x03, 0x02, 0x85,
	0x1A, 0x2C, 0x37, 0x1D, 0x44, 0x55, 0xFE, 0xCB, 0x5B, 0x48, 0x1F, 0x3B,
	0x2E, 0x1C, 0x1C, 0x2E, 0x3B, 0x1F, 0x48, 0x5B, 0x01, 0x35, 0x55, 0x44,
	0x1D, 0x37, 0x2C, 0x1A, 0x02, 0xE9, 0x68, 0xBF, 0xAD, 0x97, 0x3F, 0x95,
	0x77, 0x89, 0x9C, 0x42, 0x9A, 0xA8, 0xB2, 0x5B, 0x61, 0xB5, 0xA2, 0x8F,
	0x3B, 0x8B, 0x70, 0x5E, 0x83, 0x38, 0x8C, 0xA7, 0xC2, 0x00, 0x00, 0x01,
	0x00, 0x4E, 0x01, 0x3B, 0x03, 0x96, 0x04, 0x83, 0x00, 0x0B, 0x00, 0x00,
	0x01, 0x21, 0x11, 0x21, 0x11, 0x21, 0x11, 0x21, 0x11, 0x21, 0x11, 0x21,
	0x02, 0x7B, 0xFE, 0xEF, 0xFE, 0xE4, 0x01, 0x1C, 0x01, 0x11, 0x01, 0x1B,
	0xFE, 0xE5, 0x01, 0x3B, 0x01, 0x11, 0x01, 0x10, 0x01, 0x27, 0xFE, 0xD9,
	0xFE, 0xF0, 0x00, 0x01, 0x00, 0x79, 0x02, 0x4C, 0x03, 0xC1, 0x03, 0x5C,
	0x00, 0x03, 0x00, 0x00, 0x01, 0x11, 0x21, 0x11, 0x03, 0xC1, 0xFC, 0xB8,
	0x03, 0x5C, 0xFE, 0xF0, 0x01, 0x10, 0x00, 0x01, 0x00, 0x39, 0x00, 0x00,
	0x03, 0xB2, 0x05, 0x9A, 0x00, 0x03, 0x00, 0x00, 0x29, 0x01, 0x01, 0x21,
	0x01, 0x60, 0xFE, 0xD9, 0x02, 0x52, 0x01, 0x27, 0x05, 0x9A, 0x00, 0x02,
	0x00, 0x75, 0x00, 0x00, 0x04, 0xF0, 0x05, 0x9A, 0x00, 0x0C, 0x00, 0x1D,
	0x00, 0x00, 0x01, 0x11, 0x34, 0x2E, 0x02, 0x23, 0x22, 0x0E, 0x02, 0x15,
	0x11, 0x01, 0x21, 0x11, 0x21, 0x11, 0x21, 0x11, 0x34, 0x3E, 0x02, 0x33,
	0x32, 0x1E, 0x02, 0x15, 0x03, 0xD1, 0x2D, 0x4E, 0x69, 0x3B, 0x3B, 0x69,
	0x4E, 0x2D, 0x03, 0x5D, 0xFE, 0xE1, 0xFD, 0xC2, 0xFE, 0xE2, 0x5A, 0x9B,
	0xD1, 0x77, 0x77, 0xD1, 0x9C, 0x5A, 0x02, 0x3D, 0x01, 0x1F, 0x3B, 0x69,
	0x4E, 0x2D, 0x2D, 0x4E, 0x69, 0x3B, 0xFE, 0xE1, 0xFD, 0xC3, 0x01, 0x1F,
	0xFE, 0xE1, 0x03, 0x5C, 0x77, 0xD1, 0x9C, 0x5A, 0x5A, 0x9C, 0xD1, 0x77,
	0x00, 0x03, 0x00, 0x85, 0x00, 0x00, 0x05, 0x00, 0x05, 0x9A, 0x00, 0x16,
	0x00, 0x23, 0x00, 0x30, 0x00, 0x00, 0x01, 0x14, 0x0E, 0x02, 0x23, 0x21,
	0x11, 0x21, 0x32, 0x1E, 0x02, 0x15, 0x14, 0x0E, 0x02, 0x07, 0x1E, 0x03,
	0x05, 0x21, 0x32, 0x3E, 0x02, 0x35, 0x34, 0x2E, 0x02, 0x23, 0x21, 0x11,
	0x21, 0x32, 0x3E, 0x02, 0x35, 0x34, 0x2E, 0x02, 0x23, 0x21, 0x05, 0x00,
	0x44, 0x75, 0x9C, 0x59, 0xFD, 0x33, 0x02, 0xCD, 0x59, 0x9C, 0x75, 0x44,
	0x16, 0x28, 0x38, 0x22, 0x23, 0x38, 0x28, 0x15, 0xFC, 0xA4, 0x01, 0xAE,
	0x1E, 0x34, 0x27, 0x16, 0x16, 0x27, 0x34, 0x1E, 0xFE, 0x52, 0x01, 0xAE,
	0x1E, 0x34, 0x27, 0x16, 0x16, 0x27, 0x34, 0x1E, 0xFE, 0x52, 0x01, 0xAE,
	0x59, 0x9C, 0x75, 0x44, 0x05, 0x9A, 0x44, 0x75, 0x9C, 0x59, 0x28, 0x54,
	0x4E, 0x40, 0x15, 0x13, 0x41, 0x4E, 0x55, 0xB7, 0x16, 0x27, 0x34, 0x1E,
	0x1E, 0x34, 0x27, 0x16, 0x01, 0x1F, 0x16, 0x27, 0x35, 0x1E, 0x1E, 0x34,
	0x27, 0x16, 0x00, 0x01, 0x00, 0x37, 0xFF, 0xE1, 0x04, 0xFE, 0x05, 0xAE,
	0x00, 0x25, 0x00, 0x00, 0x25, 0x0E, 0x01, 0x23, 0x22, 0x2E, 0x04, 0x35,
	0x34, 0x3E, 0x04, 0x33, 0x32, 0x16, 0x17, 0x07, 0x2E, 0x01, 0x23, 0x22,
	0x0E, 0x02, 0x15, 0x14, 0x1E, 0x02, 0x33, 0x32, 0x36, 0x37, 0x04, 0xFE,
	0x64, 0xF8, 0x85, 0x66, 0xBD, 0xA5, 0x88, 0x61, 0x35, 0x35, 0x61, 0x88,
	0xA5, 0xBD, 0x66, 0x85, 0xF8, 0x64, 0x98, 0x3F, 0xAC, 0x5E, 0x5F, 0xA6,
	0x7C, 0x48, 0x48, 0x7C, 0xA6, 0x5F, 0x5E, 0xAC, 0x3F, 0x93, 0x56, 0x5C,
	0x35, 0x61, 0x88, 0xA5, 0xBD, 0x66, 0x66, 0xBE, 0xA5, 0x88, 0x61, 0x35,
	0x5B, 0x57, 0xFA, 0x44, 0x49, 0x48, 0x7B, 0xA7, 0x5E, 0x5E, 0xA5, 0x7C,
	0x48, 0x49, 0x44, 0x00, 0x00, 0x02, 0x00, 0x85, 0x00, 0x00, 0x05, 0x02,
	0x05, 0x9A, 0x00, 0x10, 0x00, 0x1D, 0x00, 0x00, 0x01, 0x14, 0x0E, 0x04,
	0x23, 0x21, 0x11, 0x21, 0x32, 0x1E, 0x04, 0x05, 0x34, 0x2E, 0x02, 0x2B,
	0x01, 0x11, 0x33, 0x32, 0x3E, 0x02, 0x05, 0x02, 0x33, 0x5E, 0x82, 0xA0,
	0xB7, 0x63, 0xFE, 0x50, 0x01, 0xB0, 0x63, 0xB7, 0xA0, 0x82, 0x5E, 0x33,
	0xFE, 0xE1, 0x43, 0x75, 0x9D, 0x59, 0x8F, 0x8F, 0x59, 0x9D, 0x75, 0x43,
	0x02, 0xCD, 0x63, 0xB7, 0x9F, 0x83, 0x5E, 0x33, 0x05, 0x9A, 0x33, 0x5E,
	0x83, 0x9F, 0xB7, 0x63, 0x59, 0x9C, 0x75, 0x44, 0xFC, 0xA4, 0x43, 0x75,
	0x9D, 0x00, 0x00, 0x01, 0x00, 0x85, 0x00, 0x00, 0x04, 0x5C, 0x05, 0x9A,
	0x00, 0x0B, 0x00, 0x00, 0x29, 0x01, 0x11, 0x21, 0x11, 0x21, 0x11, 0x21,
	0x11, 0x21, 0x11, 0x21, 0x04, 0x5C, 0xFC, 0x29, 0x03, 0xD7, 0xFD, 0x48,
	0x01, 0xD7, 0xFE, 0x29, 0x02, 0xB8, 0x05, 0x9A, 0xFE, 0xE1, 0xFE, 0xE1,
	0xFE, 0xE1, 0xFE, 0xE2, 0x00, 0x01, 0x00, 0x85, 0x00, 0x00, 0x04, 0x71,
	0x05, 0x9A, 0x00, 0x09, 0x00, 0x00, 0x29, 0x01, 0x11, 0x21, 0x11, 0x21,
	0x11, 0x21, 0x11, 0x21, 0x01, 0xA4, 0xFE, 0xE1, 0x03, 0xEC, 0xFD, 0x33,
	0x01, 0xAE, 0xFE, 0x52, 0x05, 0x9A, 0xFE, 0xE1, 0xFE, 0xE1, 0xFE, 0xE1,
	0x00, 0x01, 0x00, 0x37, 0xFF, 0xE1, 0x04, 0xFA, 0x05, 0xAA, 0x00, 0x27,
	0x00, 0x00, 0x25, 0x0E, 0x01, 0x23, 0x22, 0x2E, 0x04, 0x35, 0x34, 0x3E,
	0x04, 0x33, 0x32, 0x16, 0x17, 0x07, 0x2E, 0x01, 0x23, 0x22, 0x0E, 0x02,
	0x15, 0x14, 0x1E, 0x02, 0x33, 0x32, 0x36, 0x37, 0x11, 0x21, 0x04, 0xFA,
	0x64, 0xF6, 0x85, 0x66, 0xBD, 0xA4, 0x88, 0x60, 0x35, 0x35, 0x60, 0x88,
	0xA4, 0xBD, 0x66, 0x85, 0xF6, 0x64, 0x96, 0x41, 0xAA, 0x5E, 0x5E, 0xA5,
	0x7C, 0x48, 0x48, 0x7C, 0xA5, 0x5E, 0x36, 0x66, 0x2E, 0x01, 0x15, 0x91,
	0x55, 0x5B, 0x35, 0x61, 0x87, 0xA5, 0xBE, 0x66, 0x66, 0xBC, 0xA5, 0x87,
	0x60, 0x35, 0x5B, 0x55, 0xFA, 0x42, 0x4B, 0x48, 0x7B, 0xA5, 0x5E, 0x5F,
	0xA6, 0x7C, 0x48, 0x1A, 0x17, 0x01, 0x98, 0x00, 0x00, 0x01, 0x00, 0x85,
	0x00, 0x00, 0x05, 0x00, 0x05, 0x9A, 0x00, 0x0B, 0x00, 0x00, 0x29, 0x01,
	0x11, 0x21, 0x11, 0x21, 0x11, 0x21, 0x11, 0x21, 0x11, 0x21, 0x01, 0xA4,
	0xFE, 0xE1, 0x01, 0x1F, 0x02, 0x3D, 0x01, 0x1F, 0xFE, 0xE1, 0xFD, 0xC3,
	0x05, 0x9A, 0xFD, 0xC2, 0x02, 0x3E, 0xFA, 0x66, 0x02, 0x3D, 0x00, 0x01,
	0x00, 0x85, 0x00, 0x00, 0x01, 0xA4, 0x05, 0x9A, 0x00, 0x03, 0x00, 0x00,
	0x29, 0x01, 0x11, 0x21, 0x01, 0xA4, 0xFE, 0xE1, 0x01, 0x1F, 0x05, 0x9A,
	0x00, 0x01, 0x00, 0x14, 0x00, 0x00, 0x02, 0xE1, 0x05, 0x9A, 0x00, 0x12,
	0x00, 0x00, 0x01, 0x14, 0x0E, 0x02, 0x23, 0x22, 0x27, 0x11, 0x1E, 0x01,
	0x33, 0x32, 0x3E, 0x02, 0x35, 0x11, 0x21, 0x02, 0xE1, 0x5A, 0x9B, 0xD1,
	0x77, 0x48, 0x48, 0x20, 0x4A, 0x26, 0x3B, 0x69, 0x4E, 0x2D, 0x01, 0x1E,
	0x02, 0x3D, 0x77, 0xD1, 0x9B, 0x5A, 0x12, 0x01, 0x34, 0x13, 0x14, 0x2D,
	0x4E, 0x68, 0x3B, 0x03, 0x5D, 0x00, 0x00, 0x01, 0x00, 0x85, 0x00, 0x00,
	0x05, 0x00, 0x05, 0x9A, 0x00, 0x0B, 0x00, 0x00, 0x29, 0x01, 0x11, 0x21,
	0x11, 0x01, 0x21, 0x09, 0x01, 0x21, 0x01, 0x03, 0x01, 0xA4, 0xFE, 0xE1,
	0x01, 0x1F, 0x02, 0x16, 0x01, 0x46, 0xFE, 0x3B, 0x01, 0xC5, 0xFE, 0xBA,
	0xFE, 0xC5, 0xDB, 0x05, 0x9A, 0xFD, 0x33, 0x02, 0xCD, 0xFD, 0xA3, 0xFC,
	0xC3, 0x02, 0x44, 0xFE, 0xDB, 0x00, 0x00, 0x01, 0x00, 0x85, 0x00, 0x00,
	0x04, 0x71, 0x05, 0x9A, 0x00, 0x05, 0x00, 0x00, 0x29, 0x01, 0x11, 0x21,
	0x11, 0x21, 0x04, 0x71, 0xFC, 0x14, 0x01, 0x1F, 0x02, 0xCD, 0x05, 0x9A,
	0xFB, 0x85, 0x00, 0x01, 0x00, 0x7B, 0x00, 0x00, 0x06, 0x14, 0x05, 0xAE,
	0x00, 0x2C, 0x00, 0x00, 0x29, 0x01, 0x11, 0x34, 0x2E, 0x02, 0x23, 0x22,
	0x0E, 0x02, 0x15, 0x11, 0x21, 0x11, 0x34, 0x2E, 0x02, 0x23, 0x22, 0x0E,
	0x02, 0x15, 0x11, 0x21, 0x11, 0x34, 0x3E, 0x02, 0x33, 0x32, 0x16, 0x17,
	0x3E, 0x01, 0x33, 0x32, 0x1E, 0x02, 0x15, 0x06, 0x14, 0xFE, 0xE2, 0x17,
	0x27, 0x34, 0x1E, 0x1E, 0x34, 0x27, 0x16, 0xFE, 0xE1, 0x16, 0x27, 0x34,
	0x1E, 0x1E, 0x34, 0x27, 0x16, 0xFE, 0xE1, 0x43, 0x75, 0x9D, 0x59, 0x50,
	0x94, 0x3B, 0x3B, 0x93, 0x50, 0x59, 0x9D, 0x75, 0x43, 0x04, 0x00, 0x1E,
	0x34, 0x27, 0x16, 0x16, 0x27, 0x34, 0x1E, 0xFC, 0x00, 0x04, 0x00, 0x1E,
	0x34, 0x27, 0x16, 0x16, 0x27, 0x34, 0x1E, 0xFC, 0x00, 0x04, 0x00, 0x59,
	0x9D, 0x75, 0x43, 0x39, 0x36, 0x36, 0x39, 0x43, 0x75, 0x9D, 0x59, 0x00,
	0x00, 0x01, 0x00, 0x85, 0x00, 0x00, 0x05, 0x00, 0x05, 0x9A, 0x00, 0x09,
	0x00, 0x00, 0x29, 0x01, 0x01, 0x11, 0x21, 0x11, 0x21, 0x01, 0x11, 0x21,
	0x05, 0x00, 0xFE, 0xCD, 0xFD, 0xD7, 0xFE, 0xE1, 0x01, 0x33, 0x02, 0x29,
	0x01, 0x1F, 0x03, 0xB0, 0xFC, 0x50, 0x05, 0x9A, 0xFC, 0x4F, 0x03, 0xB1,
	0x00, 0x02, 0x00, 0x37, 0xFF, 0xE1, 0x06, 0x02, 0x05, 0xAC, 0x00, 0x1B,
	0x00, 0x2F, 0x00, 0x00, 0x01, 0x14, 0x0E, 0x04, 0x23, 0x22, 0x2E, 0x04,
	0x35, 0x34, 0x3E, 0x04, 0x33, 0x32, 0x1E, 0x04, 0x05, 0x34, 0x2E, 0x02,
	0x23, 0x22, 0x0E, 0x02, 0x15, 0x14, 0x1E, 0x02, 0x33, 0x32, 0x3E, 0x02,
	0x06, 0x02, 0x35, 0x60, 0x88, 0xA4, 0xBE, 0x66, 0x66, 0xBD, 0xA5, 0x88,
	0x61, 0x35, 0x35, 0x61, 0x88, 0xA5, 0xBD, 0x66, 0x66, 0xBE, 0xA4, 0x88,
	0x60, 0x35, 0xFE, 0xE3, 0x48, 0x7B, 0xA7, 0x5E, 0x5F, 0xA6, 0x7C, 0x48,
	0x48, 0x7C, 0xA6, 0x5F, 0x5E, 0xA7, 0x7B, 0x48, 0x02, 0xC7, 0x66, 0xBD,
	0xA5, 0x88, 0x61, 0x35, 0x35, 0x61, 0x88, 0xA5, 0xBD, 0x66, 0x66, 0xBE,
	0xA4, 0x88, 0x60, 0x35, 0x35, 0x60, 0x88, 0xA4, 0xBE, 0x66, 0x5E, 0xA7,
	0x7B, 0x48, 0x48, 0x7B, 0xA7, 0x5E, 0x5E, 0xA5, 0x7C, 0x48, 0x48, 0x7C,
	0xA5, 0x00, 0x00, 0x02, 0x00, 0x85, 0x00, 0x00, 0x05, 0x00, 0x05, 0x9A,
	0x00, 0x0C, 0x00, 0x1D, 0x00, 0x00, 0x01, 0x11, 0x21, 0x32, 0x3E, 0x02,
	0x35, 0x34, 0x2E, 0x02, 0x23, 0x01, 0x21, 0x11, 0x21, 0x32, 0x1E, 0x04,
	0x15, 0x14, 0x0E, 0x02, 0x23, 0x21, 0x01, 0xA4, 0x01, 0x1F, 0x3B, 0x68,
	0x4E, 0x2D, 0x2D, 0x4E, 0x68, 0x3B, 0xFE, 0xE1, 0xFE, 0xE1, 0x02, 0x3E,
	0x4F, 0x92, 0x7F, 0x69, 0x4B, 0x29, 0x5A, 0x9C, 0xD1, 0x76, 0xFE, 0xE1,
	0x04, 0x7B, 0xFD, 0xC2, 0x2D, 0x4E, 0x69, 0x3B, 0x3B, 0x69, 0x4E, 0x2D,
	0xFB, 0x85, 0x05, 0x9A, 0x29, 0x4B, 0x69, 0x80, 0x92, 0x4F, 0x76, 0xD1,
	0x9C, 0x5A, 0x00, 0x02, 0x00, 0x37, 0xFE, 0xE1, 0x06, 0x02, 0x05, 0xAC,
	0x00, 0x1F, 0x00, 0x33, 0x00, 0x00, 0x01, 0x21, 0x03, 0x06, 0x22, 0x23,
	0x22, 0x2E, 0x04, 0x35, 0x34, 0x3E, 0x04, 0x33, 0x32, 0x1E, 0x04, 0x15,
	0x14, 0x0E, 0x02, 0x07, 0x13, 0x34, 0x2E, 0x02, 0x23, 0x22, 0x0E, 0x02,
	0x15, 0x14, 0x1E, 0x02, 0x33, 0x32, 0x3E, 0x02, 0x05, 0x42, 0xFE, 0xBA,
	0xAC, 0x0E, 0x19, 0x0C, 0x66, 0xBD, 0xA5, 0x88, 0x61, 0x35, 0x35, 0x61,
	0x88, 0xA5, 0xBD, 0x66, 0x66, 0xBE, 0xA4, 0x88, 0x60, 0x35, 0x3B, 0x6C,
	0x99, 0x5E, 0x81, 0x48, 0x7B, 0xA7, 0x5E, 0x5F, 0xA6, 0x7C, 0x48, 0x48,
	0x7C, 0xA6, 0x5F, 0x5E, 0xA7, 0x7B, 0x48, 0xFE, 0xE1, 0x01, 0x02, 0x02,
	0x35, 0x61, 0x88, 0xA5, 0xBD, 0x66, 0x66, 0xBE, 0xA4, 0x88, 0x60, 0x35,
	0x35, 0x60, 0x88, 0xA4, 0xBE, 0x66, 0x6A, 0xC8, 0xAD, 0x8C, 0x2F, 0x02,
	0x9A, 0x5E, 0xA7, 0x7B, 0x48, 0x48, 0x7B, 0xA7, 0x5E, 0x5E, 0xA5, 0x7C,
	0x48, 0x48, 0x7C, 0xA5, 0x00, 0x02, 0x00, 0x85, 0x00, 0x00, 0x05, 0x00,
	0x05, 0x9A, 0x00, 0x0C, 0x00, 0x20, 0x00, 0x00, 0x01, 0x11, 0x21, 0x32,
	0x3E, 0x02, 0x35, 0x34, 0x2E, 0x02, 0x23, 0x01, 0x21, 0x11, 0x21, 0x32,
	0x1E, 0x04, 0x15, 0x14, 0x0E, 0x02, 0x07, 0x13, 0x21, 0x03, 0x05, 0x01,
	0xA4, 0x01, 0x1F, 0x3B, 0x68, 0x4E, 0x2D, 0x2D, 0x4E, 0x68, 0x3B, 0xFE,
	0xE1, 0xFE, 0xE1, 0x02, 0x3E, 0x4F, 0x92, 0x7F, 0x69, 0x4B, 0x29, 0x25,
	0x45, 0x64, 0x3E, 0x9F, 0xFE, 0xCF, 0x7D, 0xFE, 0xBF, 0x04, 0x7B, 0xFD,
	0xC2, 0x2D, 0x4E, 0x69, 0x3B, 0x3B, 0x69, 0x4E, 0x2D, 0xFB, 0x85, 0x05,
	0x9A, 0x29, 0x4B, 0x69, 0x80, 0x92, 0x4F, 0x4A, 0x8C, 0x7E, 0x6A, 0x27,
	0xFE, 0x89, 0x01, 0x21, 0x02, 0x00, 0x00, 0x01, 0x00, 0x31, 0x00, 0x00,
	0x04, 0xAC, 0x05, 0x9A, 0x00, 0x2F, 0x00, 0x00, 0x13, 0x34, 0x3E, 0x02,
	0x33, 0x21, 0x11, 0x21, 0x22, 0x0E, 0x02, 0x15, 0x14, 0x1E, 0x02, 0x33,
	0x21, 0x32, 0x1E, 0x02, 0x15, 0x14, 0x0E, 0x02, 0x23, 0x21, 0x11, 0x21,
	0x32, 0x3E, 0x02, 0x35, 0x34, 0x2E, 0x02, 0x23, 0x21, 0x22, 0x2E, 0x02,
	0x31, 0x44, 0x75, 0x9C, 0x59, 0x02, 0x92, 0xFD, 0x6E, 0x1E, 0x34, 0x27,
	0x16, 0x16, 0x27, 0x34, 0x1E, 0x01, 0x1F, 0x59, 0x9D, 0x75, 0x43, 0x43,
	0x75, 0x9D, 0x59, 0xFD, 0x83, 0x02, 0x7D, 0x1E, 0x34, 0x27, 0x16, 0x16,
	0x27, 0x34, 0x1E, 0xFE, 0xE1, 0x59, 0x9C, 0x75, 0x44, 0x03, 0xEC, 0x59,
	0x9C, 0x75, 0x44, 0xFE, 0xE1, 0x16, 0x27, 0x34, 0x1E, 0x1E, 0x35, 0x27,
	0x16, 0x43, 0x75, 0x9D, 0x59, 0x59, 0x9C, 0x75, 0x44, 0x01, 0x1F, 0x16,
	0x27, 0x34, 0x1E, 0x1E, 0x34, 0x27, 0x16, 0x44, 0x75, 0x9D, 0x00, 0x01,
	0x00, 0x12, 0x00, 0x00, 0x04, 0x8D, 0x05, 0x9A, 0x00, 0x07, 0x00, 0x00,
	0x29, 0x01, 0x11, 0x21, 0x11, 0x21, 0x11, 0x21, 0x02, 0xDF, 0xFE, 0xE2,
	0xFE, 0x51, 0x04, 0x7B, 0xFE, 0x52, 0x04, 0x7B, 0x01, 0x1F, 0xFE, 0xE1,
	0x00, 0x01, 0x00, 0x75, 0x00, 0x00, 0x04, 0xF0, 0x05, 0x9A, 0x00, 0x19,
	0x00, 0x00, 0x01, 0x14, 0x0E, 0x02, 0x23, 0x22, 0x2E, 0x02, 0x35, 0x11,
	0x21, 0x11, 0x14, 0x1E, 0x02, 0x33, 0x32, 0x3E, 0x02, 0x35, 0x11, 0x21,
	0x04, 0xF0, 0x5A, 0x9C, 0xD1, 0x77, 0x77, 0xD1, 0x9B, 0x5A, 0x01, 0x1E,
	0x2D, 0x4E, 0x69, 0x3B, 0x3B, 0x69, 0x4E, 0x2D, 0x01, 0x1F, 0x02, 0x3D,
	0x77, 0xD1, 0x9B, 0x5A, 0x5A, 0x9B, 0xD1, 0x77, 0x03, 0x5D, 0xFC, 0xA3,
	0x3B, 0x68, 0x4E, 0x2D, 0x2D, 0x4E, 0x68, 0x3B, 0x03, 0x5D, 0x00, 0x01,
	0x00, 0x02, 0x00, 0x00, 0x04, 0xCD, 0x05, 0x9A, 0x00, 0x06, 0x00, 0x00,
	0x09, 0x01, 0x21, 0x01, 0x21, 0x09, 0x01, 0x04, 0xCD, 0xFE, 0x29, 0xFE,
	0xE1, 0xFE, 0x2B, 0x01, 0x46, 0x01, 0x1E, 0x01, 0x1F, 0x05, 0x9A, 0xFA,
	0x66, 0x05, 0x9A, 0xFC, 0x43, 0x03, 0xBD, 0x00, 0x00, 0x01, 0x00, 0x7B,
	0xFF, 0xEC, 0x06, 0x14, 0x05, 0x9A, 0x00, 0x2C, 0x00, 0x00, 0x01, 0x14,
	0x0E, 0x02, 0x23, 0x22, 0x26, 0x27, 0x0E, 0x01, 0x23, 0x22, 0x2E, 0x02,
	0x35, 0x11, 0x21, 0x11, 0x14, 0x1E, 0x02, 0x33, 0x32, 0x3E, 0x02, 0x35,
	0x11, 0x21, 0x11, 0x14, 0x1E, 0x02, 0x33, 0x32, 0x3E, 0x02, 0x35, 0x11,
	0x21, 0x06, 0x14, 0x43, 0x75, 0x9D, 0x59, 0x50, 0x93, 0x3B, 0x3B, 0x94,
	0x50, 0x59, 0x9D, 0x75, 0x43, 0x01, 0x1F, 0x16, 0x27, 0x34, 0x1E, 0x1E,
	0x34, 0x27, 0x16, 0x01, 0x1F, 0x16, 0x27, 0x34, 0x1E, 0x1E, 0x34, 0x27,
	0x17, 0x01, 0x1E, 0x01, 0x9A, 0x59, 0x9D, 0x75, 0x43, 0x38, 0x36, 0x36,
	0x38, 0x43, 0x75, 0x9D, 0x59, 0x04, 0x00, 0xFC, 0x00, 0x1E, 0x35, 0x27,
	0x16, 0x16, 0x27, 0x35, 0x1E, 0x04, 0x00, 0xFC, 0x00, 0x1E, 0x35, 0x27,
	0x16, 0x16, 0x27, 0x35, 0x1E, 0x04, 0x00, 0x00, 0x00, 0x01, 0x00, 0x00,
	0x00, 0x00, 0x04, 0xDF, 0x05, 0x9A, 0x00, 0x0B, 0x00, 0x00, 0x29, 0x01,
	0x09, 0x01, 0x21, 0x09, 0x01, 0x21, 0x09, 0x01, 0x21, 0x01, 0x04, 0xDF,
	0xFE, 0xA4, 0xFE, 0xEC, 0xFE, 0xEB, 0xFE, 0xA6, 0x01, 0xB8, 0xFE, 0x48,
	0x01, 0x5A, 0x01, 0x15, 0x01, 0x14, 0x01, 0x5C, 0xFE, 0x48, 0x01, 0xCF,
	0xFE, 0x31, 0x02, 0xCD, 0x02, 0xCD, 0xFE, 0x31, 0x01, 0xCF, 0xFD, 0x33,
	0x00, 0x01, 0x00, 0x3D, 0x00, 0x00, 0x04, 0xB8, 0x05, 0x9A, 0x00, 0x1C,
	0x00, 0x00, 0x29, 0x01, 0x11, 0x2E, 0x03, 0x35, 0x11, 0x21, 0x11, 0x14,
	0x1E, 0x02, 0x33, 0x32, 0x3E, 0x02, 0x35, 0x11, 0x21, 0x11, 0x14, 0x0E,
	0x02, 0x07, 0x03, 0x0A, 0xFE, 0xE2, 0x5F, 0x9F, 0x72, 0x3F, 0x01, 0x1F,
	0x2D, 0x4E, 0x69, 0x3B, 0x3B, 0x69, 0x4E, 0x2D, 0x01, 0x1E, 0x3F, 0x72,
	0x9E, 0x5F, 0x01, 0xC1, 0x18, 0x6A, 0x93, 0xB3, 0x63, 0x01, 0xAE, 0xFE,
	0x52, 0x3B, 0x69, 0x4E, 0x2D, 0x2D, 0x4E, 0x69, 0x3B, 0x01, 0xAE, 0xFE,
	0x52, 0x63, 0xB3, 0x93, 0x6A, 0x18, 0x00, 0x01, 0x00, 0x2F, 0x00, 0x00,
	0x04, 0x85, 0x05, 0x9A, 0x00, 0x07, 0x00, 0x00, 0x29, 0x01, 0x01, 0x21,
	0x11, 0x21, 0x01, 0x21, 0x04, 0x85, 0xFB, 0xAA, 0x02, 0x64, 0xFD, 0x9C,
	0x04, 0x56, 0xFD, 0x9E, 0x02, 0x62, 0x04, 0x7B, 0x01, 0x1F, 0xFB, 0x85,
	0x00, 0x01, 0x00, 0x81, 0xFF, 0x33, 0x02, 0xC1, 0x06, 0x66, 0x00, 0x07,
	0x00, 0x00, 0x25, 0x21, 0x11, 0x21, 0x11, 0x21, 0x11, 0x21, 0x01, 0xA2,
	0x01, 0x1F, 0xFD, 0xC0, 0x02, 0x40, 0xFE, 0xE1, 0x52, 0xFE, 0xE1, 0x07,
	0x33, 0xFE, 0xE2, 0x00, 0x00, 0x01, 0x00, 0x39, 0x00, 0x00, 0x03, 0xB2,
	0x05, 0x9A, 0x00, 0x03, 0x00, 0x00, 0x29, 0x01, 0x01, 0x21, 0x03, 0xB2,
	0xFE, 0xD9, 0xFD, 0xAE, 0x01, 0x27, 0x05, 0x9A, 0x00, 0x01, 0x00, 0x4C,
	0xFF, 0x33, 0x02, 0x8B, 0x06, 0x66, 0x00, 0x07, 0x00, 0x00, 0x05, 0x21,
	0x11, 0x21, 0x11, 0x21, 0x11, 0x21, 0x02, 0x8B, 0xFD, 0xC1, 0x01, 0x1E,
	0xFE, 0xE2, 0x02, 0x3F, 0xCD, 0x01, 0x1F, 0x04, 0xF6, 0x01, 0x1E, 0x00,
	0x00, 0x02, 0x00, 0x2F, 0xFF, 0xEC, 0x04, 0x75, 0x04, 0x58, 0x00, 0x18,
	0x00, 0x2C, 0x00, 0x00, 0x21, 0x23, 0x27, 0x0E, 0x03, 0x23, 0x22, 0x2E,
	0x02, 0x35, 0x34, 0x3E, 0x02, 0x33, 0x32, 0x1E, 0x02, 0x17, 0x37, 0x33,
	0x01, 0x34, 0x2E, 0x02, 0x23, 0x22, 0x0E, 0x02, 0x15, 0x14, 0x1E, 0x02,
	0x33, 0x32, 0x3E, 0x02, 0x04, 0x75, 0x42, 0x6A, 0x27, 0x57, 0x60, 0x65,
	0x34, 0x71, 0xC7, 0x95, 0x56, 0x56, 0x95, 0xC7, 0x71, 0x34, 0x66, 0x60,
	0x57, 0x26, 0x6A, 0x42, 0xFE, 0xED, 0x2B, 0x4A, 0x63, 0x38, 0x38, 0x63,
	0x49, 0x2A, 0x2A, 0x49, 0x63, 0x38, 0x38, 0x63, 0x4A, 0x2B, 0x93, 0x23,
	0x3D, 0x2D, 0x1A, 0x4C, 0x91, 0xD2, 0x86, 0x7D, 0xD1, 0x96, 0x53, 0x1A,
	0x2E, 0x3E, 0x24, 0x7F, 0xFD, 0xF4, 0x38, 0x69, 0x51, 0x31, 0x26, 0x4A,
	0x6D, 0x46, 0x46, 0x6D, 0x4A, 0x26, 0x31, 0x51, 0x69, 0x00, 0x00, 0x02,
	0x00, 0x52, 0xFF, 0xEC, 0x04, 0x98, 0x05, 0xD9, 0x00, 0x16, 0x00, 0x2A,
	0x00, 0x00, 0x01, 0x14, 0x0E, 0x02, 0x23, 0x22, 0x2E, 0x02, 0x35, 0x11,
	0x21, 0x11, 0x3E, 0x03, 0x33, 0x32, 0x1E, 0x02, 0x05, 0x34, 0x2E, 0x02,
	0x23, 0x22, 0x0E, 0x02, 0x15, 0x14, 0x1E, 0x02, 0x33, 0x32, 0x3E, 0x02,
	0x04, 0x98, 0x56, 0x94, 0xC7, 0x72, 0x71, 0xC7, 0x95, 0x56, 0x01, 0x12,
	0x16, 0x3F, 0x49, 0x4E, 0x25, 0x72, 0xC7, 0x94, 0x56, 0xFE, 0xED, 0x2B,
	0x4A, 0x63, 0x38, 0x38, 0x63, 0x4A, 0x2A, 0x2A, 0x4A, 0x63, 0x38, 0x38,
	0x63, 0x4A, 0x2B, 0x02, 0x21, 0x7E, 0xD0, 0x95, 0x52, 0x54, 0x96, 0xCF,
	0x7C, 0x03, 0xB8, 0xFE, 0x0C, 0x1C, 0x2C, 0x1C, 0x0F, 0x55, 0x98, 0xCF,
	0x7B, 0x3E, 0x6B, 0x4E, 0x2C, 0x31, 0x51, 0x69, 0x38, 0x3E, 0x6A, 0x4E,
	0x2D, 0x2D, 0x4E, 0x6A, 0x00, 0x01, 0x00, 0x2D, 0xFF, 0xEC, 0x04, 0x10,
	0x04, 0x58, 0x00, 0x29, 0x00, 0x00, 0x01, 0x07, 0x2E, 0x03, 0x23, 0x22,
	0x0E, 0x02, 0x15, 0x14, 0x1E, 0x02, 0x33, 0x32, 0x3E, 0x02, 0x37, 0x17,
	0x0E, 0x03, 0x23, 0x22, 0x2E, 0x02, 0x35, 0x34, 0x3E, 0x02, 0x33, 0x32,
	0x1E, 0x02, 0x04, 0x10, 0xC8, 0x0F, 0x34, 0x41, 0x4C, 0x28, 0x38, 0x63,
	0x49, 0x2A, 0x2A, 0x49, 0x63, 0x38, 0x28, 0x4A, 0x41, 0x33, 0x10, 0xC8,
	0x26, 0x63, 0x73, 0x7F, 0x43, 0x71, 0xC7, 0x95, 0x56, 0x56, 0x95, 0xC7,
	0x71, 0x43, 0x81, 0x75, 0x63, 0x03, 0x5A, 0xC9, 0x2A, 0x43, 0x2E, 0x18,
	0x2E, 0x53, 0x72, 0x45, 0x38, 0x62, 0x4A, 0x2A, 0x16, 0x29, 0x3B, 0x24,
	0xC9, 0x36, 0x56, 0x3C, 0x1F, 0x55, 0x94, 0xC6, 0x71, 0x7B, 0xD6, 0x9F,
	0x5C, 0x22, 0x41, 0x5E, 0x00, 0x02, 0x00, 0x2D, 0xFF, 0xEC, 0x04, 0x73,
	0x05, 0xD9, 0x00, 0x18, 0x00, 0x2C, 0x00, 0x00, 0x21, 0x23, 0x27, 0x0E,
	0x03, 0x23, 0x22, 0x2E, 0x02, 0x35, 0x34, 0x3E, 0x02, 0x33, 0x32, 0x1E,
	0x02, 0x17, 0x11, 0x21, 0x01, 0x34, 0x2E, 0x02, 0x23, 0x22, 0x0E, 0x02,
	0x15, 0x14, 0x1E, 0x02, 0x33, 0x32, 0x3E, 0x02, 0x04, 0x73, 0x42, 0x6A,
	0x27, 0x57, 0x60, 0x65, 0x34, 0x71, 0xC7, 0x95, 0x56, 0x56, 0x95, 0xC7,
	0x71, 0x24, 0x4D, 0x49, 0x40, 0x16, 0x01, 0x13, 0xFE, 0xED, 0x2B, 0x4A,
	0x63, 0x38, 0x38, 0x63, 0x49, 0x2A, 0x2A, 0x49, 0x63, 0x38, 0x38, 0x63,
	0x4A, 0x2B, 0x93, 0x23, 0x3D, 0x2D, 0x1A, 0x55, 0x97, 0xCF, 0x7A, 0x79,
	0xD0, 0x98, 0x56, 0x0C, 0x1B, 0x2C, 0x20, 0x01, 0xF4, 0xFC, 0x48, 0x38,
	0x69, 0x51, 0x31, 0x28, 0x4B, 0x6C, 0x44, 0x3B, 0x6A, 0x50, 0x2E, 0x31,
	0x51, 0x69, 0x00, 0x02, 0x00, 0x2F, 0xFF, 0xEC, 0x04, 0x12, 0x04, 0x58,
	0x00, 0x1D, 0x00, 0x2B, 0x00, 0x00, 0x01, 0x1E, 0x01, 0x33, 0x32, 0x3E,
	0x02, 0x37, 0x17, 0x0E, 0x03, 0x23, 0x22, 0x2E, 0x02, 0x35, 0x34, 0x3E,
	0x02, 0x33, 0x32, 0x1E, 0x02, 0x17, 0x05, 0x2E, 0x01, 0x23, 0x22, 0x0E,
	0x02, 0x15, 0x14, 0x1E, 0x02, 0x17, 0x02, 0x12, 0x10, 0x20, 0x10, 0x28,
	0x4A, 0x41, 0x33, 0x10, 0xC8, 0x26, 0x63, 0x73, 0x7F, 0x43, 0x71, 0xC7,
	0x95, 0x56, 0x56, 0x95, 0xC7, 0x71, 0x43, 0x80, 0x73, 0x64, 0x26, 0xFE,
	0x8C, 0x13, 0x25, 0x14, 0x38, 0x63, 0x49, 0x2A, 0x03, 0x07, 0x0A, 0x08,
	0x01, 0x06, 0x05, 0x03, 0x16, 0x29, 0x3B, 0x24, 0xC9, 0x36, 0x56, 0x3C,
	0x1F, 0x54, 0x96, 0xCF, 0x7C, 0x7F, 0xD2, 0x94, 0x52, 0x20, 0x3C, 0x57,
	0x36, 0x36, 0x07, 0x04, 0x29, 0x4C, 0x6B, 0x43, 0x0F, 0x26, 0x27, 0x24,
	0x0E, 0x00, 0x00, 0x01, 0x00, 0x2D, 0x00, 0x00, 0x03, 0x5E, 0x06, 0x3F,
	0x00, 0x17, 0x00, 0x00, 0x29, 0x01, 0x11, 0x23, 0x11, 0x33, 0x35, 0x34,
	0x3E, 0x02, 0x3B, 0x01, 0x11, 0x23, 0x22, 0x0E, 0x02, 0x1D, 0x01, 0x21,
	0x11, 0x21, 0x01, 0xC3, 0xFE, 0xEF, 0x85, 0x85, 0x4B, 0x83, 0xAE, 0x63,
	0xCD, 0xCD, 0x2C, 0x4B, 0x37, 0x20, 0x01, 0x4F, 0xFE, 0xB1, 0x03, 0x1F,
	0x01, 0x10, 0x33, 0x63, 0xAE, 0x81, 0x4B, 0xFE, 0xF0, 0x1F, 0x37, 0x4B,
	0x2C, 0x33, 0xFE, 0xF0, 0x00, 0x02, 0x00, 0x2F, 0xFE, 0x66, 0x04, 0x75,
	0x04, 0x58, 0x00, 0x13, 0x00, 0x37, 0x00, 0x00, 0x01, 0x34, 0x2E, 0x02,
	0x23, 0x22, 0x0E, 0x02, 0x15, 0x14, 0x1E, 0x02, 0x33, 0x32, 0x3E, 0x02,
	0x01, 0x14, 0x0E, 0x02, 0x23, 0x27, 0x11, 0x17, 0x32, 0x3E, 0x02, 0x37,
	0x0E, 0x03, 0x23, 0x22, 0x2E, 0x02, 0x35, 0x34, 0x3E, 0x02, 0x33, 0x32,
	0x1E, 0x02, 0x17, 0x37, 0x33, 0x03, 0x62, 0x2B, 0x4A, 0x63, 0x38, 0x38,
	0x63, 0x49, 0x2A, 0x2A, 0x49, 0x63, 0x38, 0x38, 0x63, 0x4A, 0x2B, 0x01,
	0x13, 0x56, 0x95, 0xC7, 0x71, 0x89, 0x87, 0x40, 0x5A, 0x3E, 0x25, 0x0B,
	0x10, 0x3C, 0x49, 0x4F, 0x22, 0x71, 0xC7, 0x95, 0x56, 0x56, 0x95, 0xC7,
	0x71, 0x34, 0x66, 0x60, 0x57, 0x26, 0x6A, 0x42, 0x02, 0x21, 0x38, 0x69,
	0x51, 0x31, 0x26, 0x4A, 0x6D, 0x46, 0x43, 0x6B, 0x4C, 0x29, 0x31, 0x51,
	0x69, 0xFE, 0x9E, 0x71, 0xC6, 0x94, 0x56, 0x02, 0x01, 0x11, 0x02, 0x21,
	0x39, 0x4A, 0x29, 0x1A, 0x21, 0x15, 0x08, 0x4E, 0x91, 0xD2, 0x84, 0x79,
	0xD0, 0x98, 0x56, 0x1A, 0x2E, 0x3E, 0x24, 0x7F, 0x00, 0x01, 0x00, 0x68,
	0x00, 0x00, 0x04, 0x25, 0x05, 0xD9, 0x00, 0x1A, 0x00, 0x00, 0x29, 0x01,
	0x11, 0x21, 0x11, 0x3E, 0x01, 0x33, 0x32, 0x1E, 0x02, 0x15, 0x11, 0x21,
	0x11, 0x33, 0x34, 0x2E, 0x02, 0x23, 0x22, 0x0E, 0x02, 0x15, 0x01, 0x79,
	0xFE, 0xEF, 0x01, 0x11, 0x31, 0x68, 0x36, 0x63, 0xAE, 0x81, 0x4B, 0xFE,
	0xED, 0x02, 0x20, 0x38, 0x4A, 0x2A, 0x2B, 0x4C, 0x38, 0x20, 0x05, 0xD9,
	0xFE, 0x27, 0x25, 0x1F, 0x4B, 0x83, 0xAF, 0x63, 0xFD, 0x9C, 0x02, 0x64,
	0x2A, 0x4B, 0x38, 0x20, 0x20, 0x38, 0x4B, 0x2A, 0x00, 0x02, 0x00, 0x3B,
	0x00, 0x00, 0x01, 0xAA, 0x06, 0x08, 0x00, 0x13, 0x00, 0x17, 0x00, 0x00,
	0x01, 0x14, 0x0E, 0x02, 0x23, 0x22, 0x2E, 0x02, 0x35, 0x34, 0x3E, 0x02,
	0x33, 0x32, 0x1E, 0x02, 0x03, 0x21, 0x11, 0x21, 0x01, 0xAA, 0x1D, 0x32,
	0x43, 0x26, 0x26, 0x43, 0x31, 0x1D, 0x1D, 0x31, 0x43, 0x26, 0x26, 0x43,
	0x32, 0x1D, 0x2F, 0xFE, 0xED, 0x01, 0x13, 0x05, 0x52, 0x26, 0x42, 0x31,
	0x1D, 0x1D, 0x31, 0x42, 0x26, 0x25, 0x43, 0x31, 0x1D, 0x1D, 0x31, 0x43,
	0xFA, 0x89, 0x04, 0x2F, 0x00, 0x02, 0xFE, 0xD1, 0xFE, 0x68, 0x01, 0xAE,
	0x06, 0x08, 0x00, 0x13, 0x00, 0x26, 0x00, 0x00, 0x01, 0x14, 0x0E, 0x02,
	0x23, 0x22, 0x2E, 0x02, 0x35, 0x34, 0x3E, 0x02, 0x33, 0x32, 0x1E, 0x02,
	0x01, 0x11, 0x17, 0x32, 0x3E, 0x02, 0x35, 0x11, 0x21, 0x11, 0x23, 0x0E,
	0x05, 0x23, 0x01, 0xAE, 0x1D, 0x31, 0x43, 0x25, 0x27, 0x43, 0x32, 0x1D,
	0x1D, 0x32, 0x43, 0x27, 0x25, 0x43, 0x31, 0x1D, 0xFD, 0x23, 0x97, 0x37,
	0x5E, 0x45, 0x28, 0x01, 0x17, 0x02, 0x01, 0x27, 0x48, 0x64, 0x79, 0x8B,
	0x4B, 0x05, 0x52, 0x26, 0x42, 0x31, 0x1D, 0x1D, 0x31, 0x42, 0x26, 0x25,
	0x43, 0x31, 0x1D, 0x1D, 0x31, 0x43, 0xF8, 0xF1, 0x01, 0x13, 0x02, 0x2D,
	0x4B, 0x62, 0x36, 0x03, 0xA6, 0xFC, 0x5A, 0x4B, 0x8C, 0x79, 0x63, 0x47,
	0x27, 0x00, 0x00, 0x01, 0x00, 0x68, 0x00, 0x00, 0x04, 0x4C, 0x05, 0xD9,
	0x00, 0x0B, 0x00, 0x00, 0x29, 0x01, 0x11, 0x21, 0x11, 0x01, 0x21, 0x09,
	0x01, 0x21, 0x03, 0x07, 0x01, 0x7B, 0xFE, 0xED, 0x01, 0x13, 0x01, 0x97,
	0x01, 0x3A, 0xFE, 0x9D, 0x01, 0x63, 0xFE, 0xC6, 0xD9, 0xBE, 0x05, 0xD9,
	0xFC, 0x50, 0x02, 0x04, 0xFE, 0x42, 0xFD, 0x91, 0x01, 0x85, 0xFC, 0x00,
	0x00, 0x01, 0x00, 0x68, 0x00, 0x00, 0x01, 0x7B, 0x05, 0xD9, 0x00, 0x03,
	0x00, 0x00, 0x29, 0x01, 0x11, 0x21, 0x01, 0x7B, 0xFE, 0xED, 0x01, 0x13,
	0x05, 0xD9, 0x00, 0x01, 0x00, 0x68, 0x00, 0x00, 0x05, 0xBA, 0x04, 0x42,
	0x00, 0x2E, 0x00, 0x00, 0x29, 0x01, 0x11, 0x34, 0x2E, 0x02, 0x23, 0x22,
	0x0E, 0x02, 0x15, 0x11, 0x21, 0x11, 0x34, 0x2E, 0x02, 0x23, 0x22, 0x0E,
	0x02, 0x15, 0x11, 0x21, 0x11, 0x33, 0x17, 0x3E, 0x01, 0x33, 0x32, 0x16,
	0x17, 0x3E, 0x03, 0x33, 0x32, 0x1E, 0x02, 0x15, 0x05, 0xBA, 0xFE, 0xF0,
	0x15, 0x26, 0x32, 0x1C, 0x1C, 0x31, 0x25, 0x15, 0xFE, 0xEF, 0x15, 0x26,
	0x32, 0x1C, 0x1C, 0x31, 0x25, 0x15, 0xFE, 0xEF, 0x42, 0x4A, 0x39, 0x89,
	0x4A, 0x4B, 0x8F, 0x36, 0x19, 0x40, 0x47, 0x4C, 0x25, 0x55, 0x95, 0x6F,
	0x40, 0x02, 0xA8, 0x1C, 0x32, 0x26, 0x15, 0x15, 0x26, 0x32, 0x1C, 0xFD,
	0x58, 0x02, 0xA8, 0x1C, 0x32, 0x26, 0x15, 0x15, 0x26, 0x32, 0x1C, 0xFD,
	0x58, 0x04, 0x2F, 0x52, 0x30, 0x35, 0x38, 0x45, 0x22, 0x30, 0x1E, 0x0D,
	0x40, 0x6F, 0x96, 0x55, 0x00, 0x01, 0x00, 0x68, 0x00, 0x00, 0x04, 0x25,
	0x04, 0x44, 0x00, 0x19, 0x00, 0x00, 0x29, 0x01, 0x11, 0x33, 0x17, 0x3E,
	0x01, 0x33, 0x32, 0x1E, 0x02, 0x15, 0x11, 0x21, 0x11, 0x34, 0x2E, 0x02,
	0x23, 0x22, 0x0E, 0x02, 0x15, 0x01, 0x79, 0xFE, 0xEF, 0x42, 0x5A, 0x42,
	0xA7, 0x5B, 0x62, 0xAE, 0x82, 0x4B, 0xFE, 0xEF, 0x20, 0x38, 0x4A, 0x2A,
	0x2B, 0x4C, 0x38, 0x20, 0x04, 0x2F, 0x68, 0x3C, 0x41, 0x4B, 0x83, 0xAF,
	0x63, 0xFD, 0x9C, 0x02, 0x64, 0x2A, 0x4B, 0x38, 0x20, 0x20, 0x38, 0x4B,
	0x2A, 0x00, 0x00, 0x02, 0x00, 0x2D, 0xFF, 0xEC, 0x04, 0x73, 0x04, 0x58,
	0x00, 0x13, 0x00, 0x27, 0x00, 0x00, 0x01, 0x14, 0x0E, 0x02, 0x23, 0x22,
	0x2E, 0x02, 0x35, 0x34, 0x3E, 0x02, 0x33, 0x32, 0x1E, 0x02, 0x05, 0x34,
	0x2E, 0x02, 0x23, 0x22, 0x0E, 0x02, 0x15, 0x14, 0x1E, 0x02, 0x33, 0x32,
	0x3E, 0x02, 0x04, 0x73, 0x56, 0x94, 0xC7, 0x72, 0x71, 0xC7, 0x95, 0x56,
	0x56, 0x95, 0xC7, 0x71, 0x72, 0xC7, 0x94, 0x56, 0xFE, 0xED, 0x2B, 0x4A,
	0x63, 0x38, 0x38, 0x63, 0x49, 0x2A, 0x2A, 0x49, 0x63, 0x38, 0x38, 0x63,
	0x4A, 0x2B, 0x02, 0x21, 0x78, 0xCF, 0x97, 0x57, 0x57, 0x97, 0xCF, 0x78,
	0x7A, 0xD0, 0x97, 0x56, 0x51, 0x95, 0xD1, 0x80, 0x42, 0x6B, 0x4D, 0x29,
	0x29, 0x4D, 0x6B, 0x42, 0x3E, 0x6A, 0x4E, 0x2D, 0x2A, 0x4C, 0x6C, 0x00,
	0x00, 0x02, 0x00, 0x68, 0xFE, 0x68, 0x04, 0xB0, 0x04, 0x56, 0x00, 0x18,
	0x00, 0x2C, 0x00, 0x00, 0x01, 0x21, 0x11, 0x33, 0x17, 0x3E, 0x03, 0x33,
	0x32, 0x1E, 0x02, 0x15, 0x14, 0x0E, 0x02, 0x23, 0x22, 0x2E, 0x02, 0x27,
	0x01, 0x34, 0x2E, 0x02, 0x23, 0x22, 0x0E, 0x02, 0x15, 0x14, 0x1E, 0x02,
	0x33, 0x32, 0x3E, 0x02, 0x01, 0x7B, 0xFE, 0xED, 0x42, 0x6D, 0x25, 0x58,
	0x5F, 0x66, 0x34, 0x71, 0xC7, 0x95, 0x56, 0x56, 0x95, 0xC7, 0x71, 0x24,
	0x47, 0x45, 0x43, 0x1F, 0x02, 0x23, 0x2B, 0x4A, 0x64, 0x38, 0x38, 0x63,
	0x4A, 0x2B, 0x2B, 0x4A, 0x63, 0x38, 0x38, 0x64, 0x4A, 0x2B, 0xFE, 0x68,
	0x05, 0xC7, 0x81, 0x23, 0x3E, 0x2D, 0x1A, 0x51, 0x94, 0xD1, 0x7F, 0x84,
	0xD3, 0x93, 0x4E, 0x10, 0x1B, 0x22, 0x12, 0x01, 0xD9, 0x44, 0x6C, 0x4B,
	0x28, 0x28, 0x4B, 0x6C, 0x44, 0x41, 0x6C, 0x4C, 0x2A, 0x2A, 0x4C, 0x6C,
	0x00, 0x02, 0x00, 0x2F, 0xFE, 0x68, 0x04, 0x75, 0x04, 0x56, 0x00, 0x18,
	0x00, 0x2C, 0x00, 0x00, 0x01, 0x21, 0x11, 0x0E, 0x03, 0x23, 0x22, 0x2E,
	0x02, 0x35, 0x34, 0x3E, 0x02, 0x33, 0x32, 0x1E, 0x02, 0x17, 0x37, 0x33,
	0x01, 0x34, 0x2E, 0x02, 0x23, 0x22, 0x0E, 0x02, 0x15, 0x14, 0x1E, 0x02,
	0x33, 0x32, 0x3E, 0x02, 0x04, 0x75, 0xFE, 0xED, 0x1F, 0x41, 0x45, 0x47,
	0x24, 0x71, 0xC7, 0x95, 0x56, 0x56, 0x95, 0xC7, 0x71, 0x34, 0x65, 0x60,
	0x57, 0x27, 0x6A, 0x42, 0xFE, 0xED, 0x2B, 0x4A, 0x63, 0x38, 0x38, 0x63,
	0x49, 0x2A, 0x2A, 0x49, 0x63, 0x38, 0x38, 0x63, 0x4A, 0x2B, 0xFE, 0x68,
	0x01, 0xE0, 0x12, 0x22, 0x1B, 0x10, 0x53, 0x96, 0xD1, 0x7E, 0x7F, 0xD1,
	0x94, 0x51, 0x1A, 0x2D, 0x3E, 0x23, 0x7F, 0xFD, 0xF4, 0x38, 0x69, 0x51,
	0x31, 0x29, 0x4C, 0x6B, 0x43, 0x45, 0x6D, 0x4A, 0x27, 0x31, 0x51, 0x69,
	0x00, 0x01, 0x00, 0x68, 0x00, 0x00, 0x03, 0x39, 0x04, 0x2F, 0x00, 0x0F,
	0x00, 0x00, 0x29, 0x01, 0x11, 0x33, 0x17, 0x3E, 0x01, 0x3B, 0x01, 0x11,
	0x23, 0x22, 0x0E, 0x02, 0x15, 0x01, 0x79, 0xFE, 0xEF, 0x42, 0x5A, 0x42,
	0xA8, 0x5A, 0xF1, 0xF1, 0x2B, 0x4C, 0x38, 0x20, 0x04, 0x2F, 0x7F, 0x3C,
	0x41, 0xFE, 0xF0, 0x20, 0x38, 0x4C, 0x2B, 0x00, 0x00, 0x01, 0x00, 0x44,
	0x00, 0x00, 0x04, 0x08, 0x04, 0x2D, 0x00, 0x27, 0x00, 0x00, 0x29, 0x01,
	0x11, 0x21, 0x32, 0x36, 0x35, 0x34, 0x26, 0x23, 0x21, 0x22, 0x2E, 0x02,
	0x35, 0x34, 0x3E, 0x02, 0x33, 0x21, 0x11, 0x21, 0x22, 0x06, 0x15, 0x14,
	0x16, 0x33, 0x21, 0x32, 0x1E, 0x02, 0x15, 0x14, 0x0E, 0x02, 0x02, 0xB4,
	0xFD, 0x90, 0x02, 0x70, 0x1C, 0x28, 0x28, 0x1C, 0xFE, 0xE4, 0x47, 0x7C,
	0x5C, 0x35, 0x35, 0x5C, 0x7C, 0x47, 0x02, 0x29, 0xFD, 0xD7, 0x1C, 0x28,
	0x28, 0x1C, 0x01, 0x1C, 0x46, 0x7C, 0x5C, 0x36, 0x36, 0x5C, 0x7C, 0x01,
	0x10, 0x28, 0x1C, 0x1D, 0x12, 0x36, 0x5D, 0x7C, 0x47, 0x47, 0x7C, 0x5C,
	0x35, 0xFE, 0xF0, 0x28, 0x1C, 0x1D, 0x29, 0x2F, 0x54, 0x76, 0x46, 0x47,
	0x7B, 0x5D, 0x35, 0x00, 0x00, 0x01, 0x00, 0x1D, 0x00, 0x00, 0x03, 0x50,
	0x05, 0xD9, 0x00, 0x17, 0x00, 0x00, 0x21, 0x22, 0x2E, 0x02, 0x35, 0x11,
	0x23, 0x11, 0x33, 0x11, 0x21, 0x11, 0x21, 0x11, 0x21, 0x11, 0x14, 0x1E,
	0x02, 0x3B, 0x01, 0x11, 0x02, 0x81, 0x63, 0xAE, 0x83, 0x4B, 0x85, 0x85,
	0x01, 0x10, 0x01, 0x9E, 0xFE, 0x62, 0x20, 0x38, 0x4C, 0x2B, 0xCF, 0x4B,
	0x83, 0xAE, 0x63, 0x01, 0x3E, 0x01, 0x10, 0x01, 0xAC, 0xFE, 0x54, 0xFE,
	0xF0, 0xFE, 0xC2, 0x2B, 0x4B, 0x38, 0x21, 0xFE, 0xF0, 0x00, 0x00, 0x01,
	0x00, 0x5A, 0xFF, 0xEC, 0x04, 0x17, 0x04, 0x2F, 0x00, 0x1B, 0x00, 0x00,
	0x25, 0x0E, 0x03, 0x23, 0x22, 0x2E, 0x02, 0x35, 0x11, 0x21, 0x11, 0x14,
	0x1E, 0x02, 0x33, 0x32, 0x3E, 0x02, 0x35, 0x11, 0x21, 0x11, 0x23, 0x03,
	0x7B, 0x21, 0x4B, 0x52, 0x57, 0x2D, 0x63, 0xAE, 0x83, 0x4B, 0x01, 0x10,
	0x21, 0x38, 0x4B, 0x2B, 0x2A, 0x4B, 0x38, 0x20, 0x01, 0x11, 0x42, 0x7D,
	0x1E, 0x35, 0x27, 0x17, 0x46, 0x81, 0xB9, 0x73, 0x02, 0x50, 0xFD, 0xB0,
	0x36, 0x55, 0x3A, 0x1E, 0x27, 0x40, 0x51, 0x2B, 0x02, 0x50, 0xFB, 0xD1,
	0x00, 0x01, 0x00, 0x00, 0x00, 0x00, 0x04, 0x42, 0x04, 0x2F, 0x00, 0x06,
	0x00, 0x00, 0x21, 0x01, 0x21, 0x1B, 0x01, 0x21, 0x01, 0x01, 0x98, 0xFE,
	0x68, 0x01, 0x37, 0xEA, 0xE9, 0x01, 0x38, 0xFE, 0x68, 0x04, 0x2F, 0xFD,
	0x64, 0x02, 0x9C, 0xFB, 0xD1, 0x00, 0x00, 0x01, 0x00, 0x5E, 0xFF, 0xEC,
	0x05, 0xB0, 0x04, 0x2D, 0x00, 0x2C, 0x00, 0x00, 0x01, 0x14, 0x0E, 0x02,
	0x23, 0x22, 0x26, 0x27, 0x0E, 0x01, 0x23, 0x22, 0x2E, 0x02, 0x35, 0x11,
	0x21, 0x11, 0x14, 0x1E, 0x02, 0x33, 0x32, 0x3E, 0x02, 0x35, 0x11, 0x21,
	0x11, 0x14, 0x1E, 0x02, 0x33, 0x32, 0x3E, 0x02, 0x35, 0x11, 0x21, 0x05,
	0xB0, 0x40, 0x6F, 0x95, 0x55, 0x4C, 0x8C, 0x39, 0x38, 0x8B, 0x4D, 0x55,
	0x94, 0x6F, 0x40, 0x01, 0x11, 0x15, 0x25, 0x31, 0x1C, 0x1C, 0x32, 0x26,
	0x15, 0x01, 0x10, 0x16, 0x25, 0x31, 0x1C, 0x1C, 0x32, 0x25, 0x16, 0x01,
	0x10, 0x01, 0x83, 0x54, 0x95, 0x6E, 0x40, 0x35, 0x33, 0x33, 0x35, 0x40,
	0x6E, 0x95, 0x54, 0x02, 0xAA, 0xFD, 0x56, 0x1C, 0x31, 0x25, 0x15, 0x15,
	0x25, 0x31, 0x1C, 0x02, 0xAA, 0xFD, 0x56, 0x1C, 0x31, 0x25, 0x15, 0x15,
	0x25, 0x31, 0x1C, 0x02, 0xAA, 0x00, 0x00, 0x01, 0xFF, 0xFA, 0x00, 0x00,
	0x04, 0x42, 0x04, 0x35, 0x00, 0x0B, 0x00, 0x00, 0x29, 0x01, 0x0B, 0x01,
	0x21, 0x09, 0x01, 0x21, 0x1B, 0x01, 0x21, 0x01, 0x04, 0x42, 0xFE, 0xB2,
	0xD5, 0xD7, 0xFE, 0xB2, 0x01, 0x87, 0xFE, 0x79, 0x01, 0x4E, 0xD7, 0xD5,
	0x01, 0x4E, 0xFE, 0x78, 0x01, 0x48, 0xFE, 0xB8, 0x02, 0x25, 0x02, 0x10,
	0xFE, 0xCD, 0x01, 0x33, 0xFD, 0xF0, 0x00, 0x01, 0x00, 0x5A, 0xFE, 0x66,
	0x04, 0x19, 0x04, 0x2F, 0x00, 0x24, 0x00, 0x00, 0x01, 0x11, 0x17, 0x32,
	0x3E, 0x02, 0x37, 0x0E, 0x01, 0x23, 0x22, 0x2E, 0x02, 0x35, 0x11, 0x21,
	0x11, 0x14, 0x1E, 0x02, 0x33, 0x32, 0x3E, 0x02, 0x35, 0x11, 0x21, 0x11,
	0x0E, 0x03, 0x23, 0x01, 0x6A, 0x98, 0x28, 0x4A, 0x3F, 0x30, 0x0F, 0x2D,
	0x5D, 0x2F, 0x63, 0xAE, 0x83, 0x4B, 0x01, 0x10, 0x21, 0x38, 0x4B, 0x2B,
	0x2A, 0x4B, 0x38, 0x20, 0x01, 0x13, 0x01, 0x56, 0x95, 0xC6, 0x71, 0xFE,
	0x68, 0x01, 0x13, 0x02, 0x1A, 0x2E, 0x3F, 0x25, 0x13, 0x26, 0x46, 0x81,
	0xB9, 0x73, 0x02, 0x50, 0xFD, 0xB0, 0x39, 0x55, 0x39, 0x1C, 0x27, 0x40,
	0x51, 0x2B, 0x02, 0x50, 0xFC, 0x58, 0x71, 0xC6, 0x94, 0x56, 0x00, 0x01,
	0x00, 0x2F, 0x00, 0x00, 0x03, 0xAC, 0x04, 0x2D, 0x00, 0x07, 0x00, 0x00,
	0x29, 0x01, 0x01, 0x21, 0x11, 0x21, 0x01, 0x21, 0x03, 0xAC, 0xFC, 0x83,
	0x01, 0xC3, 0xFE, 0x3D, 0x03, 0x7D, 0xFE, 0x3D, 0x01, 0xC3, 0x03, 0x1D,
	0x01, 0x10, 0xFC, 0xE3, 0x00, 0x01, 0x00, 0x81, 0xFF, 0x33, 0x01, 0xA2,
	0x06, 0x66, 0x00, 0x03, 0x00, 0x00, 0x05, 0x21, 0x11, 0x21, 0x01, 0xA2,
	0xFE, 0xDF, 0x01, 0x21, 0xCD, 0x07, 0x33, 0x00, 0x00, 0x01, 0x00, 0x42,
	0xFF, 0x33, 0x03, 0x37, 0x06, 0x66, 0x00, 0x0B, 0x00, 0x00, 0x01, 0x23,
	0x11, 0x21, 0x11, 0x23, 0x11, 0x33, 0x11, 0x21, 0x11, 0x33, 0x03, 0x37,
	0xE9, 0xFE, 0xDF, 0xEB, 0xEB, 0x01, 0x21, 0xE9, 0x03, 0xE5, 0xFB, 0x4E,
	0x04, 0xB2, 0x01, 0x11, 0x01, 0x70, 0xFE, 0x90, 0x00, 0x01, 0x00, 0x54,
	0xFF, 0x33, 0x03, 0x4A, 0x06, 0x66, 0x00, 0x13, 0x00, 0x00, 0x25, 0x23,
	0x11, 0x21, 0x11, 0x23, 0x11, 0x33, 0x11, 0x23, 0x11, 0x33, 0x11, 0x21,
	0x11, 0x33, 0x11, 0x23, 0x11, 0x33, 0x03, 0x4A, 0xEA, 0xFE, 0xDF, 0xEB,
	0xEB, 0xEB, 0xEB, 0x01, 0x21, 0xEA, 0xEA, 0xEA, 0xB2, 0xFE, 0x81, 0x01,
	0x7F, 0x01, 0x11, 0x02, 0x22, 0x01, 0x11, 0x01, 0x70, 0xFE, 0x90, 0xFE,
	0xEF, 0xFD, 0xDE, 0x00, 0x00, 0x01, 0x00, 0x62, 0xFF, 0xBA, 0x01, 0xB8,
	0x01, 0x10, 0x00, 0x13, 0x00, 0x00, 0x25, 0x14, 0x0E, 0x02, 0x23, 0x22,
	0x2E, 0x02, 0x35, 0x34, 0x3E, 0x02, 0x33, 0x32, 0x1E, 0x02, 0x01, 0xB8,
	0x1A, 0x2E, 0x3E, 0x24, 0x23, 0x3F, 0x2F, 0x1B, 0x1B, 0x2F, 0x3F, 0x23,
	0x24, 0x3E, 0x2E, 0x1A, 0x66, 0x24, 0x3F, 0x2E, 0x1B, 0x1B, 0x2E, 0x3F,
	0x24, 0x23, 0x3E, 0x2E, 0x1B, 0x1B, 0x2E, 0x3E, 0x00, 0x01, 0x00, 0x62,
	0xFE, 0xFA, 0x01, 0xB8, 0x01, 0x10, 0x00, 0x17, 0x00, 0x00, 0x25, 0x14,
	0x0E, 0x02, 0x07, 0x27, 0x3E, 0x01, 0x37, 0x2E, 0x03, 0x35, 0x34, 0x3E,
	0x02, 0x33, 0x32, 0x1E, 0x02, 0x01, 0xB8, 0x11, 0x25, 0x3B, 0x2A, 0x6D,
	0x1C, 0x1C, 0x08, 0x1E, 0x34, 0x26, 0x16, 0x1B, 0x2F, 0x3D, 0x23, 0x24,
	0x3F, 0x2F, 0x1A, 0x66, 0x2C, 0x65, 0x63, 0x59, 0x1F, 0x4C, 0x20, 0x39,
	0x1D, 0x06, 0x1E, 0x2D, 0x39, 0x20, 0x23, 0x3E, 0x2E, 0x1B, 0x1B, 0x2E,
	0x3E, 0x00, 0x00, 0x02, 0x00, 0x71, 0xFF, 0xBA, 0x01, 0xC7, 0x03, 0x4E,
	0x00, 0x13, 0x00, 0x27, 0x00, 0x00, 0x01, 0x14, 0x0E, 0x02, 0x23, 0x22,
	0x2E, 0x02, 0x35, 0x34, 0x3E, 0x02, 0x33, 0x32, 0x1E, 0x02, 0x11, 0x14,
	0x0E, 0x02, 0x23, 0x22, 0x2E, 0x02, 0x35, 0x34, 0x3E, 0x02, 0x33, 0x32,
	0x1E, 0x02, 0x01, 0xC7, 0x1B, 0x2E, 0x3E, 0x23, 0x24, 0x3E, 0x2F, 0x1B,
	0x1B, 0x2F, 0x3E, 0x24, 0x23, 0x3E, 0x2E, 0x1B, 0x1B, 0x2E, 0x3E, 0x23,
	0x24, 0x3E, 0x2F, 0x1B, 0x1B, 0x2F, 0x3E, 0x24, 0x23, 0x3E, 0x2E, 0x1B,
	0x02, 0xA4, 0x24, 0x3F, 0x2E, 0x1B, 0x1B, 0x2E, 0x3F, 0x24, 0x22, 0x3E,
	0x2F, 0x1B, 0x1B, 0x2F, 0x3E, 0xFD, 0xA0, 0x24, 0x3F, 0x2E, 0x1B, 0x1B,
	0x2E, 0x3F, 0x24, 0x23, 0x3E, 0x2E, 0x1B, 0x1B, 0x2E, 0x3E, 0x00, 0x02,
	0x00, 0x71, 0xFE, 0xFA, 0x01, 0xC7, 0x03, 0x4E, 0x00, 0x13, 0x00, 0x2B,
	0x00, 0x00, 0x01, 0x14, 0x0E, 0x02, 0x23, 0x22, 0x2E, 0x02, 0x35, 0x34,
	0x3E, 0x02, 0x33, 0x32, 0x1E, 0x02, 0x11, 0x14, 0x0E, 0x02, 0x07, 0x27,
	0x3E, 0x01, 0x37, 0x2E, 0x03, 0x35, 0x34, 0x3E, 0x02, 0x33, 0x32, 0x1E,
	0x02, 0x01, 0xC7, 0x1B, 0x2E, 0x3E, 0x23, 0x24, 0x3E, 0x2F, 0x1B, 0x1B,
	0x2F, 0x3E, 0x24, 0x23, 0x3E, 0x2E, 0x1B, 0x11, 0x25, 0x3C, 0x2A, 0x6D,
	0x1C, 0x1C, 0x08, 0x1E, 0x34, 0x25, 0x16, 0x1B, 0x2E, 0x3E, 0x23, 0x24,
	0x3F, 0x2E, 0x1B, 0x02, 0xA4, 0x24, 0x3F, 0x2E, 0x1B, 0x1B, 0x2E, 0x3F,
	0x24, 0x22, 0x3E, 0x2F, 0x1B, 0x1B, 0x2F, 0x3E, 0xFD, 0xA0, 0x2C, 0x65,
	0x63, 0x59, 0x1F, 0x4C, 0x20, 0x39, 0x1D, 0x06, 0x1E, 0x2D, 0x39, 0x20,
	0x23, 0x3E, 0x2E, 0x1B, 0x1B, 0x2E, 0x3E, 0x00, 0x00, 0x02, 0x00, 0x4E,
	0xFF, 0xD9, 0x04, 0xC7, 0x04, 0x52, 0x00, 0x40, 0x00, 0x4C, 0x00, 0x00,
	0x01, 0x34, 0x2E, 0x02, 0x23, 0x22, 0x0E, 0x02, 0x15, 0x14, 0x1E, 0x02,
	0x33, 0x32, 0x36, 0x37, 0x17, 0x0E, 0x01, 0x23, 0x22, 0x2E, 0x02, 0x35,
	0x34, 0x3E, 0x02, 0x33, 0x32, 0x1E, 0x02, 0x15, 0x14, 0x06, 0x07, 0x21,
	0x35, 0x0E, 0x01, 0x23, 0x22, 0x2E, 0x02, 0x35, 0x34, 0x3E, 0x02, 0x33,
	0x32, 0x16, 0x17, 0x35, 0x33, 0x11, 0x33, 0x3E, 0x01, 0x25, 0x14, 0x16,
	0x33, 0x32, 0x36, 0x35, 0x34, 0x26, 0x23, 0x22, 0x06, 0x04, 0x08, 0x3C,
	0x68, 0x8B, 0x4E, 0x4F, 0x8B, 0x67, 0x3C, 0x3C, 0x67, 0x8B, 0x4F, 0x17,
	0x35, 0x25, 0x2D, 0x30, 0x4B, 0x23, 0x74, 0xD0, 0x9D, 0x5C, 0x57, 0x99,
	0xD2, 0x7B, 0x7A, 0xD2, 0x99, 0x57, 0x1F, 0x23, 0xFE, 0x46, 0x17, 0x2C,
	0x0F, 0x39, 0x5D, 0x42, 0x24, 0x23, 0x42, 0x5D, 0x3A, 0x0F, 0x2C, 0x17,
	0xBA, 0x79, 0x06, 0x04, 0xFE, 0x2D, 0x29, 0x23, 0x22, 0x28, 0x28, 0x22,
	0x23, 0x29, 0x02, 0x14, 0x4F, 0x8C, 0x68, 0x3C, 0x3C, 0x68, 0x8C, 0x4F,
	0x4E, 0x8A, 0x68, 0x3C, 0x07, 0x0B, 0xBA, 0x0D, 0x0A, 0x5C, 0x9D, 0xCF,
	0x73, 0x7C, 0xD3, 0x99, 0x56, 0x57, 0x9A, 0xD2, 0x7B, 0x42, 0x74, 0x45,
	0x10, 0x0C, 0x09, 0x25, 0x44, 0x5D, 0x38, 0x39, 0x5E, 0x44, 0x25, 0x09,
	0x0B, 0x2D, 0xFE, 0x91, 0x17, 0x2A, 0x15, 0x22, 0x27, 0x27, 0x22, 0x24,
	0x28, 0x28, 0x00, 0x01, 0x00, 0x62, 0xFE, 0xFA, 0x01, 0xB8, 0x01, 0x10,
	0x00, 0x17, 0x00, 0x00, 0x25, 0x14, 0x0E, 0x02, 0x07, 0x27, 0x3E, 0x01,
	0x37, 0x2E, 0x03, 0x35, 0x34, 0x3E, 0x02, 0x33, 0x32, 0x1E, 0x02, 0x01,
	0xB8, 0x11, 0x25, 0x3B, 0x2A, 0x6D, 0x1C, 0x1C, 0x08, 0x1E, 0x34, 0x26,
	0x16, 0x1B, 0x2F, 0x3D, 0x23, 0x24, 0x3F, 0x2F, 0x1A, 0x66, 0x2C, 0x65,
	0x63, 0x59, 0x1F, 0x4C, 0x20, 0x39, 0x1D, 0x06, 0x1E, 0x2D, 0x39, 0x20,
	0x23, 0x3E, 0x2E, 0x1B, 0x1B, 0x2E, 0x3E, 0x00, 0x00, 0x02, 0x00, 0x62,
	0xFE, 0xFA, 0x03, 0x52, 0x01, 0x10, 0x00, 0x17, 0x00, 0x2F, 0x00, 0x00,
	0x25, 0x14, 0x0E, 0x02, 0x07, 0x27, 0x3E, 0x01, 0x37, 0x2E, 0x03, 0x35,
	0x34, 0x3E, 0x02, 0x33, 0x32, 0x1E, 0x02, 0x05, 0x14, 0x0E, 0x02, 0x07,
	0x27, 0x3E, 0x01, 0x37, 0x2E, 0x03, 0x35, 0x34, 0x3E, 0x02, 0x33, 0x32,
	0x1E, 0x02, 0x01, 0xB8, 0x11, 0x25, 0x3B, 0x2A, 0x6D, 0x1C, 0x1C, 0x08,
	0x1E, 0x34, 0x26, 0x16, 0x1B, 0x2F, 0x3D, 0x23, 0x24, 0x3F, 0x2F, 0x1A,
	0x01, 0x9A, 0x11, 0x25, 0x3C, 0x2A, 0x6C, 0x1C, 0x1B, 0x08, 0x1E, 0x34,
	0x25, 0x16, 0x1B, 0x2F, 0x3D, 0x23, 0x24, 0x3F, 0x2E, 0x1B, 0x66, 0x2C,
	0x65, 0x63, 0x59, 0x1F, 0x4C, 0x20, 0x39, 0x1D, 0x06, 0x1E, 0x2D, 0x39,
	0x20, 0x23, 0x3E, 0x2E, 0x1B, 0x1B, 0x2E, 0x3E, 0x23, 0x2C, 0x65, 0x63,
	0x59, 0x1F, 0x4C, 0x20, 0x39, 0x1D, 0x06, 0x1E, 0x2D, 0x39, 0x20, 0x23,
	0x3E, 0x2E, 0x1B, 0x1B, 0x2E, 0x3E, 0x00, 0x01, 0x00, 0x60, 0x02, 0x21,
	0x01, 0xB6, 0x03, 0x77, 0x00, 0x13, 0x00, 0x00, 0x01, 0x14, 0x0E, 0x02,
	0x23, 0x22, 0x2E, 0x02, 0x35, 0x34, 0x3E, 0x02, 0x33, 0x32, 0x1E, 0x02,
	0x01, 0xB6, 0x1B, 0x2E, 0x3E, 0x23, 0x23, 0x3F, 0x2F, 0x1B, 0x1B, 0x2F,
	0x3F, 0x23, 0x23, 0x3E, 0x2E, 0x1B, 0x02, 0xCD, 0x24, 0x3F, 0x2E, 0x1B,
	0x1B, 0x2E, 0x3F, 0x24, 0x22, 0x3E, 0x2F, 0x1B, 0x1B, 0x2F, 0x3E, 0x00,
	0x00, 0x01, 0x00, 0x96, 0x02, 0x0E, 0x02, 0x42, 0x03, 0xBA, 0x00, 0x13,
	0x00, 0x00, 0x01, 0x14, 0x0E, 0x02, 0x23, 0x22, 0x2E, 0x02, 0x35, 0x34,
	0x3E, 0x02, 0x33, 0x32, 0x1E, 0x02, 0x02, 0x42, 0x22, 0x3A, 0x4E, 0x2B,
	0x2D, 0x4E, 0x3A, 0x22, 0x22, 0x3A, 0x4E, 0x2D, 0x2B, 0x4E, 0x3A, 0x22,
	0x02, 0xE5, 0x2C, 0x4F, 0x3A, 0x22, 0x22, 0x3A, 0x4F, 0x2C, 0x2C, 0x4D,
	0x3A, 0x22, 0x22, 0x3A, 0x4D, 0x00, 0x00, 0x01, 0x00, 0x7B, 0x02, 0x4C,
	0x02, 0xE1, 0x03, 0x5C, 0x00, 0x03, 0x00, 0x00, 0x01, 0x11, 0x21, 0x11,
	0x02, 0xE1, 0xFD, 0x9A, 0x03, 0x5C, 0xFE, 0xF0, 0x01, 0x10, 0x00, 0x01,
	0x00, 0x7B, 0x02, 0x4C, 0x05, 0x48, 0x03, 0x5C, 0x00, 0x03, 0x00, 0x00,
	0x01, 0x11, 0x21, 0x11, 0x05, 0x48, 0xFB, 0x33, 0x03, 0x5C, 0xFE, 0xF0,
	0x01, 0x10, 0x00, 0x01, 0x00, 0x4C, 0x03, 0x85, 0x01, 0xA2, 0x05, 0x9C,
	0x00, 0x17, 0x00, 0x00, 0x01, 0x14, 0x0E, 0x02, 0x07, 0x27, 0x3E, 0x01,
	0x37, 0x2E, 0x03, 0x35, 0x34, 0x3E, 0x02, 0x33, 0x32, 0x1E, 0x02, 0x01,
	0xA2, 0x11, 0x25, 0x3C, 0x2A, 0x6C, 0x1B, 0x1C, 0x08, 0x1E, 0x34, 0x25,
	0x16, 0x1B, 0x2F, 0x3D, 0x23, 0x24, 0x3F, 0x2E, 0x1B, 0x04, 0xF2, 0x2C,
	0x65, 0x63, 0x5A, 0x1F, 0x4C, 0x20, 0x3A, 0x1D, 0x05, 0x1E, 0x2D, 0x3A,
	0x20, 0x22, 0x3E, 0x2F, 0x1B, 0x1B, 0x2F, 0x3E, 0x00, 0x02, 0x00, 0x4C,
	0x03, 0x85, 0x03, 0x3B, 0x05, 0x9C, 0x00, 0x17, 0x00, 0x2F, 0x00, 0x00,
	0x01, 0x14, 0x0E, 0x02, 0x07, 0x27, 0x3E, 0x01, 0x37, 0x2E, 0x03, 0x35,
	0x34, 0x3E, 0x02, 0x33, 0x32, 0x1E, 0x02, 0x05, 0x14, 0x0E, 0x02, 0x07,
	0x27, 0x3E, 0x01, 0x37, 0x2E, 0x03, 0x35, 0x34, 0x3E, 0x02, 0x33, 0x32,
	0x1E, 0x02, 0x01, 0xA2, 0x11, 0x25, 0x3C, 0x2A, 0x6C, 0x1B, 0x1C, 0x08,
	0x1E, 0x34, 0x25, 0x16, 0x1B, 0x2F, 0x3D, 0x23, 0x24, 0x3F, 0x2E, 0x1B,
	0x01, 0x99, 0x11, 0x25, 0x3B, 0x2A, 0x6D, 0x1C, 0x1C, 0x08, 0x1E, 0x34,
	0x26, 0x16, 0x1B, 0x2F, 0x3D, 0x23, 0x24, 0x3F, 0x2F, 0x1A, 0x04, 0xF2,
	0x2C, 0x65, 0x63, 0x5A, 0x1F, 0x4C, 0x20, 0x3A, 0x1D, 0x05, 0x1E, 0x2D,
	0x3A, 0x20, 0x22, 0x3E, 0x2F, 0x1B, 0x1B, 0x2F, 0x3E, 0x22, 0x2C, 0x65,
	0x63, 0x5A, 0x1F, 0x4C, 0x20, 0x3A, 0x1D, 0x05, 0x1E, 0x2D, 0x3A, 0x20,
	0x22, 0x3E, 0x2F, 0x1B, 0x1B, 0x2F, 0x3E, 0x00, 0x00, 0x02, 0x00, 0x56,
	0x03, 0x85, 0x03, 0x46, 0x05, 0x9C, 0x00, 0x17, 0x00, 0x2F, 0x00, 0x00,
	0x01, 0x34, 0x3E, 0x02, 0x37, 0x17, 0x0E, 0x01, 0x07, 0x1E, 0x03, 0x15,
	0x14, 0x0E, 0x02, 0x23, 0x22, 0x2E, 0x02, 0x25, 0x34, 0x3E, 0x02, 0x37,
	0x17, 0x0E, 0x01, 0x07, 0x1E, 0x03, 0x15, 0x14, 0x0E, 0x02, 0x23, 0x22,
	0x2E, 0x02, 0x01, 0xF0, 0x11, 0x25, 0x3B, 0x2A, 0x6D, 0x1C, 0x1C, 0x08,
	0x1E, 0x34, 0x26, 0x16, 0x1B, 0x2F, 0x3E, 0x22, 0x24, 0x3F, 0x2F, 0x1A,
	0xFE, 0x66, 0x11, 0x25, 0x3C, 0x2A, 0x6C, 0x1C, 0x1B, 0x08, 0x1E, 0x34,
	0x25, 0x16, 0x1B, 0x2F, 0x3E, 0x22, 0x24, 0x3F, 0x2E, 0x1B, 0x04, 0x2F,
	0x2C, 0x65, 0x63, 0x59, 0x20, 0x4C, 0x20, 0x3A, 0x1D, 0x05, 0x1F, 0x2D,
	0x39, 0x20, 0x23, 0x3D, 0x2F, 0x1B, 0x1B, 0x2F, 0x3D, 0x23, 0x2C, 0x65,
	0x63, 0x59, 0x20, 0x4C, 0x20, 0x3A, 0x1D, 0x05, 0x1F, 0x2D, 0x39, 0x20,
	0x23, 0x3D, 0x2F, 0x1B, 0x1B, 0x2F, 0x3D, 0x00, 0x00, 0x01, 0x00, 0x56,
	0x03, 0x85, 0x01, 0xAC, 0x05, 0x9C, 0x00, 0x17, 0x00, 0x00, 0x13, 0x34,
	0x3E, 0x02, 0x37, 0x17, 0x0E, 0x01, 0x07, 0x1E, 0x03, 0x15, 0x14, 0x0E,
	0x02, 0x23, 0x22, 0x2E, 0x02, 0x56, 0x11, 0x25, 0x3C, 0x2A, 0x6C, 0x1C,
	0x1B, 0x08, 0x1E, 0x34, 0x25, 0x16, 0x1B, 0x2F, 0x3E, 0x22, 0x24, 0x3F,
	0x2E, 0x1B, 0x04, 0x2F, 0x2C, 0x65, 0x63, 0x59, 0x20, 0x4C, 0x20, 0x3A,
	0x1D, 0x05, 0x1F, 0x2D, 0x39, 0x20, 0x23, 0x3D, 0x2F, 0x1B, 0x1B, 0x2F,
	0x3D, 0x00, 0x00, 0x01, 0xFF, 0xF2, 0x00, 0x00, 0x03, 0xDF, 0x05, 0x9A,
	0x00, 0x03, 0x00, 0x00, 0x33, 0x23, 0x01, 0x33, 0xCB, 0xD9, 0x03, 0x14,
	0xD9, 0x05, 0x9A, 0x00, 0x00, 0x01, 0x00, 0x68, 0x00, 0x00, 0x01, 0x7B,
	0x04, 0x2F, 0x00, 0x03, 0x00, 0x00, 0x29, 0x01, 0x11, 0x21, 0x01, 0x7B,
	0xFE, 0xED, 0x01, 0x13, 0x04, 0x2F, 0x00, 0x01, 0x00, 0x5E, 0x01, 0x4C,
	0x03, 0x79, 0x04, 0x66, 0x00, 0x0B, 0x00, 0x00, 0x01, 0x27, 0x37, 0x27,
	0x37, 0x17, 0x37, 0x17, 0x07, 0x17, 0x07, 0x27, 0x01, 0x27, 0xC1, 0xC1,
	0xC9, 0xC1, 0xC8, 0xD1, 0xC1, 0xD1, 0xC9, 0xC1, 0xC9, 0x01, 0x54, 0xC0,
	0xC1, 0xC9, 0xC0, 0xC8, 0xD0, 0xC2, 0xCF, 0xC9, 0xC0, 0xC8, 0x00, 0x02,
	0x00, 0x83, 0x01, 0x7F, 0x03, 0xCB, 0x04, 0x29, 0x00, 0x03, 0x00, 0x07,
	0x00, 0x00, 0x01, 0x11, 0x21, 0x11, 0x01, 0x11, 0x21, 0x11, 0x03, 0xCB,
	0xFC, 0xB8, 0x03, 0x48, 0xFC, 0xB8, 0x04, 0x29, 0xFE, 0xF0, 0x01, 0x10,
	0xFE, 0x66, 0xFE, 0xF0, 0x01, 0x10, 0x00, 0x01, 0x00, 0x00, 0x04, 0x4E,
	0x01, 0xC3, 0x05, 0x6D, 0x00, 0x1D, 0x00, 0x00, 0x01, 0x1E, 0x01, 0x15,
	0x14, 0x0E, 0x02, 0x23, 0x22, 0x2E, 0x02, 0x35, 0x34, 0x36, 0x37, 0x33,
	0x0E, 0x01, 0x15, 0x14, 0x16, 0x33, 0x32, 0x36, 0x35, 0x34, 0x26, 0x27,
	0x01, 0xAE, 0x0B, 0x0A, 0x23, 0x3C, 0x50, 0x2D, 0x2F, 0x54, 0x3F, 0x25,
	0x07, 0x0B, 0xAC, 0x05, 0x05, 0x19, 0x18, 0x17, 0x1B, 0x08, 0x05, 0x05,
	0x6D, 0x19, 0x26, 0x1A, 0x33, 0x4A, 0x31, 0x18, 0x1D, 0x38, 0x4F, 0x33,
	0x14, 0x21, 0x13, 0x0E, 0x1E, 0x0E, 0x17, 0x20, 0x24, 0x15, 0x10, 0x18,
	0x10, 0x00, 0x00, 0x01, 0x00, 0x00, 0x04, 0x4A, 0x01, 0x00, 0x05, 0x4C,
	0x00, 0x13, 0x00, 0x00, 0x01, 0x14, 0x0E, 0x02, 0x23, 0x22, 0x2E, 0x02,
	0x35, 0x34, 0x3E, 0x02, 0x33, 0x32, 0x1E, 0x02, 0x01, 0x00, 0x14, 0x23,
	0x2E, 0x1A, 0x1A, 0x2F, 0x23, 0x15, 0x15, 0x23, 0x2F, 0x1A, 0x1A, 0x2E,
	0x23, 0x14, 0x04, 0xCB, 0x1B, 0x2F, 0x23, 0x14, 0x14, 0x23, 0x2F, 0x1B,
	0x1A, 0x2F, 0x23, 0x15, 0x15, 0x23, 0x2F, 0x00, 0x00, 0x02, 0x00, 0x00,
	0x04, 0x1D, 0x01, 0x8B, 0x05, 0xA8, 0x00, 0x13, 0x00, 0x1F, 0x00, 0x00,
	0x01, 0x14, 0x0E, 0x02, 0x23, 0x22, 0x2E, 0x02, 0x35, 0x34, 0x3E, 0x02,
	0x33, 0x32, 0x1E, 0x02, 0x07, 0x34, 0x26, 0x23, 0x22, 0x06, 0x15, 0x14,
	0x16, 0x33, 0x32, 0x36, 0x01, 0x8B, 0x1F, 0x36, 0x48, 0x29, 0x28, 0x48,
	0x36, 0x1F, 0x1F, 0x36, 0x48, 0x28, 0x29, 0x48, 0x36, 0x1F, 0x85, 0x26,
	0x1B, 0x1C, 0x24, 0x24, 0x1C, 0x1B, 0x26, 0x04, 0xE1, 0x29, 0x47, 0x35,
	0x1F, 0x1F, 0x35, 0x47, 0x29, 0x29, 0x48, 0x36, 0x20, 0x20, 0x36, 0x48,
	0x29, 0x1C, 0x28, 0x28, 0x1C, 0x1A, 0x25, 0x25, 0x00, 0x02, 0x00, 0x00,
	0x04, 0x0E, 0x03, 0x14, 0x06, 0x02, 0x00, 0x03, 0x00, 0x07, 0x00, 0x00,
	0x13, 0x27, 0x13, 0x17, 0x13, 0x27, 0x13, 0x17, 0x83, 0x83, 0xF8, 0xC4,
	0x21, 0x85, 0xF8, 0xC4, 0x04, 0x3B, 0x7F, 0x01, 0x48, 0xB6, 0xFE, 0xC2,
	0x7F, 0x01, 0x44, 0xB6, 0x00, 0x01, 0x00, 0x00, 0xFE, 0x93, 0x01, 0xB4,
	0x00, 0x3D, 0x00, 0x19, 0x00, 0x00, 0x13, 0x22, 0x2E, 0x02, 0x35, 0x34,
	0x3E, 0x02, 0x37, 0x33, 0x0E, 0x03, 0x15, 0x14, 0x16, 0x33, 0x32, 0x36,
	0x37, 0x17, 0x0E, 0x01, 0xC7, 0x1D, 0x46, 0x3C, 0x28, 0x23, 0x36, 0x41,
	0x1E, 0x85, 0x0E, 0x2C, 0x28, 0x1D, 0x14, 0x11, 0x16, 0x26, 0x08, 0x8D,
	0x30, 0x78, 0xFE, 0x93, 0x18, 0x2E, 0x46, 0x2D, 0x27, 0x44, 0x3C, 0x34,
	0x16, 0x0D, 0x32, 0x3A, 0x39, 0x12, 0x10, 0x19, 0x1D, 0x14, 0x83, 0x30,
	0x3B, 0x00, 0x00, 0x01, 0x00, 0x00, 0x04, 0x19, 0x02, 0x23, 0x05, 0xA6,
	0x00, 0x05, 0x00, 0x00, 0x01, 0x25, 0x37, 0x17, 0x37, 0x17, 0x01, 0x19,
	0xFE, 0xE7, 0x71, 0xA1, 0x96, 0x7B, 0x04, 0x19, 0xFE, 0x8F, 0x92, 0x8C,
	0x87, 0x00, 0x00, 0x01, 0x00, 0x00, 0xFE, 0x33, 0x01, 0xAA, 0x00, 0x39,
	0x00, 0x20, 0x00, 0x00, 0x13, 0x2E, 0x01, 0x27, 0x26, 0x27, 0x37, 0x16,
	0x17, 0x1E, 0x01, 0x33, 0x32, 0x36, 0x35, 0x34, 0x26, 0x23, 0x22, 0x07,
	0x13, 0x33, 0x07, 0x1E, 0x03, 0x15, 0x14, 0x0E, 0x02, 0x23, 0xB8, 0x24,
	0x42, 0x1A, 0x1E, 0x1A, 0x37, 0x17, 0x17, 0x14, 0x2A, 0x11, 0x16, 0x1D,
	0x2A, 0x19, 0x20, 0x1A, 0x5D, 0x7B, 0x30, 0x1F, 0x38, 0x29, 0x18, 0x21,
	0x3C, 0x53, 0x31, 0xFE, 0x33, 0x02, 0x1A, 0x0F, 0x12, 0x15, 0x96, 0x11,
	0x0C, 0x0B, 0x12, 0x1C, 0x17, 0x1C, 0x18, 0x11, 0x01, 0x02, 0x87, 0x04,
	0x1C, 0x2D, 0x3D, 0x24, 0x32, 0x4E, 0x35, 0x1C, 0x00, 0x01, 0x00, 0x00,
	0x03, 0xEE, 0x01, 0xCD, 0x05, 0x98, 0x00, 0x03, 0x00, 0x00, 0x13, 0x27,
	0x01, 0x17, 0x71, 0x71, 0x01, 0x29, 0xA4, 0x03, 0xEE, 0x95, 0x01, 0x15,
	0xD1, 0x00, 0x00, 0x02, 0x00, 0x00, 0x04, 0x3B, 0x02, 0x68, 0x05, 0x3B,
	0x00, 0x13, 0x00, 0x27, 0x00, 0x00, 0x01, 0x14, 0x0E, 0x02, 0x23, 0x22,
	0x2E, 0x02, 0x35, 0x34, 0x3E, 0x02, 0x33, 0x32, 0x1E, 0x02, 0x05, 0x14,
	0x0E, 0x02, 0x23, 0x22, 0x2E, 0x02, 0x35, 0x34, 0x3E, 0x02, 0x33, 0x32,
	0x1E, 0x02, 0x02, 0x68, 0x13, 0x21, 0x2D, 0x19, 0x1A, 0x2F, 0x22, 0x14,
	0x14, 0x22, 0x2F, 0x1A, 0x19, 0x2D, 0x21, 0x13, 0xFE, 0x98, 0x14, 0x23,
	0x2E, 0x1A, 0x1A, 0x2F, 0x23, 0x15, 0x15, 0x23, 0x2F, 0x1A, 0x1A, 0x2E,
	0x23, 0x14, 0x04, 0xBA, 0x1A, 0x2E, 0x23, 0x14, 0x14, 0x23, 0x2E, 0x1A,
	0x19, 0x2E, 0x22, 0x14, 0x14, 0x22, 0x2E, 0x17, 0x1B, 0x2F, 0x23, 0x14,
	0x14, 0x23, 0x2F, 0x1B, 0x1A, 0x2E, 0x23, 0x14, 0x14, 0x23, 0x2E, 0x00,
	0x00, 0x01, 0x00, 0x00, 0x04, 0x2B, 0x02, 0x93, 0x05, 0x89, 0x00, 0x2A,
	0x00, 0x00, 0x01, 0x16, 0x17, 0x1E, 0x01, 0x15, 0x14, 0x0E, 0x02, 0x23,
	0x22, 0x2E, 0x02, 0x23, 0x22, 0x06, 0x15, 0x14, 0x16, 0x17, 0x07, 0x26,
	0x27, 0x2E, 0x01, 0x35, 0x34, 0x36, 0x33, 0x32, 0x1E, 0x04, 0x33, 0x32,
	0x36, 0x35, 0x34, 0x27, 0x02, 0x7D, 0x06, 0x05, 0x04, 0x07, 0x1E, 0x33,
	0x47, 0x28, 0x2D, 0x40, 0x31, 0x2B, 0x18, 0x13, 0x18, 0x0D, 0x0B, 0xBC,
	0x0A, 0x08, 0x07, 0x0A, 0x6C, 0x5D, 0x27, 0x37, 0x29, 0x1E, 0x19, 0x19,
	0x10, 0x11, 0x12, 0x10, 0x05, 0x89, 0x12, 0x15, 0x12, 0x2E, 0x1A, 0x32,
	0x4F, 0x37, 0x1D, 0x27, 0x2F, 0x27, 0x22, 0x11, 0x14, 0x25, 0x11, 0x08,
	0x12, 0x18, 0x14, 0x39, 0x23, 0x59, 0x65, 0x13, 0x1C, 0x21, 0x1C, 0x13,
	0x1E, 0x17, 0x1B, 0x1B, 0x00, 0x01, 0x00, 0x00, 0x04, 0x48, 0x01, 0xFA,
	0x05, 0x1B, 0x00, 0x03, 0x00, 0x00, 0x11, 0x35, 0x21, 0x15, 0x01, 0xFA,
	0x04, 0x48, 0xD3, 0xD3, 0x00, 0x02, 0x00, 0x4A, 0x02, 0xFE, 0x02, 0xC5,
	0x05, 0x79, 0x00, 0x13, 0x00, 0x27, 0x00, 0x00, 0x01, 0x14, 0x0E, 0x02,
	0x23, 0x22, 0x2E, 0x02, 0x35, 0x34, 0x3E, 0x02, 0x33, 0x32, 0x1E, 0x02,
	0x07, 0x34, 0x2E, 0x02, 0x23, 0x22, 0x0E, 0x02, 0x15, 0x14, 0x1E, 0x02,
	0x33, 0x32, 0x3E, 0x02, 0x02, 0xC5, 0x32, 0x57, 0x74, 0x41, 0x42, 0x74,
	0x55, 0x32, 0x32, 0x55, 0x74, 0x42, 0x41, 0x74, 0x57, 0x32, 0xD7, 0x11,
	0x1C, 0x27, 0x15, 0x15, 0x26, 0x1D, 0x10, 0x10, 0x1D, 0x26, 0x15, 0x15,
	0x27, 0x1C, 0x11, 0x04, 0x3B, 0x41, 0x74, 0x56, 0x32, 0x32, 0x56, 0x74,
	0x41, 0x42, 0x74, 0x56, 0x32, 0x32, 0x56, 0x74, 0x42, 0x16, 0x26, 0x1C,
	0x11, 0x11, 0x1C, 0x26, 0x16, 0x15, 0x26, 0x1D, 0x10, 0x10, 0x1D, 0x26,
	0x00, 0x01, 0x00, 0x00, 0x03, 0xEE, 0x01, 0xCD, 0x05, 0x98, 0x00, 0x03,
	0x00, 0x00, 0x01, 0x25, 0x37, 0x01, 0x01, 0x5E, 0xFE, 0xA2, 0xA6, 0x01,
	0x27, 0x03, 0xEE, 0xD9, 0xD1, 0xFE, 0xEB, 0x00, 0x00, 0x01, 0x00, 0x00,
	0x04, 0x04, 0x02, 0x23, 0x05, 0x91, 0x00, 0x05, 0x00, 0x00, 0x11, 0x25,
	0x05, 0x07, 0x27, 0x07, 0x01, 0x0E, 0x01, 0x15, 0x71, 0xA0, 0x97, 0x04,
	0x93, 0xFE, 0xFE, 0x8F, 0x92, 0x8E, 0x00, 0x02, 0x00, 0x08, 0x00, 0x00,
	0x05, 0x29, 0x05, 0x9A, 0x00, 0x14, 0x00, 0x25, 0x00, 0x00, 0x01, 0x14,
	0x0E, 0x04, 0x23, 0x21, 0x11, 0x23, 0x11, 0x33, 0x11, 0x21, 0x32, 0x1E,
	0x04, 0x25, 0x11, 0x23, 0x11, 0x33, 0x32, 0x3E, 0x02, 0x35, 0x34, 0x2E,
	0x02, 0x2B, 0x01, 0x11, 0x05, 0x29, 0x33, 0x5E, 0x83, 0x9F, 0xB7, 0x63,
	0xFE, 0x50, 0xA4, 0xA4, 0x01, 0xB0, 0x63, 0xB7, 0x9F, 0x83, 0x5E, 0x33,
	0xFD, 0x4A, 0xA6, 0x8F, 0x59, 0x9D, 0x75, 0x43, 0x43, 0x75, 0x9D, 0x59,
	0x8F, 0x02, 0xCD, 0x63, 0xB7, 0x9F, 0x83, 0x5E, 0x33, 0x02, 0x4C, 0x01,
	0x10, 0x02, 0x3E, 0x33, 0x5E, 0x83, 0x9F, 0xB7, 0x2C, 0xFE, 0xF0, 0xFE,
	0xD3, 0x43, 0x75, 0x9D, 0x59, 0x59, 0x9C, 0x75, 0x44, 0xFE, 0xE1, 0x00,
	0x00, 0x01, 0x00, 0x3D, 0x00, 0xBC, 0x03, 0x6F, 0x05, 0x73, 0x00, 0x05,
	0x00, 0x00, 0x09, 0x01, 0x07, 0x09, 0x01, 0x17, 0x01, 0xD5, 0x01, 0x98,
	0xC7, 0xFD, 0x97, 0x02, 0x5B, 0xD7, 0x03, 0x0C, 0xFE, 0x8E, 0xDE, 0x02,
	0x44, 0x02, 0x73, 0xCB, 0x00, 0x01, 0x00, 0x64, 0x00, 0xBC, 0x03, 0x96,
	0x05, 0x73, 0x00, 0x05, 0x00, 0x00, 0x13, 0x37, 0x09, 0x01, 0x27, 0x01,
	0x64, 0xD7, 0x02, 0x5B, 0xFD, 0x97, 0xC7, 0x01, 0x98, 0x04, 0xA8, 0xCB,
	0xFD, 0x8D, 0xFD, 0xBC, 0xDE, 0x01, 0x72, 0x00, 0x00, 0x01, 0x00, 0x48,
	0x02, 0x73, 0x04, 0x6F, 0x06, 0xA6, 0x00, 0x0E, 0x00, 0x00, 0x01, 0x13,
	0x07, 0x0B, 0x01, 0x27, 0x37, 0x25, 0x37, 0x17, 0x11, 0x21, 0x11, 0x25,
	0x17, 0x03, 0x29, 0xF0, 0xE0, 0xD9, 0xE1, 0xD7, 0xDB, 0xFE, 0xC5, 0x85,
	0xFE, 0x01, 0x1E, 0x01, 0x13, 0x73, 0x04, 0x39, 0xFF, 0x00, 0xC6, 0x01,
	0x1C, 0xFE, 0xE4, 0xC6, 0xFE, 0xB5, 0xEF, 0x85, 0x01, 0x50, 0xFE, 0xB0,
	0x85, 0xFA, 0x00, 0x01, 0x00, 0x10, 0x00, 0x00, 0x04, 0xA0, 0x05, 0x9A,
	0x00, 0x0D, 0x00, 0x00, 0x13, 0x11, 0x21, 0x11, 0x37, 0x11, 0x07, 0x11,
	0x21, 0x11, 0x21, 0x11, 0x07, 0x11, 0xB4, 0x01, 0x1F, 0xA4, 0xA4, 0x02,
	0xCD, 0xFC, 0x14, 0xA4, 0x03, 0x0E, 0x02, 0x8C, 0xFE, 0x0E, 0x58, 0xFE,
	0xF0, 0x58, 0xFE, 0x87, 0xFE, 0xE1, 0x01, 0xFE, 0x56, 0x01, 0x10, 0x00,
	0x00, 0x01, 0x00, 0x14, 0x00, 0x00, 0x02, 0x7B, 0x05, 0xD9, 0x00, 0x0B,
	0x00, 0x00, 0x13, 0x11, 0x21, 0x11, 0x37, 0x11, 0x07, 0x11, 0x21, 0x11,
	0x07, 0x11, 0xB8, 0x01, 0x13, 0xB0, 0xB0, 0xFE, 0xED, 0xA4, 0x03, 0x0E,
	0x02, 0xCB, 0xFD, 0xC9, 0x5E, 0xFE, 0xF0, 0x5F, 0xFD, 0x6F, 0x01, 0xFE,
	0x56, 0x01, 0x10, 0x00, 0x00, 0x01, 0x00, 0x79, 0x01, 0x83, 0x03, 0xC1,
	0x03, 0x5C, 0x00, 0x05, 0x00, 0x00, 0x01, 0x03, 0x21, 0x35, 0x21, 0x11,
	0x03, 0xC1, 0x03, 0xFE, 0xF0, 0xFD, 0xCB, 0x03, 0x5C, 0xFE, 0x27, 0xC9,
	0x01, 0x10, 0x00, 0x01, 0x00, 0x31, 0x00, 0x10, 0x02, 0xE9, 0x04, 0x12,
	0x00, 0x05, 0x00, 0x00, 0x09, 0x01, 0x07, 0x09, 0x01, 0x17, 0x01, 0x8D,
	0x01, 0x5A, 0xAA, 0xFD, 0xF4, 0x02, 0x00, 0xB8, 0x02, 0x08, 0xFE, 0xC5,
	0xBD, 0x01, 0xEE, 0x02, 0x14, 0xAC, 0x00, 0x01, 0x00, 0x52, 0x00, 0x10,
	0x03, 0x08, 0x04, 0x12, 0x00, 0x05, 0x00, 0x00, 0x13, 0x37, 0x09, 0x01,
	0x27, 0x01, 0x52, 0xB6, 0x02, 0x00, 0xFD, 0xF4, 0xA8, 0x01, 0x5A, 0x03,
	0x66, 0xAC, 0xFD, 0xEC, 0xFE, 0x12, 0xBD, 0x01, 0x3B, 0x00, 0x00, 0x02,
	0x00, 0x31, 0x00, 0x10, 0x05, 0x50, 0x04, 0x12, 0x00, 0x05, 0x00, 0x0B,
	0x00, 0x00, 0x09, 0x01, 0x07, 0x09, 0x01, 0x17, 0x09, 0x01, 0x07, 0x09,
	0x01, 0x17, 0x01, 0x8D, 0x01, 0x5A, 0xAA, 0xFD, 0xF4, 0x02, 0x00, 0xB8,
	0x01, 0x0B, 0x01, 0x5A, 0xAA, 0xFD, 0xF4, 0x02, 0x00, 0xB8, 0x02, 0x08,
	0xFE, 0xC5, 0xBD, 0x01, 0xEE, 0x02, 0x14, 0xAC, 0xFE, 0xA2, 0xFE, 0xC5,
	0xBD, 0x01, 0xEE, 0x02, 0x14, 0xAC, 0x00, 0x02, 0x00, 0x52, 0x00, 0x10,
	0x05, 0x6F, 0x04, 0x12, 0x00, 0x05, 0x00, 0x0B, 0x00, 0x00, 0x13, 0x37,
	0x09, 0x01, 0x27, 0x09, 0x01, 0x37, 0x09, 0x01, 0x27, 0x01, 0x52, 0xB6,
	0x02, 0x00, 0xFD, 0xF4, 0xA8, 0x01, 0x5A, 0x01, 0x0A, 0xB7, 0x02, 0x00,
	0xFD, 0xF3, 0xA8, 0x01, 0x5A, 0x03, 0x66, 0xAC, 0xFD, 0xEC, 0xFE, 0x12,
	0xBD, 0x01, 0x3B, 0x01, 0x5E, 0xAC, 0xFD, 0xEC, 0xFE, 0x12, 0xBD, 0x01,
	0x3B, 0x00, 0x00, 0x03, 0x00, 0x56, 0x00, 0xEE, 0x03, 0x9E, 0x04, 0xC9,
	0x00, 0x03, 0x00, 0x17, 0x00, 0x2B, 0x00, 0x00, 0x01, 0x11, 0x21, 0x11,
	0x01, 0x14, 0x0E, 0x02, 0x23, 0x22, 0x2E, 0x02, 0x35, 0x34, 0x3E, 0x02,
	0x33, 0x32, 0x1E, 0x02, 0x11, 0x14, 0x0E, 0x02, 0x23, 0x22, 0x2E, 0x02,
	0x35, 0x34, 0x3E, 0x02, 0x33, 0x32, 0x1E, 0x02, 0x03, 0x9E, 0xFC, 0xB8,
	0x02, 0x37, 0x16, 0x27, 0x34, 0x1E, 0x1F, 0x36, 0x28, 0x17, 0x17, 0x28,
	0x36, 0x1F, 0x1E, 0x34, 0x27, 0x16, 0x16, 0x27, 0x34, 0x1E, 0x1F, 0x36,
	0x28, 0x17, 0x17, 0x28, 0x36, 0x1F, 0x1E, 0x34, 0x27, 0x16, 0x03, 0x5C,
	0xFE, 0xF0, 0x01, 0x10, 0xFE, 0x23, 0x1E, 0x35, 0x27, 0x17, 0x17, 0x27,
	0x35, 0x1E, 0x1E, 0x35, 0x27, 0x17, 0x17, 0x27, 0x35, 0x02, 0x9A, 0x1E,
	0x35, 0x27, 0x17, 0x17, 0x27, 0x35, 0x1E, 0x1E, 0x35, 0x28, 0x17, 0x17,
	0x28, 0x35, 0x00, 0x01, 0x00, 0x66, 0x02, 0x31, 0x03, 0x3B, 0x03, 0xB2,
	0x00, 0x2D, 0x00, 0x00, 0x01, 0x16, 0x17, 0x1E, 0x01, 0x15, 0x14, 0x0E,
	0x02, 0x23, 0x22, 0x2E, 0x02, 0x23, 0x22, 0x06, 0x15, 0x14, 0x16, 0x17,
	0x07, 0x26, 0x27, 0x2E, 0x01, 0x35, 0x34, 0x3E, 0x02, 0x33, 0x32, 0x1E,
	0x04, 0x33, 0x32, 0x36, 0x35, 0x34, 0x26, 0x27, 0x03, 0x23, 0x07, 0x05,
	0x05, 0x07, 0x20, 0x39, 0x4D, 0x2D, 0x32, 0x46, 0x36, 0x2E, 0x1B, 0x16,
	0x19, 0x0E, 0x0C, 0xCF, 0x0B, 0x09, 0x08, 0x0B, 0x1F, 0x3A, 0x52, 0x33,
	0x2A, 0x3D, 0x2D, 0x21, 0x1C, 0x1B, 0x12, 0x12, 0x14, 0x0A, 0x08, 0x03,
	0xB2, 0x14, 0x17, 0x14, 0x32, 0x1C, 0x38, 0x57, 0x3D, 0x20, 0x2C, 0x34,
	0x2C, 0x27, 0x13, 0x15, 0x29, 0x14, 0x08, 0x15, 0x1A, 0x17, 0x3E, 0x26,
	0x30, 0x4E, 0x36, 0x1D, 0x15, 0x1E, 0x25, 0x1E, 0x15, 0x20, 0x19, 0x10,
	0x1E, 0x0E, 0x00, 0x01, 0x00, 0x00, 0x03, 0xE5, 0x02, 0x5A, 0x05, 0x9C,
	0x00, 0x05, 0x00, 0x00, 0x11, 0x09, 0x01, 0x07, 0x27, 0x07, 0x01, 0x29,
	0x01, 0x31, 0x7D, 0xB0, 0xA6, 0x04, 0x83, 0x01, 0x19, 0xFE, 0xE7, 0x9E,
	0xA0, 0x9C, 0x00, 0x02, 0x00, 0x7D, 0x01, 0x31, 0x03, 0x52, 0x04, 0x6A,
	0x00, 0x2C, 0x00, 0x5A, 0x00, 0x00, 0x01, 0x16, 0x17, 0x1E, 0x01, 0x15,
	0x14, 0x0E, 0x02, 0x23, 0x22, 0x2E, 0x02, 0x23, 0x22, 0x06, 0x15, 0x14,
	0x17, 0x07, 0x26, 0x27, 0x2E, 0x01, 0x35, 0x34, 0x3E, 0x02, 0x33, 0x32,
	0x1E, 0x04, 0x33, 0x32, 0x36, 0x35, 0x34, 0x26, 0x27, 0x13, 0x16, 0x17,
	0x1E, 0x01, 0x15, 0x14, 0x0E, 0x02, 0x23, 0x22, 0x2E, 0x02, 0x23, 0x22,
	0x06, 0x15, 0x14, 0x16, 0x17, 0x07, 0x26, 0x27, 0x2E, 0x01, 0x35, 0x34,
	0x3E, 0x02, 0x33, 0x32, 0x1E, 0x04, 0x33, 0x32, 0x36, 0x35, 0x34, 0x26,
	0x27, 0x03, 0x39, 0x07, 0x05, 0x05, 0x08, 0x20, 0x39, 0x4D, 0x2D, 0x32,
	0x46, 0x36, 0x2F, 0x1B, 0x16, 0x19, 0x1B, 0xCF, 0x0B, 0x09, 0x08, 0x0B,
	0x1F, 0x3A, 0x51, 0x33, 0x2A, 0x3D, 0x2D, 0x21, 0x1C, 0x1C, 0x11, 0x13,
	0x14, 0x0A, 0x08, 0xCC, 0x07, 0x05, 0x05, 0x08, 0x20, 0x39, 0x4D, 0x2D,
	0x32, 0x46, 0x36, 0x2F, 0x1B, 0x16, 0x19, 0x0E, 0x0D, 0xCF, 0x0B, 0x09,
	0x08, 0x0B, 0x1F, 0x3A, 0x51, 0x33, 0x2A, 0x3D, 0x2D, 0x21, 0x1C, 0x1C,
	0x11, 0x13, 0x14, 0x0A, 0x08, 0x04, 0x6A, 0x14, 0x17, 0x14, 0x32, 0x1C,
	0x37, 0x57, 0x3D, 0x20, 0x2B, 0x35, 0x2B, 0x27, 0x12, 0x29, 0x29, 0x09,
	0x15, 0x1A, 0x17, 0x3E, 0x26, 0x30, 0x4E, 0x36, 0x1D, 0x15, 0x1E, 0x25,
	0x1E, 0x15, 0x21, 0x18, 0x10, 0x1E, 0x0E, 0xFE, 0x64, 0x14, 0x17, 0x14,
	0x32, 0x1C, 0x38, 0x57, 0x3D, 0x20, 0x2C, 0x34, 0x2C, 0x27, 0x13, 0x15,
	0x29, 0x14, 0x08, 0x15, 0x1A, 0x17, 0x3E, 0x26, 0x30, 0x4E, 0x36, 0x1D,
	0x15, 0x1E, 0x25, 0x1E, 0x15, 0x20, 0x19, 0x10, 0x1E, 0x0E, 0x00, 0x01,
	0x00, 0x66, 0x00, 0x52, 0x03, 0xAE, 0x05, 0x33, 0x00, 0x13, 0x00, 0x00,
	0x01, 0x37, 0x21, 0x11, 0x21, 0x13, 0x33, 0x03, 0x33, 0x11, 0x21, 0x07,
	0x21, 0x11, 0x21, 0x03, 0x23, 0x13, 0x23, 0x11, 0x01, 0x7B, 0x35, 0xFE,
	0xB6, 0x01, 0xB1, 0x64, 0xFE, 0x65, 0x9A, 0xFF, 0x00, 0x35, 0x01, 0x35,
	0xFE, 0x64, 0x70, 0xFE, 0x70, 0xAE, 0x02, 0x8F, 0x8A, 0x01, 0x10, 0x01,
	0x0A, 0xFE, 0xF6, 0xFE, 0xF0, 0x8A, 0xFE, 0xF0, 0xFE, 0xD3, 0x01, 0x2D,
	0x01, 0x10, 0x00, 0x03, 0x00, 0x37, 0xFF, 0xE1, 0x06, 0x02, 0x05, 0xAC,
	0x00, 0x21, 0x00, 0x2C, 0x00, 0x38, 0x00, 0x00, 0x01, 0x1E, 0x03, 0x15,
	0x14, 0x0E, 0x04, 0x23, 0x22, 0x26, 0x27, 0x07, 0x21, 0x37, 0x26, 0x02,
	0x35, 0x34, 0x3E, 0x04, 0x33, 0x32, 0x16, 0x17, 0x37, 0x21, 0x03, 0x34,
	0x26, 0x27, 0x01, 0x16, 0x33, 0x32, 0x3E, 0x02, 0x25, 0x14, 0x16, 0x17,
	0x01, 0x2E, 0x01, 0x23, 0x22, 0x0E, 0x02, 0x05, 0x23, 0x33, 0x53, 0x3A,
	0x1F, 0x35, 0x60, 0x88, 0xA4, 0xBE, 0x66, 0x5E, 0xAE, 0x4E, 0x27, 0xFE,
	0xED, 0x87, 0x64, 0x75, 0x35, 0x61, 0x88, 0xA5, 0xBD, 0x66, 0x5B, 0xAB,
	0x4C, 0x2F, 0x01, 0x12, 0xCB, 0x39, 0x33, 0xFD, 0xF6, 0x51, 0x5D, 0x5E,
	0xA7, 0x7B, 0x48, 0xFC, 0x6F, 0x37, 0x31, 0x02, 0x09, 0x29, 0x52, 0x2D,
	0x5F, 0xA6, 0x7C, 0x48, 0x04, 0xD7, 0x32, 0x77, 0x86, 0x93, 0x4E, 0x66,
	0xBD, 0xA5, 0x88, 0x61, 0x35, 0x2C, 0x2A, 0x37, 0xBA, 0x67, 0x01, 0x0B,
	0x9B, 0x66, 0xBE, 0xA4, 0x88, 0x60, 0x35, 0x2C, 0x26, 0x40, 0xFD, 0x2D,
	0x55, 0x96, 0x3C, 0xFD, 0x35, 0x23, 0x48, 0x7C, 0xA5, 0x5E, 0x54, 0x92,
	0x3B, 0x02, 0xC9, 0x0F, 0x11, 0x48, 0x7B, 0xA7, 0x00, 0x03, 0x00, 0x2D,
	0xFF, 0xEC, 0x04, 0x75, 0x04, 0x58, 0x00, 0x1B, 0x00, 0x27, 0x00, 0x32,
	0x00, 0x00, 0x01, 0x1E, 0x01, 0x15, 0x14, 0x0E, 0x02, 0x23, 0x22, 0x26,
	0x27, 0x07, 0x21, 0x37, 0x2E, 0x01, 0x35, 0x34, 0x3E, 0x02, 0x33, 0x32,
	0x16, 0x17, 0x37, 0x21, 0x01, 0x14, 0x16, 0x17, 0x01, 0x2E, 0x01, 0x23,
	0x22, 0x0E, 0x02, 0x05, 0x34, 0x27, 0x01, 0x1E, 0x01, 0x33, 0x32, 0x3E,
	0x02, 0x03, 0xF6, 0x3B, 0x42, 0x56, 0x94, 0xC7, 0x72, 0x41, 0x77, 0x36,
	0x18, 0xFE, 0xED, 0x7D, 0x3F, 0x48, 0x56, 0x95, 0xC7, 0x71, 0x44, 0x7E,
	0x38, 0x18, 0x01, 0x13, 0xFC, 0xCD, 0x11, 0x0F, 0x01, 0x3C, 0x13, 0x27,
	0x14, 0x38, 0x63, 0x49, 0x2A, 0x02, 0x1E, 0x1C, 0xFE, 0xCA, 0x10, 0x21,
	0x11, 0x38, 0x63, 0x4A, 0x2B, 0x03, 0x93, 0x48, 0xBA, 0x70, 0x78, 0xCF,
	0x97, 0x57, 0x1C, 0x19, 0x21, 0xA8, 0x4B, 0xBE, 0x70, 0x7A, 0xD0, 0x97,
	0x56, 0x1F, 0x1C, 0x20, 0xFD, 0xE4, 0x28, 0x49, 0x1F, 0x01, 0xA6, 0x06,
	0x07, 0x29, 0x4D, 0x6B, 0x42, 0x48, 0x3D, 0xFE, 0x60, 0x05, 0x03, 0x2A,
	0x4C, 0x6C, 0x00, 0x01, 0x00, 0xC1, 0xFE, 0x23, 0x04, 0x08, 0xFF, 0x33,
	0x00, 0x03, 0x00, 0x00, 0x05, 0x11, 0x21, 0x11, 0x04, 0x08, 0xFC, 0xB9,
	0xCD, 0xFE, 0xF0, 0x01, 0x10, 0x00, 0x00, 0x02, 0x00, 0x77, 0x03, 0x98,
	0x04, 0x58, 0x05, 0xA4, 0x00, 0x07, 0x00, 0x2C, 0x00, 0x00, 0x01, 0x23,
	0x11, 0x23, 0x35, 0x21, 0x15, 0x23, 0x01, 0x23, 0x11, 0x34, 0x26, 0x23,
	0x22, 0x06, 0x15, 0x11, 0x23, 0x11, 0x34, 0x26, 0x23, 0x22, 0x06, 0x15,
	0x11, 0x23, 0x11, 0x34, 0x3E, 0x02, 0x33, 0x32, 0x16, 0x17, 0x3E, 0x01,
	0x33, 0x32, 0x1E, 0x02, 0x15, 0x01, 0x79, 0x67, 0x9B, 0x01, 0x9D, 0x9B,
	0x02, 0xDF, 0x68, 0x1D, 0x17, 0x15, 0x1E, 0x66, 0x1E, 0x17, 0x14, 0x20,
	0x66, 0x18, 0x2A, 0x38, 0x20, 0x1D, 0x35, 0x16, 0x16, 0x35, 0x1B, 0x20,
	0x39, 0x2A, 0x19, 0x03, 0x98, 0x01, 0x9D, 0x67, 0x67, 0xFE, 0x63, 0x01,
	0x70, 0x16, 0x1D, 0x1D, 0x16, 0xFE, 0x90, 0x01, 0x70, 0x16, 0x1D, 0x1D,
	0x16, 0xFE, 0x90, 0x01, 0x70, 0x20, 0x39, 0x2A, 0x19, 0x15, 0x14, 0x14,
	0x15, 0x19, 0x2A, 0x39, 0x20, 0x00, 0x00, 0x04, 0x00, 0x4E, 0x02, 0xBC,
	0x03, 0x37, 0x05, 0xA6, 0x00, 0x0A, 0x00, 0x1A, 0x00, 0x2E, 0x00, 0x42,
	0x00, 0x00, 0x01, 0x15, 0x33, 0x32, 0x36, 0x35, 0x34, 0x2E, 0x02, 0x23,
	0x03, 0x23, 0x11, 0x33, 0x32, 0x1E, 0x02, 0x15, 0x14, 0x06, 0x07, 0x17,
	0x23, 0x27, 0x07, 0x25, 0x14, 0x0E, 0x02, 0x23, 0x22, 0x2E, 0x02, 0x35,
	0x34, 0x3E, 0x02, 0x33, 0x32, 0x1E, 0x02, 0x07, 0x34, 0x2E, 0x02, 0x23,
	0x22, 0x0E, 0x02, 0x15, 0x14, 0x1E, 0x02, 0x33, 0x32, 0x3E, 0x02, 0x01,
	0x7D, 0x58, 0x25, 0x35, 0x0E, 0x19, 0x21, 0x12, 0x58, 0x58, 0xB0, 0x24,
	0x40, 0x30, 0x1C, 0x2C, 0x26, 0x2F, 0x5A, 0x29, 0x62, 0x01, 0xBA, 0x3A,
	0x65, 0x88, 0x4D, 0x4D, 0x88, 0x65, 0x3B, 0x3B, 0x65, 0x88, 0x4D, 0x4D,
	0x88, 0x65, 0x3A, 0x5C, 0x2C, 0x4D, 0x66, 0x39, 0x3A, 0x66, 0x4D, 0x2C,
	0x2C, 0x4D, 0x66, 0x3A, 0x39, 0x66, 0x4D, 0x2C, 0x04, 0xB6, 0xB2, 0x35,
	0x25, 0x12, 0x20, 0x18, 0x0E, 0xFE, 0xA0, 0x01, 0xB6, 0x1B, 0x30, 0x3F,
	0x24, 0x2E, 0x50, 0x17, 0x73, 0x58, 0x02, 0x85, 0x4D, 0x88, 0x65, 0x3B,
	0x3B, 0x65, 0x88, 0x4D, 0x4E, 0x88, 0x65, 0x3A, 0x3A, 0x65, 0x88, 0x50,
	0x3A, 0x67, 0x4C, 0x2C, 0x2C, 0x4C, 0x67, 0x3A, 0x39, 0x65, 0x4C, 0x2C,
	0x2C, 0x4C, 0x65, 0x00, 0x00, 0x03, 0x00, 0x5A, 0x00, 0x87, 0x04, 0xE5,
	0x05, 0x12, 0x00, 0x21, 0x00, 0x35, 0x00, 0x49, 0x00, 0x00, 0x01, 0x0E,
	0x01, 0x23, 0x22, 0x2E, 0x02, 0x35, 0x34, 0x3E, 0x02, 0x33, 0x32, 0x16,
	0x17, 0x07, 0x2E, 0x01, 0x23, 0x22, 0x0E, 0x02, 0x15, 0x14, 0x1E, 0x02,
	0x33, 0x32, 0x36, 0x37, 0x25, 0x14, 0x0E, 0x02, 0x23, 0x22, 0x2E, 0x02,
	0x35, 0x34, 0x3E, 0x02, 0x33, 0x32, 0x1E, 0x02, 0x07, 0x34, 0x2E, 0x02,
	0x23, 0x22, 0x0E, 0x02, 0x15, 0x14, 0x1E, 0x02, 0x33, 0x32, 0x3E, 0x02,
	0x03, 0x89, 0x30, 0x76, 0x3F, 0x4A, 0x82, 0x61, 0x38, 0x38, 0x61, 0x82,
	0x4A, 0x3F, 0x76, 0x30, 0x47, 0x1F, 0x52, 0x2D, 0x2E, 0x51, 0x3C, 0x22,
	0x22, 0x3C, 0x51, 0x2E, 0x2D, 0x52, 0x1F, 0x01, 0xA3, 0x5B, 0x9E, 0xD4,
	0x78, 0x78, 0xD4, 0x9E, 0x5C, 0x5C, 0x9E, 0xD4, 0x78, 0x78, 0xD4, 0x9E,
	0x5B, 0x8F, 0x45, 0x77, 0xA0, 0x5A, 0x5B, 0xA0, 0x77, 0x45, 0x45, 0x77,
	0xA0, 0x5B, 0x5A, 0xA0, 0x77, 0x45, 0x01, 0xB8, 0x2A, 0x2C, 0x39, 0x61,
	0x82, 0x49, 0x49, 0x82, 0x61, 0x38, 0x2C, 0x28, 0x79, 0x20, 0x24, 0x23,
	0x3B, 0x50, 0x2D, 0x2D, 0x50, 0x3C, 0x22, 0x23, 0x20, 0x9E, 0x78, 0xD4,
	0x9E, 0x5C, 0x5C, 0x9E, 0xD4, 0x78, 0x78, 0xD4, 0x9E, 0x5B, 0x5B, 0x9E,
	0xD4, 0x7A, 0x5A, 0xA0, 0x77, 0x45, 0x45, 0x77, 0xA0, 0x5A, 0x5A, 0x9F,
	0x76, 0x45, 0x45, 0x76, 0x9F, 0x00, 0x00, 0x03, 0x00, 0x75, 0x01, 0xE5,
	0x03, 0x06, 0x05, 0xB4, 0x00, 0x14, 0x00, 0x28, 0x00, 0x2C, 0x00, 0x00,
	0x01, 0x23, 0x27, 0x0E, 0x01, 0x23, 0x22, 0x2E, 0x02, 0x35, 0x34, 0x3E,
	0x02, 0x33, 0x32, 0x16, 0x17, 0x37, 0x33, 0x03, 0x34, 0x2E, 0x02, 0x23,
	0x22, 0x0E, 0x02, 0x15, 0x14, 0x1E, 0x02, 0x33, 0x32, 0x3E, 0x02, 0x13,
	0x15, 0x21, 0x35, 0x03, 0x04, 0x27, 0x3F, 0x2F, 0x74, 0x3F, 0x44, 0x77,
	0x58, 0x34, 0x34, 0x58, 0x77, 0x44, 0x3F, 0x76, 0x2D, 0x3F, 0x27, 0xA4,
	0x1A, 0x2C, 0x3C, 0x22, 0x22, 0x3B, 0x2B, 0x19, 0x19, 0x2B, 0x3B, 0x22,
	0x22, 0x3C, 0x2C, 0x1A, 0xA6, 0xFD, 0x6F, 0x03, 0x19, 0x58, 0x2A, 0x3B,
	0x2E, 0x57, 0x7E, 0x51, 0x4B, 0x7D, 0x5A, 0x32, 0x3B, 0x2B, 0x4C, 0xFE,
	0xC6, 0x21, 0x3F, 0x30, 0x1E, 0x17, 0x2C, 0x41, 0x2A, 0x2A, 0x42, 0x2D,
	0x17, 0x1E, 0x31, 0x3F, 0xFE, 0x47, 0xA0, 0xA0, 0x00, 0x03, 0x00, 0x73,
	0x01, 0xE5, 0x03, 0x04, 0x05, 0xB4, 0x00, 0x13, 0x00, 0x27, 0x00, 0x2B,
	0x00, 0x00, 0x01, 0x14, 0x0E, 0x02, 0x23, 0x22, 0x2E, 0x02, 0x35, 0x34,
	0x3E, 0x02, 0x33, 0x32, 0x1E, 0x02, 0x07, 0x34, 0x2E, 0x02, 0x23, 0x22,
	0x0E, 0x02, 0x15, 0x14, 0x1E, 0x02, 0x33, 0x32, 0x3E, 0x02, 0x13, 0x15,
	0x21, 0x35, 0x03, 0x02, 0x33, 0x59, 0x77, 0x45, 0x44, 0x77, 0x58, 0x34,
	0x34, 0x58, 0x77, 0x44, 0x45, 0x77, 0x59, 0x33, 0xA4, 0x1A, 0x2D, 0x3B,
	0x22, 0x22, 0x3B, 0x2B, 0x19, 0x19, 0x2B, 0x3B, 0x22, 0x22, 0x3B, 0x2D,
	0x1A, 0xA6, 0xFD, 0x6F, 0x04, 0x60, 0x48, 0x7C, 0x5C, 0x34, 0x34, 0x5C,
	0x7C, 0x48, 0x49, 0x7D, 0x5B, 0x33, 0x31, 0x59, 0x7D, 0x4D, 0x27, 0x41,
	0x2D, 0x19, 0x19, 0x2D, 0x41, 0x27, 0x25, 0x40, 0x30, 0x1B, 0x1A, 0x2E,
	0x41, 0xFE, 0x4C, 0xA0, 0xA0, 0x00, 0x00, 0x02, 0x00, 0x75, 0x00, 0x00,
	0x07, 0xA6, 0x05, 0x9A, 0x00, 0x14, 0x00, 0x1D, 0x00, 0x00, 0x29, 0x01,
	0x11, 0x21, 0x11, 0x21, 0x11, 0x34, 0x3E, 0x02, 0x33, 0x21, 0x11, 0x21,
	0x13, 0x21, 0x11, 0x21, 0x11, 0x21, 0x01, 0x11, 0x21, 0x22, 0x0E, 0x02,
	0x15, 0x11, 0x07, 0xA6, 0xFC, 0x29, 0xFD, 0xC4, 0xFE, 0xE2, 0x5A, 0x9B,
	0xD1, 0x77, 0x04, 0xF4, 0xFD, 0x48, 0x02, 0x01, 0xD5, 0xFE, 0x2B, 0x02,
	0xB6, 0xFC, 0x29, 0xFE, 0xE3, 0x3B, 0x69, 0x4E, 0x2D, 0x01, 0x1F, 0xFE,
	0xE1, 0x03, 0x5C, 0x77, 0xD1, 0x9C, 0x5A, 0xFE, 0xE1, 0xFE, 0xE1, 0xFE,
	0xE1, 0xFE, 0xE2, 0x01, 0x1E, 0x02, 0x3E, 0x2D, 0x4E, 0x69, 0x3B, 0xFE,
	0xE1, 0x00, 0x00, 0x03, 0x00, 0x2F, 0xFF, 0xEC, 0x07, 0xAE, 0x04, 0x58,
	0x00, 0x33, 0x00, 0x47, 0x00, 0x55, 0x00, 0x00, 0x01, 0x1E, 0x01, 0x33,
	0x32, 0x3E, 0x02, 0x37, 0x17, 0x0E, 0x03, 0x23, 0x22, 0x26, 0x27, 0x15,
	0x23, 0x27, 0x0E, 0x03, 0x23, 0x22, 0x2E, 0x02, 0x35, 0x34, 0x3E, 0x02,
	0x33, 0x32, 0x1E, 0x02, 0x17, 0x37, 0x33, 0x15, 0x3E, 0x01, 0x33, 0x32,
	0x1E, 0x02, 0x17, 0x01, 0x34, 0x2E, 0x02, 0x23, 0x22, 0x0E, 0x02, 0x15,
	0x14, 0x1E, 0x02, 0x33, 0x32, 0x3E, 0x02, 0x01, 0x2E, 0x01, 0x23, 0x22,
	0x0E, 0x02, 0x15, 0x14, 0x1E, 0x02, 0x17, 0x05, 0xAE, 0x10, 0x20, 0x10,
	0x28, 0x4A, 0x40, 0x33, 0x10, 0xC9, 0x26, 0x63, 0x73, 0x7F, 0x43, 0x70,
	0xBF, 0x4A, 0x42, 0x6A, 0x27, 0x57, 0x60, 0x65, 0x34, 0x71, 0xC7, 0x95,
	0x56, 0x56, 0x95, 0xC7, 0x71, 0x34, 0x66, 0x60, 0x57, 0x26, 0x6A, 0x42,
	0x4A, 0xBF, 0x70, 0x43, 0x80, 0x73, 0x64, 0x26, 0xFB, 0xB4, 0x2B, 0x4A,
	0x63, 0x38, 0x38, 0x63, 0x49, 0x2A, 0x2A, 0x49, 0x63, 0x38, 0x38, 0x63,
	0x4A, 0x2B, 0x02, 0xD7, 0x12, 0x25, 0x14, 0x38, 0x63, 0x4A, 0x2A, 0x03,
	0x07, 0x0B, 0x08, 0x01, 0x06, 0x05, 0x03, 0x16, 0x29, 0x3B, 0x24, 0xC9,
	0x36, 0x56, 0x3C, 0x1F, 0x4E, 0x47, 0x81, 0x93, 0x23, 0x3D, 0x2D, 0x1A,
	0x4C, 0x91, 0xD2, 0x86, 0x7D, 0xD1, 0x96, 0x53, 0x1A, 0x2E, 0x3E, 0x24,
	0x7F, 0x68, 0x47, 0x4C, 0x20, 0x3C, 0x57, 0x36, 0xFE, 0xB2, 0x38, 0x69,
	0x51, 0x31, 0x26, 0x4A, 0x6D, 0x46, 0x46, 0x6D, 0x4A, 0x26, 0x31, 0x51,
	0x69, 0x01, 0x50, 0x07, 0x04, 0x29, 0x4C, 0x6B, 0x43, 0x0F, 0x26, 0x27,
	0x24, 0x0E, 0x00, 0x03, 0x00, 0x2D, 0xFF, 0xEC, 0x07, 0x46, 0x04, 0x58,
	0x00, 0x29, 0x00, 0x3D, 0x00, 0x4B, 0x00, 0x00, 0x01, 0x1E, 0x01, 0x33,
	0x32, 0x3E, 0x02, 0x37, 0x17, 0x0E, 0x03, 0x23, 0x22, 0x26, 0x27, 0x0E,
	0x01, 0x23, 0x22, 0x2E, 0x02, 0x35, 0x34, 0x3E, 0x02, 0x33, 0x32, 0x16,
	0x17, 0x3E, 0x01, 0x33, 0x32, 0x1E, 0x02, 0x17, 0x01, 0x34, 0x2E, 0x02,
	0x23, 0x22, 0x0E, 0x02, 0x15, 0x14, 0x1E, 0x02, 0x33, 0x32, 0x3E, 0x02,
	0x01, 0x2E, 0x01, 0x23, 0x22, 0x0E, 0x02, 0x15, 0x14, 0x1E, 0x02, 0x17,
	0x05, 0x46, 0x0F, 0x21, 0x0F, 0x28, 0x4B, 0x40, 0x33, 0x10, 0xC9, 0x27,
	0x63, 0x73, 0x7F, 0x43, 0x7C, 0xD4, 0x4C, 0x4B, 0xD2, 0x7C, 0x71, 0xC7,
	0x95, 0x56, 0x56, 0x95, 0xC7, 0x71, 0x7C, 0xD4, 0x4C, 0x4B, 0xD2, 0x7C,
	0x43, 0x80, 0x73, 0x64, 0x27, 0xFC, 0x1A, 0x2B, 0x4A, 0x63, 0x38, 0x38,
	0x63, 0x49, 0x2A, 0x2A, 0x49, 0x63, 0x38, 0x38, 0x63, 0x4A, 0x2B, 0x02,
	0x71, 0x13, 0x25, 0x14, 0x38, 0x62, 0x4A, 0x2A, 0x03, 0x07, 0x0A, 0x08,
	0x01, 0x06, 0x05, 0x03, 0x16, 0x29, 0x3B, 0x24, 0xC9, 0x36, 0x56, 0x3C,
	0x1F, 0x62, 0x58, 0x57, 0x63, 0x57, 0x97, 0xCF, 0x78, 0x7A, 0xD0, 0x97,
	0x56, 0x60, 0x56, 0x56, 0x60, 0x20, 0x3C, 0x57, 0x36, 0xFE, 0xB2, 0x42,
	0x6B, 0x4D, 0x29, 0x29, 0x4D, 0x6B, 0x42, 0x3E, 0x6A, 0x4E, 0x2D, 0x2A,
	0x4C, 0x6C, 0x01, 0x59, 0x07, 0x04, 0x29, 0x4C, 0x6B, 0x43, 0x0F, 0x26,
	0x27, 0x24, 0x0E, 0x00, 0x00, 0x02, 0x00, 0x37, 0xFF, 0xE1, 0x08, 0xBE,
	0x05, 0xAC, 0x00, 0x20, 0x00, 0x34, 0x00, 0x00, 0x29, 0x01, 0x35, 0x0E,
	0x01, 0x23, 0x22, 0x2E, 0x04, 0x35, 0x34, 0x3E, 0x04, 0x33, 0x32, 0x16,
	0x17, 0x35, 0x21, 0x11, 0x21, 0x11, 0x21, 0x11, 0x21, 0x11, 0x21, 0x01,
	0x34, 0x2E, 0x02, 0x23, 0x22, 0x0E, 0x02, 0x15, 0x14, 0x1E, 0x02, 0x33,
	0x32, 0x3E, 0x02, 0x08, 0xBE, 0xFC, 0x29, 0x60, 0xE8, 0x82, 0x66, 0xBD,
	0xA5, 0x88, 0x61, 0x35, 0x35, 0x61, 0x88, 0xA5, 0xBD, 0x66, 0x82, 0xE8,
	0x60, 0x03, 0xD7, 0xFD, 0x48, 0x01, 0xD7, 0xFE, 0x29, 0x02, 0xB8, 0xFC,
	0x27, 0x48, 0x7B, 0xA7, 0x5E, 0x5F, 0xA6, 0x7C, 0x48, 0x48, 0x7C, 0xA6,
	0x5F, 0x5E, 0xA7, 0x7B, 0x48, 0x7F, 0x4A, 0x54, 0x35, 0x61, 0x88, 0xA5,
	0xBD, 0x66, 0x66, 0xBE, 0xA4, 0x88, 0x60, 0x35, 0x54, 0x4C, 0x8E, 0xFE,
	0xE1, 0xFE, 0xE1, 0xFE, 0xE1, 0xFE, 0xE2, 0x01, 0xA8, 0x5E, 0xA7, 0x7B,
	0x48, 0x48, 0x7B, 0xA7, 0x5E, 0x5E, 0xA5, 0x7C, 0x48, 0x48, 0x7C, 0xA5,
	0x00, 0x02, 0x00, 0x4E, 0x00, 0x00, 0x05, 0xE5, 0x05, 0x9C, 0x00, 0x15,
	0x00, 0x22, 0x00, 0x00, 0x29, 0x01, 0x11, 0x23, 0x11, 0x21, 0x11, 0x23,
	0x22, 0x2E, 0x02, 0x35, 0x34, 0x3E, 0x04, 0x33, 0x35, 0x05, 0x01, 0x22,
	0x0E, 0x02, 0x15, 0x14, 0x1E, 0x02, 0x3B, 0x01, 0x11, 0x05, 0xE5, 0xFE,
	0xE2, 0xF4, 0xFE, 0xE1, 0x29, 0x76, 0xD1, 0x9C, 0x5A, 0x29, 0x4C, 0x6A,
	0x82, 0x97, 0x52, 0x03, 0x4D, 0xFC, 0xA6, 0x3B, 0x68, 0x4E, 0x2D, 0x2D,
	0x4E, 0x68, 0x3B, 0x29, 0x04, 0x7B, 0xFB, 0x85, 0x01, 0x1F, 0x5A, 0x9C,
	0xD1, 0x76, 0x4F, 0x92, 0x80, 0x69, 0x4B, 0x29, 0x02, 0x02, 0xFE, 0xE1,
	0x2D, 0x4E, 0x69, 0x3B, 0x3B, 0x69, 0x4E, 0x2D, 0x02, 0x3E, 0x00, 0x01,
	0x00, 0x4C, 0x00, 0x00, 0x04, 0xC7, 0x05, 0x9A, 0x00, 0x0B, 0x00, 0x00,
	0x29, 0x01, 0x11, 0x23, 0x11, 0x21, 0x11, 0x23, 0x11, 0x21, 0x11, 0x23,
	0x02, 0x23, 0xFE, 0xE1, 0xB8, 0x04, 0x7B, 0xBB, 0xFE, 0xE2, 0xCB, 0x04,
	0x7B, 0x01, 0x1F, 0xFE, 0xE1, 0xFB, 0x85, 0x04, 0x7B, 0x00, 0x00, 0x01,
	0x00, 0x25, 0x00, 0x00, 0x04, 0x4E, 0x04, 0x2F, 0x00, 0x0B, 0x00, 0x00,
	0x29, 0x01, 0x11, 0x23, 0x11, 0x21, 0x11, 0x23, 0x11, 0x21, 0x11, 0x23,
	0x01, 0xDD, 0xFE, 0xEE, 0xA6, 0x04, 0x29, 0xA8, 0xFE, 0xED, 0xB6, 0x03,
	0x1D, 0x01, 0x12, 0xFE, 0xEE, 0xFC, 0xE3, 0x03, 0x1D, 0x00, 0x00, 0x01,
	0x00, 0x2D, 0x00, 0x00, 0x06, 0x73, 0x06, 0x3F, 0x00, 0x4F, 0x00, 0x00,
	0x21, 0x11, 0x21, 0x32, 0x36, 0x35, 0x34, 0x26, 0x23, 0x21, 0x22, 0x2E,
	0x02, 0x35, 0x34, 0x3E, 0x02, 0x33, 0x32, 0x3E, 0x02, 0x35, 0x34, 0x2E,
	0x02, 0x23, 0x21, 0x22, 0x0E, 0x02, 0x15, 0x11, 0x21, 0x11, 0x23, 0x11,
	0x33, 0x35, 0x34, 0x3E, 0x02, 0x33, 0x21, 0x32, 0x1E, 0x04, 0x15, 0x14,
	0x0E, 0x04, 0x23, 0x22, 0x06, 0x15, 0x14, 0x16, 0x33, 0x21, 0x32, 0x1E,
	0x02, 0x15, 0x14, 0x0E, 0x02, 0x23, 0x02, 0x9A, 0x02, 0x85, 0x1C, 0x27,
	0x27, 0x1C, 0xFE, 0x7D, 0x47, 0x7C, 0x5C, 0x35, 0x35, 0x5C, 0x7C, 0x47,
	0x0E, 0x2C, 0x29, 0x1E, 0x1E, 0x29, 0x2C, 0x0E, 0xFE, 0xF5, 0x2C, 0x4B,
	0x37, 0x20, 0xFE, 0xEF, 0x85, 0x85, 0x4B, 0x83, 0xAE, 0x63, 0x01, 0x0B,
	0x28, 0x5A, 0x59, 0x52, 0x3F, 0x25, 0x25, 0x3F, 0x52, 0x59, 0x5A, 0x28,
	0x1C, 0x28, 0x28, 0x1C, 0x01, 0x83, 0x46, 0x7B, 0x5D, 0x36, 0x36, 0x5D,
	0x7B, 0x46, 0x01, 0x10, 0x28, 0x1C, 0x1D, 0x12, 0x36, 0x5D, 0x7C, 0x47,
	0x47, 0x7C, 0x5C, 0x35, 0x09, 0x1B, 0x33, 0x2A, 0x25, 0x31, 0x1E, 0x0D,
	0x1F, 0x37, 0x4B, 0x2C, 0xFB, 0x9E, 0x03, 0x1F, 0x01, 0x10, 0x33, 0x63,
	0xAE, 0x81, 0x4B, 0x14, 0x29, 0x41, 0x59, 0x73, 0x47, 0x4B, 0x76, 0x59,
	0x3E, 0x27, 0x12, 0x28, 0x1C, 0x1D, 0x29, 0x2F, 0x54, 0x76, 0x46, 0x47,
	0x7B, 0x5D, 0x35, 0x00, 0x00, 0x02, 0x00, 0x6D, 0x00, 0x02, 0x03, 0xB4,
	0x04, 0x46, 0x00, 0x0B, 0x00, 0x0F, 0x00, 0x00, 0x01, 0x21, 0x35, 0x21,
	0x11, 0x21, 0x35, 0x21, 0x15, 0x21, 0x11, 0x21, 0x01, 0x11, 0x21, 0x11,
	0x02, 0x9A, 0xFE, 0xEF, 0xFE, 0xE4, 0x01, 0x1C, 0x01, 0x11, 0x01, 0x1A,
	0xFE, 0xE6, 0x01, 0x1A, 0xFC, 0xB9, 0x01, 0x79, 0xD3, 0x01, 0x10, 0xEA,
	0xEA, 0xFE, 0xF0, 0xFE, 0xC6, 0xFE, 0xF0, 0x01, 0x10, 0x00, 0x00, 0x02,
	0x00, 0x48, 0xFF, 0xEC, 0x04, 0x8F, 0x06, 0x17, 0x00, 0x21, 0x00, 0x35,
	0x00, 0x00, 0x01, 0x16, 0x17, 0x1E, 0x03, 0x15, 0x23, 0x0E, 0x03, 0x23,
	0x22, 0x2E, 0x02, 0x35, 0x34, 0x3E, 0x02, 0x33, 0x32, 0x1E, 0x02, 0x17,
	0x2E, 0x03, 0x27, 0x01, 0x34, 0x2E, 0x02, 0x23, 0x22, 0x0E, 0x02, 0x15,
	0x14, 0x1E, 0x02, 0x33, 0x32, 0x3E, 0x02, 0x03, 0x0A, 0x6D, 0x55, 0x24,
	0x46, 0x37, 0x22, 0x02, 0x02, 0x56, 0x94, 0xC6, 0x71, 0x71, 0xC7, 0x94,
	0x56, 0x56, 0x94, 0xC7, 0x71, 0x0C, 0x1E, 0x1F, 0x1D, 0x0B, 0x18, 0x3F,
	0x4B, 0x55, 0x2E, 0x01, 0xC5, 0x2B, 0x4A, 0x64, 0x38, 0x38, 0x62, 0x4A,
	0x2A, 0x2A, 0x4A, 0x62, 0x38, 0x38, 0x64, 0x4A, 0x2B, 0x06, 0x17, 0xB1,
	0xB4, 0x4D, 0xA9, 0xAC, 0xA9, 0x4C, 0x77, 0xCD, 0x96, 0x55, 0x57, 0x97,
	0xCF, 0x78, 0x7A, 0xCC, 0x94, 0x53, 0x01, 0x06, 0x0B, 0x09, 0x31, 0x73,
	0x7C, 0x83, 0x41, 0xFC, 0x0A, 0x42, 0x6B, 0x4D, 0x29, 0x29, 0x4D, 0x6B,
	0x42, 0x3E, 0x6A, 0x4E, 0x2D, 0x2A, 0x4C, 0x6C, 0x00, 0x02, 0x00, 0x2D,
	0xFF, 0xEC, 0x04, 0x75, 0x06, 0x17, 0x00, 0x29, 0x00, 0x3D, 0x00, 0x00,
	0x01, 0x2E, 0x01, 0x27, 0x21, 0x16, 0x17, 0x1E, 0x01, 0x17, 0x21, 0x15,
	0x23, 0x1E, 0x03, 0x15, 0x23, 0x0E, 0x03, 0x23, 0x22, 0x2E, 0x02, 0x35,
	0x34, 0x3E, 0x02, 0x33, 0x32, 0x1E, 0x02, 0x17, 0x27, 0x21, 0x35, 0x01,
	0x34, 0x2E, 0x02, 0x23, 0x22, 0x0E, 0x02, 0x15, 0x14, 0x1E, 0x02, 0x33,
	0x32, 0x3E, 0x02, 0x01, 0xF0, 0x14, 0x2B, 0x15, 0x01, 0x54, 0x08, 0x0B,
	0x09, 0x1A, 0x11, 0x01, 0x1B, 0xA2, 0x25, 0x46, 0x38, 0x22, 0x02, 0x02,
	0x56, 0x94, 0xC6, 0x71, 0x71, 0xC7, 0x95, 0x56, 0x56, 0x95, 0xC7, 0x71,
	0x0C, 0x1E, 0x1F, 0x1D, 0x0B, 0x44, 0xFE, 0x8D, 0x02, 0x56, 0x2B, 0x4A,
	0x63, 0x38, 0x38, 0x63, 0x49, 0x2A, 0x2A, 0x49, 0x63, 0x38, 0x38, 0x63,
	0x4A, 0x2B, 0x05, 0x9C, 0x1F, 0x3D, 0x1F, 0x0F, 0x12, 0x10, 0x2E, 0x1C,
	0xE8, 0x4D, 0xAA, 0xAC, 0xAA, 0x4C, 0x77, 0xCD, 0x96, 0x55, 0x57, 0x97,
	0xCF, 0x78, 0x7A, 0xCC, 0x94, 0x53, 0x01, 0x06, 0x0B, 0x09, 0x81, 0xE8,
	0xFC, 0x85, 0x42, 0x6B, 0x4D, 0x29, 0x29, 0x4D, 0x6B, 0x42, 0x3E, 0x6A,
	0x4E, 0x2D, 0x2A, 0x4C, 0x6C, 0x00, 0x00, 0x02, 0x00, 0x44, 0xFE, 0xDF,
	0x04, 0x83, 0x04, 0xBE, 0x00, 0x23, 0x00, 0x37, 0x00, 0x00, 0x37, 0x34,
	0x3E, 0x02, 0x33, 0x32, 0x3E, 0x02, 0x3D, 0x01, 0x21, 0x15, 0x0E, 0x03,
	0x23, 0x22, 0x0E, 0x02, 0x15, 0x14, 0x1E, 0x02, 0x33, 0x21, 0x11, 0x21,
	0x22, 0x2E, 0x02, 0x01, 0x34, 0x3E, 0x02, 0x33, 0x32, 0x1E, 0x02, 0x15,
	0x14, 0x0E, 0x02, 0x23, 0x22, 0x2E, 0x02, 0x44, 0x43, 0x75, 0x9D, 0x59,
	0x1F, 0x2E, 0x20, 0x10, 0x01, 0x1E, 0x01, 0x3D, 0x6D, 0x96, 0x5A, 0x1E,
	0x35, 0x27, 0x16, 0x16, 0x27, 0x35, 0x1E, 0x02, 0x91, 0xFD, 0x6F, 0x59,
	0x9D, 0x75, 0x43, 0x02, 0x0E, 0x1B, 0x2E, 0x3E, 0x23, 0x23, 0x3F, 0x2F,
	0x1B, 0x1B, 0x2F, 0x3F, 0x23, 0x23, 0x3E, 0x2E, 0x1B, 0x8D, 0x59, 0x9D,
	0x75, 0x43, 0x16, 0x27, 0x35, 0x1E, 0x4C, 0x50, 0x59, 0x9B, 0x73, 0x43,
	0x17, 0x27, 0x34, 0x1E, 0x1E, 0x34, 0x27, 0x16, 0xFE, 0xE1, 0x44, 0x75,
	0x9C, 0x03, 0xDE, 0x24, 0x3F, 0x2F, 0x1A, 0x1A, 0x2F, 0x3F, 0x24, 0x23,
	0x3D, 0x2F, 0x1B, 0x1B, 0x2F, 0x3D, 0x00, 0x02, 0x00, 0x6D, 0xFE, 0xDF,
	0x01, 0xC7, 0x04, 0xBE, 0x00, 0x03, 0x00, 0x17, 0x00, 0x00, 0x13, 0x33,
	0x13, 0x21, 0x13, 0x34, 0x3E, 0x02, 0x33, 0x32, 0x1E, 0x02, 0x15, 0x14,
	0x0E, 0x02, 0x23, 0x22, 0x2E, 0x02, 0xAA, 0xDF, 0x3E, 0xFE, 0xA6, 0x02,
	0x1A, 0x2E, 0x3E, 0x24, 0x23, 0x3F, 0x2F, 0x1B, 0x1B, 0x2F, 0x3F, 0x23,
	0x24, 0x3E, 0x2E, 0x1A, 0x03, 0x17, 0xFB, 0xC8, 0x05, 0x33, 0x24, 0x3F,
	0x2F, 0x1A, 0x1A, 0x2F, 0x3F, 0x24, 0x23, 0x3D, 0x2F, 0x1B, 0x1B, 0x2F,
	0x3D, 0x00, 0x00, 0x03, 0x00, 0x56, 0x00, 0xDB, 0x05, 0xD7, 0x04, 0x75,
	0x00, 0x27, 0x00, 0x39, 0x00, 0x4D, 0x00, 0x00, 0x01, 0x0E, 0x03, 0x23,
	0x22, 0x2E, 0x02, 0x35, 0x34, 0x3E, 0x02, 0x33, 0x32, 0x1E, 0x02, 0x17,
	0x3E, 0x03, 0x33, 0x32, 0x1E, 0x02, 0x15, 0x14, 0x0E, 0x02, 0x23, 0x22,
	0x2E, 0x02, 0x25, 0x32, 0x3E, 0x02, 0x35, 0x34, 0x2E, 0x02, 0x23, 0x22,
	0x06, 0x15, 0x14, 0x1E, 0x02, 0x01, 0x22, 0x0E, 0x02, 0x15, 0x14, 0x1E,
	0x02, 0x33, 0x32, 0x3E, 0x02, 0x35, 0x34, 0x2E, 0x02, 0x03, 0x14, 0x14,
	0x44, 0x51, 0x57, 0x28, 0x54, 0x94, 0x6E, 0x40, 0x40, 0x6E, 0x94, 0x54,
	0x28, 0x54, 0x4F, 0x46, 0x1C, 0x19, 0x45, 0x4E, 0x54, 0x29, 0x54, 0x93,
	0x6E, 0x40, 0x40, 0x6E, 0x93, 0x54, 0x29, 0x54, 0x4F, 0x46, 0x01, 0x12,
	0x22, 0x34, 0x22, 0x11, 0x1B, 0x2D, 0x3E, 0x22, 0x45, 0x4D, 0x1D, 0x31,
	0x40, 0xFD, 0xB8, 0x15, 0x2A, 0x21, 0x15, 0x1B, 0x2D, 0x3D, 0x23, 0x2A,
	0x39, 0x21, 0x0E, 0x24, 0x38, 0x47, 0x01, 0x75, 0x25, 0x38, 0x25, 0x12,
	0x45, 0x7A, 0xA8, 0x62, 0x63, 0xA8, 0x7B, 0x45, 0x19, 0x2B, 0x3A, 0x20,
	0x25, 0x38, 0x27, 0x14, 0x45, 0x7A, 0xA8, 0x62, 0x63, 0xA8, 0x7B, 0x45,
	0x19, 0x2A, 0x38, 0x9E, 0x20, 0x33, 0x3E, 0x1F, 0x28, 0x42, 0x2D, 0x19,
	0x49, 0x3E, 0x22, 0x4C, 0x41, 0x2A, 0x01, 0x68, 0x18, 0x2E, 0x41, 0x29,
	0x29, 0x41, 0x2E, 0x18, 0x14, 0x20, 0x29, 0x16, 0x31, 0x56, 0x41, 0x25,
	0x00, 0x01, 0x00, 0x44, 0xFF, 0xE1, 0x06, 0x1B, 0x05, 0xAE, 0x00, 0x33,
	0x00, 0x00, 0x01, 0x3E, 0x03, 0x33, 0x32, 0x16, 0x17, 0x07, 0x2E, 0x01,
	0x23, 0x22, 0x06, 0x07, 0x21, 0x07, 0x21, 0x06, 0x14, 0x15, 0x1C, 0x01,
	0x17, 0x21, 0x07, 0x23, 0x1E, 0x01, 0x33, 0x32, 0x36, 0x37, 0x17, 0x0E,
	0x01, 0x23, 0x22, 0x2E, 0x02, 0x27, 0x21, 0x37, 0x33, 0x26, 0x34, 0x3D,
	0x01, 0x23, 0x37, 0x01, 0x91, 0x2B, 0x8A, 0xB1, 0xD0, 0x72, 0x85, 0xF9,
	0x64, 0x98, 0x3F, 0xAD, 0x5E, 0x69, 0xB4, 0x3F, 0x01, 0x2F, 0x37, 0xFE,
	0x9E, 0x02, 0x02, 0x01, 0x4E, 0x38, 0xA4, 0x3F, 0xAF, 0x66, 0x5E, 0xAD,
	0x3F, 0x98, 0x64, 0xF9, 0x85, 0x71, 0xCE, 0xAF, 0x8A, 0x2B, 0xFE, 0xAE,
	0x37, 0xDB, 0x02, 0xC5, 0x38, 0x03, 0xF0, 0x62, 0xA4, 0x76, 0x42, 0x5B,
	0x57, 0xFA, 0x44, 0x49, 0x57, 0x48, 0xFC, 0x0B, 0x17, 0x0B, 0x0E, 0x19,
	0x0D, 0xFB, 0x48, 0x50, 0x49, 0x44, 0xFA, 0x56, 0x5C, 0x41, 0x74, 0xA1,
	0x61, 0xFB, 0x0D, 0x19, 0x0E, 0x2D, 0xFC, 0x00, 0x00, 0x07, 0x00, 0x50,
	0xFF, 0xEC, 0x07, 0xB6, 0x05, 0xB2, 0x00, 0x0B, 0x00, 0x1F, 0x00, 0x23,
	0x00, 0x2F, 0x00, 0x43, 0x00, 0x4F, 0x00, 0x63, 0x00, 0x00, 0x01, 0x34,
	0x26, 0x23, 0x22, 0x06, 0x15, 0x14, 0x16, 0x33, 0x32, 0x36, 0x37, 0x14,
	0x0E, 0x02, 0x23, 0x22, 0x2E, 0x02, 0x35, 0x34, 0x3E, 0x02, 0x33, 0x32,
	0x1E, 0x02, 0x03, 0x23, 0x01, 0x33, 0x03, 0x34, 0x26, 0x23, 0x22, 0x06,
	0x15, 0x14, 0x16, 0x33, 0x32, 0x36, 0x37, 0x14, 0x0E, 0x02, 0x23, 0x22,
	0x2E, 0x02, 0x35, 0x34, 0x3E, 0x02, 0x33, 0x32, 0x1E, 0x02, 0x05, 0x34,
	0x26, 0x23, 0x22, 0x06, 0x15, 0x14, 0x16, 0x33, 0x32, 0x36, 0x37, 0x14,
	0x0E, 0x02, 0x23, 0x22, 0x2E, 0x02, 0x35, 0x34, 0x3E, 0x02, 0x33, 0x32,
	0x1E, 0x02, 0x01, 0xD3, 0x32, 0x30, 0x2F, 0x32, 0x32, 0x2F, 0x30, 0x32,
	0xBE, 0x2D, 0x4E, 0x69, 0x3C, 0x3D, 0x69, 0x4E, 0x2D, 0x2D, 0x4E, 0x69,
	0x3D, 0x3C, 0x69, 0x4E, 0x2D, 0xE7, 0xD9, 0x03, 0x14, 0xD9, 0x45, 0x32,
	0x30, 0x2F, 0x32, 0x32, 0x2F, 0x30, 0x32, 0xBE, 0x2D, 0x4E, 0x69, 0x3C,
	0x3D, 0x69, 0x4E, 0x2D, 0x2D, 0x4E, 0x69, 0x3D, 0x3C, 0x69, 0x4E, 0x2D,
	0x01, 0xC1, 0x32, 0x30, 0x2F, 0x32, 0x32, 0x2F, 0x30, 0x32, 0xBE, 0x2D,
	0x4E, 0x69, 0x3C, 0x3D, 0x69, 0x4E, 0x2D, 0x2D, 0x4E, 0x69, 0x3D, 0x3C,
	0x69, 0x4E, 0x2D, 0x04, 0x48, 0x59, 0x55, 0x55, 0x59, 0x58, 0x56, 0x56,
	0x58, 0x64, 0x8B, 0x56, 0x26, 0x28, 0x57, 0x8A, 0x62, 0x64, 0x8A, 0x56,
	0x26, 0x27, 0x56, 0x8A, 0xFB, 0x55, 0x05, 0x9A, 0xFB, 0xBC, 0x5A, 0x54,
	0x54, 0x5A, 0x57, 0x55, 0x55, 0x57, 0x64, 0x8A, 0x56, 0x26, 0x27, 0x57,
	0x8A, 0x62, 0x64, 0x8A, 0x56, 0x27, 0x27, 0x57, 0x8A, 0x63, 0x5A, 0x54,
	0x54, 0x5A, 0x57, 0x55, 0x55, 0x57, 0x64, 0x8A, 0x56, 0x26, 0x27, 0x57,
	0x8A, 0x62, 0x64, 0x8A, 0x56, 0x27, 0x27, 0x57, 0x8A, 0x00, 0x00, 0x01,
	0x00, 0x7D, 0xFE, 0x3D, 0x04, 0x39, 0x04, 0x2F, 0x00, 0x1B, 0x00, 0x00,
	0x01, 0x14, 0x1E, 0x02, 0x33, 0x32, 0x3E, 0x02, 0x35, 0x11, 0x21, 0x11,
	0x23, 0x27, 0x0E, 0x03, 0x23, 0x22, 0x26, 0x27, 0x03, 0x23, 0x11, 0x21,
	0x01, 0x8D, 0x20, 0x38, 0x4C, 0x2B, 0x2A, 0x4B, 0x38, 0x20, 0x01, 0x10,
	0x41, 0x5A, 0x21, 0x4B, 0x52, 0x57, 0x2D, 0x41, 0x78, 0x34, 0x1D, 0xD5,
	0x01, 0x10, 0x01, 0xDF, 0x36, 0x55, 0x3A, 0x1E, 0x27, 0x40, 0x51, 0x2B,
	0x02, 0x50, 0xFB, 0xD1, 0x7D, 0x1E, 0x35, 0x27, 0x17, 0x1E, 0x1D, 0xFE,
	0x16, 0x05, 0xF2, 0x00, 0x00, 0x01, 0x00, 0x60, 0x00, 0x00, 0x04, 0xDB,
	0x05, 0x9A, 0x00, 0x22, 0x00, 0x00, 0x01, 0x2E, 0x03, 0x35, 0x11, 0x21,
	0x11, 0x14, 0x1E, 0x02, 0x33, 0x32, 0x3E, 0x02, 0x35, 0x11, 0x21, 0x11,
	0x14, 0x0E, 0x02, 0x07, 0x33, 0x11, 0x21, 0x11, 0x21, 0x11, 0x21, 0x11,
	0x01, 0x7F, 0x47, 0x6C, 0x48, 0x24, 0x01, 0x1F, 0x2D, 0x4E, 0x69, 0x3B,
	0x3B, 0x68, 0x4E, 0x2D, 0x01, 0x1F, 0x27, 0x4A, 0x6B, 0x45, 0xEE, 0xFE,
	0x85, 0xFE, 0xE1, 0xFE, 0x85, 0x02, 0x14, 0x22, 0x66, 0x7C, 0x8C, 0x48,
	0x01, 0xAE, 0xFE, 0x52, 0x3B, 0x69, 0x4E, 0x2D, 0x2D, 0x4E, 0x69, 0x3B,
	0x01, 0xAE, 0xFE, 0x52, 0x48, 0x91, 0x7F, 0x64, 0x1C, 0xFE, 0xF0, 0xFE,
	0xFC, 0x01, 0x04, 0x01, 0x10, 0x00, 0x00, 0x02, 0x00, 0x44, 0x00, 0xE7,
	0x04, 0x39, 0x04, 0x9E, 0x00, 0x1B, 0x00, 0x1F, 0x00, 0x00, 0x01, 0x23,
	0x07, 0x33, 0x07, 0x23, 0x07, 0x23, 0x37, 0x23, 0x07, 0x23, 0x37, 0x23,
	0x37, 0x33, 0x37, 0x23, 0x37, 0x33, 0x37, 0x33, 0x07, 0x33, 0x37, 0x33,
	0x07, 0x33, 0x05, 0x07, 0x33, 0x37, 0x04, 0x00, 0x81, 0x2B, 0x83, 0x3B,
	0x83, 0x32, 0xEB, 0x33, 0x7F, 0x33, 0xEC, 0x36, 0x83, 0x3B, 0x81, 0x2B,
	0x83, 0x39, 0x83, 0x36, 0xE9, 0x35, 0x7F, 0x37, 0xEA, 0x38, 0x83, 0xFD,
	0xDB, 0x2B, 0x81, 0x2C, 0x03, 0x0C, 0x99, 0xCF, 0xBD, 0xBD, 0xBD, 0xBD,
	0xCF, 0x99, 0xCF, 0xC3, 0xC3, 0xC3, 0xC3, 0xCF, 0x99, 0x99, 0x00, 0x01,
	0x00, 0x27, 0xFF, 0x33, 0x03, 0x71, 0x06, 0x66, 0x00, 0x2E, 0x00, 0x00,
	0x13, 0x33, 0x32, 0x36, 0x37, 0x36, 0x37, 0x11, 0x34, 0x3E, 0x02, 0x33,
	0x21, 0x11, 0x21, 0x11, 0x14, 0x0E, 0x02, 0x07, 0x06, 0x07, 0x16, 0x17,
	0x1E, 0x03, 0x15, 0x11, 0x21, 0x11, 0x21, 0x22, 0x2E, 0x02, 0x35, 0x11,
	0x36, 0x26, 0x27, 0x26, 0x27, 0x23, 0x27, 0x97, 0x2B, 0x2F, 0x0B, 0x0C,
	0x02, 0x2E, 0x4F, 0x69, 0x3B, 0x01, 0x1F, 0xFE, 0xE1, 0x0E, 0x18, 0x1E,
	0x10, 0x25, 0x2F, 0x2F, 0x25, 0x10, 0x1E, 0x18, 0x0E, 0x01, 0x1F, 0xFE,
	0xE1, 0x38, 0x69, 0x50, 0x30, 0x01, 0x23, 0x16, 0x1A, 0x21, 0x97, 0x03,
	0x68, 0x27, 0x18, 0x1C, 0x24, 0x01, 0x61, 0x3D, 0x69, 0x4D, 0x2B, 0xFE,
	0xE2, 0xFE, 0x99, 0x25, 0x3E, 0x33, 0x29, 0x0F, 0x25, 0x15, 0x14, 0x27,
	0x11, 0x2C, 0x39, 0x47, 0x2B, 0xFE, 0x9C, 0xFE, 0xE1, 0x2C, 0x4D, 0x69,
	0x3D, 0x01, 0x64, 0x37, 0x3C, 0x0E, 0x10, 0x03, 0x00, 0x01, 0x00, 0x4C,
	0xFF, 0x33, 0x03, 0x96, 0x06, 0x66, 0x00, 0x30, 0x00, 0x00, 0x01, 0x23,
	0x06, 0x07, 0x0E, 0x03, 0x17, 0x11, 0x14, 0x0E, 0x02, 0x23, 0x21, 0x11,
	0x21, 0x11, 0x34, 0x3E, 0x02, 0x37, 0x36, 0x37, 0x26, 0x27, 0x2E, 0x03,
	0x35, 0x11, 0x21, 0x11, 0x21, 0x32, 0x1E, 0x02, 0x15, 0x11, 0x16, 0x17,
	0x1E, 0x01, 0x3B, 0x01, 0x03, 0x96, 0x98, 0x21, 0x1A, 0x0B, 0x15, 0x10,
	0x09, 0x01, 0x30, 0x50, 0x69, 0x38, 0xFE, 0xE2, 0x01, 0x1E, 0x0E, 0x18,
	0x1E, 0x10, 0x25, 0x2F, 0x2F, 0x25, 0x10, 0x1E, 0x18, 0x0E, 0xFE, 0xE2,
	0x01, 0x1E, 0x3B, 0x69, 0x4F, 0x2E, 0x02, 0x0C, 0x0B, 0x2E, 0x2C, 0x98,
	0x02, 0x4A, 0x03, 0x10, 0x07, 0x15, 0x1F, 0x2A, 0x1C, 0xFE, 0x9C, 0x3D,
	0x69, 0x4D, 0x2C, 0x01, 0x1F, 0x01, 0x64, 0x2B, 0x47, 0x39, 0x2C, 0x11,
	0x27, 0x14, 0x15, 0x25, 0x0F, 0x29, 0x33, 0x3E, 0x25, 0x01, 0x67, 0x01,
	0x1E, 0x2B, 0x4D, 0x69, 0x3D, 0xFE, 0x9F, 0x24, 0x1C, 0x18, 0x27, 0x00,
	0x00, 0x02, 0x00, 0x6D, 0xFF, 0xBA, 0x01, 0xC7, 0x05, 0x9A, 0x00, 0x03,
	0x00, 0x17, 0x00, 0x00, 0x01, 0x23, 0x03, 0x21, 0x03, 0x14, 0x0E, 0x02,
	0x23, 0x22, 0x2E, 0x02, 0x35, 0x34, 0x3E, 0x02, 0x33, 0x32, 0x1E, 0x02,
	0x01, 0x89, 0xDF, 0x3D, 0x01, 0x5A, 0x02, 0x1B, 0x2E, 0x3E, 0x23, 0x24,
	0x3E, 0x2F, 0x1B, 0x1B, 0x2F, 0x3E, 0x24, 0x23, 0x3E, 0x2E, 0x1B, 0x01,
	0x62, 0x04, 0x38, 0xFA, 0xCC, 0x24, 0x3F, 0x2E, 0x1B, 0x1B, 0x2E, 0x3F,
	0x24, 0x23, 0x3E, 0x2E, 0x1B, 0x1B, 0x2E, 0x3E, 0x00, 0x02, 0x00, 0x50,
	0xFF, 0xBA, 0x04, 0x8F, 0x05, 0x9A, 0x00, 0x23, 0x00, 0x37, 0x00, 0x00,
	0x01, 0x14, 0x0E, 0x02, 0x23, 0x22, 0x0E, 0x02, 0x1D, 0x01, 0x21, 0x35,
	0x3E, 0x03, 0x33, 0x32, 0x3E, 0x02, 0x35, 0x34, 0x2E, 0x02, 0x23, 0x21,
	0x11, 0x21, 0x32, 0x1E, 0x02, 0x01, 0x14, 0x0E, 0x02, 0x23, 0x22, 0x2E,
	0x02, 0x35, 0x34, 0x3E, 0x02, 0x33, 0x32, 0x1E, 0x02, 0x04, 0x8F, 0x43,
	0x75, 0x9D, 0x59, 0x1F, 0x2F, 0x1F, 0x10, 0xFE, 0xE2, 0x01, 0x3D, 0x6D,
	0x96, 0x5A, 0x1E, 0x34, 0x27, 0x17, 0x17, 0x27, 0x34, 0x1E, 0xFD, 0x6F,
	0x02, 0x91, 0x59, 0x9D, 0x75, 0x43, 0xFD, 0xF2, 0x1B, 0x2E, 0x3E, 0x23,
	0x23, 0x3F, 0x2F, 0x1B, 0x1B, 0x2F, 0x3F, 0x23, 0x23, 0x3E, 0x2E, 0x1B,
	0x03, 0xEC, 0x59, 0x9D, 0x75, 0x44, 0x16, 0x27, 0x34, 0x1E, 0x4C, 0x50,
	0x58, 0x9C, 0x73, 0x43, 0x16, 0x27, 0x35, 0x1E, 0x1E, 0x34, 0x27, 0x16,
	0x01, 0x1F, 0x44, 0x75, 0x9C, 0xFC, 0x21, 0x24, 0x3F, 0x2E, 0x1B, 0x1B,
	0x2E, 0x3F, 0x24, 0x23, 0x3E, 0x2E, 0x1B, 0x1B, 0x2E, 0x3E, 0xFF, 0xFF,
	0x00, 0x31, 0x00, 0x00, 0x04, 0xAC, 0x07, 0x7D, 0x02, 0x26, 0x00, 0x1E,
	0x00, 0x00, 0x00, 0x07, 0x00, 0x5E, 0x01, 0x5C, 0x01, 0xD7, 0xFF, 0xFF,
	0x00, 0x44, 0x00, 0x00, 0x04, 0x08, 0x06, 0x0C, 0x02, 0x26, 0x00, 0x3B,
	0x00, 0x00, 0x00, 0x07, 0x00, 0x5E, 0x01, 0x1F, 0x00, 0x66, 0xFF, 0xFF,
	0x00, 0x3D, 0x00, 0x00, 0x04, 0xB8, 0x07, 0x7F, 0x02, 0x26, 0x00, 0x24,
	0x00, 0x00, 0x00, 0x07, 0x00, 0x60, 0x02, 0x10, 0x01, 0xE7, 0xFF, 0xFF,
	0x00, 0x5A, 0xFE, 0x66, 0x04, 0x19, 0x06, 0x15, 0x02, 0x26, 0x00, 0x41,
	0x00, 0x00, 0x00, 0x07, 0x00, 0x60, 0x01, 0xC9, 0x00, 0x7D, 0xFF, 0xFF,
	0x00, 0x2F, 0x00, 0x00, 0x04, 0x85, 0x07, 0x77, 0x02, 0x26, 0x00, 0x25,
	0x00, 0x00, 0x00, 0x07, 0x00, 0x5E, 0x01, 0x48, 0x01, 0xD1, 0xFF, 0xFF,
	0x00, 0x2F, 0x00, 0x00, 0x03, 0xAC, 0x06, 0x0C, 0x02, 0x26, 0x00, 0x42,
	0x00, 0x00, 0x00, 0x07, 0x00, 0x5E, 0x00, 0xDB, 0x00, 0x66, 0xFF, 0xFF,
	0x00, 0x75, 0x00, 0x00, 0x04, 0xF0, 0x06, 0xD3, 0x02, 0x26, 0x00, 0x0C,
	0x00, 0x00, 0x00, 0x07, 0x00, 0x61, 0x01, 0x7D, 0x01, 0x98, 0x00, 0x03,
	0x00, 0x75, 0x00, 0x00, 0x04, 0xF0, 0x06, 0xE3, 0x00, 0x20, 0x00, 0x2D,
	0x00, 0x39, 0x00, 0x00, 0x01, 0x14, 0x06, 0x07, 0x1E, 0x03, 0x15, 0x11,
	0x21, 0x11, 0x21, 0x11, 0x21, 0x11, 0x34, 0x3E, 0x02, 0x37, 0x2E, 0x01,
	0x35, 0x34, 0x3E, 0x02, 0x33, 0x32, 0x1E, 0x02, 0x13, 0x11, 0x34, 0x2E,
	0x02, 0x23, 0x22, 0x0E, 0x02, 0x15, 0x11, 0x01, 0x34, 0x26, 0x23, 0x22,
	0x06, 0x15, 0x14, 0x16, 0x33, 0x32, 0x36, 0x03, 0x77, 0x23, 0x1F, 0x5F,
	0xA2, 0x77, 0x43, 0xFE, 0xE1, 0xFD, 0xC2, 0xFE, 0xE2, 0x42, 0x75, 0xA2,
	0x5F, 0x1F, 0x22, 0x1F, 0x36, 0x47, 0x28, 0x2A, 0x48, 0x36, 0x1F, 0x5A,
	0x2D, 0x4E, 0x69, 0x3B, 0x3B, 0x69, 0x4E, 0x2D, 0x01, 0x5F, 0x26, 0x1C,
	0x1C, 0x23, 0x23, 0x1C, 0x1C, 0x26, 0x06, 0x1D, 0x2D, 0x4B, 0x1C, 0x16,
	0x67, 0x93, 0xB7, 0x66, 0xFC, 0xA4, 0x01, 0x1F, 0xFE, 0xE1, 0x03, 0x5C,
	0x65, 0xB7, 0x93, 0x68, 0x16, 0x1C, 0x4B, 0x2D, 0x28, 0x48, 0x36, 0x20,
	0x20, 0x36, 0x48, 0xFB, 0xF8, 0x01, 0x1F, 0x3B, 0x69, 0x4E, 0x2D, 0x2D,
	0x4E, 0x69, 0x3B, 0xFE, 0xE1, 0x03, 0xE0, 0x1C, 0x27, 0x27, 0x1C, 0x1A,
	0x26, 0x26, 0x00, 0x01, 0x00, 0x37, 0xFE, 0x33, 0x04, 0xFE, 0x05, 0xAE,
	0x00, 0x46, 0x00, 0x00, 0x01, 0x2E, 0x01, 0x27, 0x26, 0x27, 0x37, 0x16,
	0x17, 0x1E, 0x01, 0x33, 0x32, 0x36, 0x35, 0x34, 0x26, 0x23, 0x22, 0x07,
	0x37, 0x2E, 0x03, 0x35, 0x34, 0x3E, 0x04, 0x33, 0x32, 0x16, 0x17, 0x07,
	0x2E, 0x01, 0x23, 0x22, 0x0E, 0x02, 0x15, 0x14, 0x1E, 0x02, 0x33, 0x32,
	0x36, 0x37, 0x17, 0x0E, 0x01, 0x23, 0x22, 0x26, 0x23, 0x07, 0x1E, 0x03,
	0x15, 0x14, 0x0E, 0x02, 0x23, 0x02, 0x7D, 0x24, 0x42, 0x1A, 0x1E, 0x1A,
	0x37, 0x17, 0x17, 0x14, 0x2A, 0x11, 0x16, 0x1D, 0x2B, 0x19, 0x20, 0x19,
	0x44, 0x7B, 0xD2, 0x99, 0x56, 0x35, 0x61, 0x88, 0xA5, 0xBD, 0x66, 0x85,
	0xF8, 0x64, 0x98, 0x3F, 0xAC, 0x5E, 0x5F, 0xA6, 0x7C, 0x48, 0x48, 0x7C,
	0xA6, 0x5F, 0x5E, 0xAC, 0x3F, 0x98, 0x64, 0xF8, 0x85, 0x0E, 0x1A, 0x0E,
	0x10, 0x1F, 0x38, 0x29, 0x18, 0x22, 0x3C, 0x53, 0x31, 0xFE, 0x33, 0x02,
	0x1A, 0x0F, 0x12, 0x15, 0x96, 0x11, 0x0C, 0x0B, 0x12, 0x1C, 0x17, 0x1C,
	0x18, 0x11, 0xBF, 0x1C, 0x86, 0xBF, 0xEC, 0x84, 0x66, 0xBE, 0xA5, 0x88,
	0x61, 0x35, 0x5B, 0x57, 0xFA, 0x44, 0x49, 0x48, 0x7B, 0xA7, 0x5E, 0x5E,
	0xA5, 0x7C, 0x48, 0x49, 0x44, 0xFA, 0x56, 0x5C, 0x02, 0x31, 0x04, 0x1C,
	0x2D, 0x3D, 0x24, 0x32, 0x4E, 0x35, 0x1C, 0x00, 0xFF, 0xFF, 0x00, 0x85,
	0x00, 0x00, 0x04, 0x5C, 0x07, 0x98, 0x02, 0x26, 0x00, 0x10, 0x00, 0x00,
	0x00, 0x07, 0x00, 0x60, 0x02, 0x0A, 0x02, 0x00, 0xFF, 0xFF, 0x00, 0x85,
	0x00, 0x00, 0x05, 0x00, 0x07, 0x4E, 0x02, 0x26, 0x00, 0x19, 0x00, 0x00,
	0x00, 0x07, 0x00, 0x62, 0x01, 0x79, 0x01, 0xC5, 0xFF, 0xFF, 0x00, 0x37,
	0xFF, 0xE1, 0x06, 0x02, 0x06, 0xE9, 0x02, 0x26, 0x00, 0x1A, 0x00, 0x00,
	0x00, 0x07, 0x00, 0x61, 0x01, 0xE7, 0x01, 0xAE, 0xFF, 0xFF, 0x00, 0x75,
	0x00, 0x00, 0x04, 0xF0, 0x06, 0xD9, 0x02, 0x26, 0x00, 0x20, 0x00, 0x00,
	0x00, 0x07, 0x00, 0x61, 0x01, 0x7D, 0x01, 0x9E, 0xFF, 0xFF, 0x00, 0x2F,
	0xFF, 0xEC, 0x04, 0x75, 0x06, 0x52, 0x02, 0x26, 0x00, 0x29, 0x00, 0x00,
	0x00, 0x07, 0x00, 0x60, 0x01, 0xDD, 0x00, 0xBA, 0xFF, 0xFF, 0x00, 0x2F,
	0xFF, 0xEC, 0x04, 0x75, 0x06, 0x54, 0x02, 0x26, 0x00, 0x29, 0x00, 0x00,
	0x00, 0x07, 0x00, 0x65, 0x00, 0xF2, 0x00, 0xBC, 0xFF, 0xFF, 0x00, 0x2F,
	0xFF, 0xEC, 0x04, 0x75, 0x06, 0x1E, 0x02, 0x26, 0x00, 0x29, 0x00, 0x00,
	0x00, 0x07, 0x00, 0x66, 0x01, 0x3F, 0x00, 0x8D, 0xFF, 0xFF, 0x00, 0x2F,
	0xFF, 0xEC, 0x04, 0x75, 0x05, 0x93, 0x02, 0x26, 0x00, 0x29, 0x00, 0x00,
	0x00, 0x07, 0x00, 0x61, 0x01, 0x1D, 0x00, 0x58, 0xFF, 0xFF, 0x00, 0x2F,
	0xFF, 0xEC, 0x04, 0x75, 0x05, 0xF3, 0x02, 0x26, 0x00, 0x29, 0x00, 0x00,
	0x00, 0x07, 0x00, 0x62, 0x01, 0x08, 0x00, 0x6A, 0xFF, 0xFF, 0x00, 0x2F,
	0xFF, 0xEC, 0x04, 0x75, 0x06, 0x31, 0x02, 0x26, 0x00, 0x29, 0x00, 0x00,
	0x00, 0x07, 0x00, 0x5B, 0x01, 0x8B, 0x00, 0x89, 0x00, 0x01, 0x00, 0x2D,
	0xFE, 0x33, 0x04, 0x10, 0x04, 0x58, 0x00, 0x49, 0x00, 0x00, 0x01, 0x2E,
	0x01, 0x27, 0x26, 0x27, 0x37, 0x16, 0x17, 0x1E, 0x01, 0x33, 0x32, 0x36,
	0x35, 0x34, 0x26, 0x23, 0x22, 0x07, 0x37, 0x2E, 0x03, 0x35, 0x34, 0x3E,
	0x02, 0x33, 0x32, 0x1E, 0x02, 0x17, 0x07, 0x2E, 0x03, 0x23, 0x22, 0x0E,
	0x02, 0x15, 0x14, 0x1E, 0x02, 0x33, 0x32, 0x3E, 0x02, 0x37, 0x17, 0x0E,
	0x03, 0x0F, 0x01, 0x1E, 0x03, 0x15, 0x14, 0x0E, 0x02, 0x23, 0x02, 0x02,
	0x24, 0x42, 0x1A, 0x1E, 0x1A, 0x37, 0x17, 0x17, 0x14, 0x2A, 0x11, 0x16,
	0x1D, 0x2B, 0x18, 0x20, 0x1A, 0x42, 0x61, 0xA7, 0x7B, 0x46, 0x56, 0x95,
	0xC7, 0x71, 0x43, 0x81, 0x75, 0x63, 0x24, 0xC8, 0x0F, 0x34, 0x41, 0x4C,
	0x28, 0x38, 0x63, 0x49, 0x2A, 0x2A, 0x49, 0x63, 0x38, 0x28, 0x4A, 0x41,
	0x33, 0x10, 0xC8, 0x24, 0x5B, 0x6A, 0x76, 0x3E, 0x15, 0x1F, 0x38, 0x29,
	0x18, 0x22, 0x3C, 0x53, 0x31, 0xFE, 0x33, 0x02, 0x1A, 0x0F, 0x12, 0x15,
	0x96, 0x11, 0x0C, 0x0B, 0x12, 0x1C, 0x17, 0x1C, 0x18, 0x11, 0xBD, 0x0F,
	0x60, 0x8E, 0xB6, 0x65, 0x7B, 0xD6, 0x9F, 0x5C, 0x22, 0x41, 0x5E, 0x3D,
	0xC9, 0x2A, 0x43, 0x2E, 0x18, 0x2E, 0x53, 0x72, 0x45, 0x38, 0x62, 0x4A,
	0x2A, 0x16, 0x29, 0x3B, 0x24, 0xC9, 0x33, 0x52, 0x3A, 0x22, 0x04, 0x3C,
	0x04, 0x1C, 0x2D, 0x3D, 0x24, 0x32, 0x4E, 0x35, 0x1C, 0x00, 0xFF, 0xFF,
	0x00, 0x2F, 0xFF, 0xEC, 0x04, 0x12, 0x06, 0x54, 0x02, 0x26, 0x00, 0x2D,
	0x00, 0x00, 0x00, 0x07, 0x00, 0x60, 0x01, 0xD9, 0x00, 0xBC, 0xFF, 0xFF,
	0x00, 0x2F, 0xFF, 0xEC, 0x04, 0x12, 0x06, 0x52, 0x02, 0x26, 0x00, 0x2D,
	0x00, 0x00, 0x00, 0x07, 0x00, 0x65, 0x00, 0xDD, 0x00, 0xBA, 0xFF, 0xFF,
	0x00, 0x2F, 0xFF, 0xEC, 0x04, 0x12, 0x06, 0x2B, 0x02, 0x26, 0x00, 0x2D,
	0x00, 0x00, 0x00, 0x07, 0x00, 0x66, 0x01, 0x0E, 0x00, 0x9A, 0xFF, 0xFF,
	0x00, 0x2F, 0xFF, 0xEC, 0x04, 0x12, 0x05, 0xA1, 0x02, 0x26, 0x00, 0x2D,
	0x00, 0x00, 0x00, 0x07, 0x00, 0x61, 0x00, 0xEC, 0x00, 0x66, 0xFF, 0xFF,
	0x00, 0x68, 0x00, 0x00, 0x02, 0x4E, 0x06, 0x29, 0x02, 0x26, 0x00, 0x56,
	0x00, 0x00, 0x00, 0x07, 0x00, 0x60, 0x00, 0x81, 0x00, 0x91, 0xFF, 0xFF,
	0xFF, 0x94, 0x00, 0x00, 0x01, 0x7B, 0x06, 0x29, 0x02, 0x26, 0x00, 0x56,
	0x00, 0x00, 0x00, 0x07, 0x00, 0x65, 0xFF, 0x94, 0x00, 0x91, 0xFF, 0xFF,
	0xFF, 0xE2, 0x00, 0x00, 0x02, 0x05, 0x06, 0x06, 0x02, 0x26, 0x00, 0x56,
	0x00, 0x00, 0x00, 0x06, 0x00, 0x66, 0xE2, 0x75, 0xFF, 0xFF, 0xFF, 0xBF,
	0x00, 0x00, 0x02, 0x27, 0x05, 0x78, 0x02, 0x26, 0x00, 0x56, 0x00, 0x00,
	0x00, 0x06, 0x00, 0x61, 0xBF, 0x3D, 0xFF, 0xFF, 0x00, 0x68, 0x00, 0x00,
	0x04, 0x25, 0x05, 0xE1, 0x02, 0x26, 0x00, 0x36, 0x00, 0x00, 0x00, 0x07,
	0x00, 0x62, 0x00, 0xFC, 0x00, 0x58, 0xFF, 0xFF, 0x00, 0x2D, 0xFF, 0xEC,
	0x04, 0x73, 0x06, 0x52, 0x02, 0x26, 0x00, 0x37, 0x00, 0x00, 0x00, 0x07,
	0x00, 0x60, 0x01, 0xDB, 0x00, 0xBA, 0xFF, 0xFF, 0x00, 0x2D, 0xFF, 0xEC,
	0x04, 0x73, 0x06, 0x54, 0x02, 0x26, 0x00, 0x37, 0x00, 0x00, 0x00, 0x07,
	0x00, 0x65, 0x00, 0xEE, 0x00, 0xBC, 0xFF, 0xFF, 0x00, 0x2D, 0xFF, 0xEC,
	0x04, 0x73, 0x06, 0x22, 0x02, 0x26, 0x00, 0x37, 0x00, 0x00, 0x00, 0x07,
	0x00, 0x66, 0x01, 0x3D, 0x00, 0x91, 0xFF, 0xFF, 0x00, 0x2D, 0xFF, 0xEC,
	0x04, 0x73, 0x05, 0x93, 0x02, 0x26, 0x00, 0x37, 0x00, 0x00, 0x00, 0x07,
	0x00, 0x61, 0x01, 0x1B, 0x00, 0x58, 0xFF, 0xFF, 0x00, 0x2D, 0xFF, 0xEC,
	0x04, 0x73, 0x05, 0xF6, 0x02, 0x26, 0x00, 0x37, 0x00, 0x00, 0x00, 0x07,
	0x00, 0x62, 0x01, 0x06, 0x00, 0x6D, 0xFF, 0xFF, 0x00, 0x5A, 0xFF, 0xEC,
	0x04, 0x17, 0x06, 0x13, 0x02, 0x26, 0x00, 0x3D, 0x00, 0x00, 0x00, 0x07,
	0x00, 0x60, 0x01, 0xCD, 0x00, 0x7B, 0xFF, 0xFF, 0x00, 0x5A, 0xFF, 0xEC,
	0x04, 0x17, 0x06, 0x13, 0x02, 0x26, 0x00, 0x3D, 0x00, 0x00, 0x00, 0x07,
	0x00, 0x65, 0x00, 0xD7, 0x00, 0x7B, 0xFF, 0xFF, 0x00, 0x5A, 0xFF, 0xEC,
	0x04, 0x17, 0x05, 0xF7, 0x02, 0x26, 0x00, 0x3D, 0x00, 0x00, 0x00, 0x07,
	0x00, 0x66, 0x01, 0x27, 0x00, 0x66, 0xFF, 0xFF, 0x00, 0x5A, 0xFF, 0xEC,
	0x04, 0x17, 0x05, 0x7F, 0x02, 0x26, 0x00, 0x3D, 0x00, 0x00, 0x00, 0x07,
	0x00, 0x61, 0x01, 0x04, 0x00, 0x44, 0xFF, 0xFF, 0x00, 0x75, 0x00, 0x00,
	0x04, 0xF0, 0x07, 0x98, 0x02, 0x26, 0x00, 0x0C, 0x00, 0x00, 0x00, 0x07,
	0x00, 0x65, 0x01, 0x48, 0x02, 0x00, 0xFF, 0xFF, 0x00, 0x75, 0x00, 0x00,
	0x04, 0xF0, 0x07, 0x39, 0x02, 0x26, 0x00, 0x0C, 0x00, 0x00, 0x00, 0x07,
	0x00, 0x62, 0x01, 0x68, 0x01, 0xB0, 0xFF, 0xFF, 0x00, 0x37, 0xFF, 0xE1,
	0x06, 0x02, 0x07, 0x50, 0x02, 0x26, 0x00, 0x1A, 0x00, 0x00, 0x00, 0x07,
	0x00, 0x62, 0x01, 0xD3, 0x01, 0xC7, 0xFF, 0xFF, 0x00, 0x5A, 0xFE, 0x66,
	0x04, 0x19, 0x05, 0x8D, 0x02, 0x26, 0x00, 0x41, 0x00, 0x00, 0x00, 0x07,
	0x00, 0x61, 0x01, 0x04, 0x00, 0x52, 0xFF, 0xFF, 0x00, 0x3D, 0x00, 0x00,
	0x04, 0xB8, 0x06, 0xED, 0x02, 0x26, 0x00, 0x24, 0x00, 0x00, 0x00, 0x07,
	0x00, 0x61, 0x01, 0x46, 0x01, 0xB2, 0xFF, 0xFF, 0x00, 0x75, 0x00, 0x00,
	0x04, 0xF0, 0x07, 0x66, 0x02, 0x26, 0x00, 0x0C, 0x00, 0x00, 0x00, 0x07,
	0x00, 0x66, 0x01, 0xA0, 0x01, 0xD5, 0xFF, 0xFF, 0x00, 0x85, 0x00, 0x00,
	0x04, 0x5C, 0x07, 0x7A, 0x02, 0x26, 0x00, 0x10, 0x00, 0x00, 0x00, 0x07,
	0x00, 0x66, 0x01, 0x5E, 0x01, 0xE9, 0xFF, 0xFF, 0x00, 0x75, 0x00, 0x00,
	0x04, 0xF0, 0x07, 0x98, 0x02, 0x26, 0x00, 0x0C, 0x00, 0x00, 0x00, 0x07,
	0x00, 0x60, 0x02, 0x44, 0x02, 0x00, 0xFF, 0xFF, 0x00, 0x85, 0x00, 0x00,
	0x04, 0x5C, 0x06, 0xEB, 0x02, 0x26, 0x00, 0x10, 0x00, 0x00, 0x00, 0x07,
	0x00, 0x61, 0x01, 0x3B, 0x01, 0xB0, 0xFF, 0xFF, 0x00, 0x85, 0x00, 0x00,
	0x04, 0x5C, 0x07, 0x96, 0x02, 0x26, 0x00, 0x10, 0x00, 0x00, 0x00, 0x07,
	0x00, 0x65, 0x01, 0x25, 0x01, 0xFE, 0xFF, 0xFF, 0x00, 0x85, 0x00, 0x00,
	0x02, 0x71, 0x07, 0x98, 0x02, 0x26, 0x00, 0x14, 0x00, 0x00, 0x00, 0x07,
	0x00, 0x60, 0x00, 0xA4, 0x02, 0x00, 0xFF, 0xFF, 0x00, 0x04, 0x00, 0x00,
	0x02, 0x27, 0x07, 0x78, 0x02, 0x26, 0x00, 0x14, 0x00, 0x00, 0x00, 0x07,
	0x00, 0x66, 0x00, 0x04, 0x01, 0xE7, 0xFF, 0xFF, 0xFF, 0xE2, 0x00, 0x00,
	0x02, 0x4A, 0x06, 0xEB, 0x02, 0x26, 0x00, 0x14, 0x00, 0x00, 0x00, 0x07,
	0x00, 0x61, 0xFF, 0xE2, 0x01, 0xB0, 0xFF, 0xFF, 0xFF, 0xB5, 0x00, 0x00,
	0x01, 0xA4, 0x07, 0x96, 0x02, 0x26, 0x00, 0x14, 0x00, 0x00, 0x00, 0x07,
	0x00, 0x65, 0xFF, 0xB5, 0x01, 0xFE, 0xFF, 0xFF, 0x00, 0x37, 0xFF, 0xE1,
	0x06, 0x02, 0x07, 0xA8, 0x02, 0x26, 0x00, 0x1A, 0x00, 0x00, 0x00, 0x07,
	0x00, 0x60, 0x02, 0xB8, 0x02, 0x10, 0xFF, 0xFF, 0x00, 0x37, 0xFF, 0xE1,
	0x06, 0x02, 0x07, 0x7A, 0x02, 0x26, 0x00, 0x1A, 0x00, 0x00, 0x00, 0x07,
	0x00, 0x66, 0x02, 0x0A, 0x01, 0xE9, 0xFF, 0xFF, 0x00, 0x37, 0xFF, 0xE1,
	0x06, 0x02, 0x07, 0xA8, 0x02, 0x26, 0x00, 0x1A, 0x00, 0x00, 0x00, 0x07,
	0x00, 0x65, 0x01, 0xB8, 0x02, 0x10, 0xFF, 0xFF, 0x00, 0x75, 0x00, 0x00,
	0x04, 0xF0, 0x07, 0x98, 0x02, 0x26, 0x00, 0x20, 0x00, 0x00, 0x00, 0x07,
	0x00, 0x60, 0x02, 0x50, 0x02, 0x00, 0xFF, 0xFF, 0x00, 0x75, 0x00, 0x00,
	0x04, 0xF0, 0x07, 0x62, 0x02, 0x26, 0x00, 0x20, 0x00, 0x00, 0x00, 0x07,
	0x00, 0x66, 0x01, 0xA0, 0x01, 0xD1, 0xFF, 0xFF, 0x00, 0x75, 0x00, 0x00,
	0x04, 0xF0, 0x07, 0x84, 0x02, 0x26, 0x00, 0x20, 0x00, 0x00, 0x00, 0x07,
	0x00, 0x65, 0x01, 0x5C, 0x01, 0xEC, 0x00, 0x01, 0x00, 0x50, 0x00, 0x00,
	0x03, 0x6D, 0x05, 0x9C, 0x00, 0x29, 0x00, 0x00, 0x01, 0x1E, 0x01, 0x17,
	0x07, 0x2E, 0x03, 0x23, 0x22, 0x0E, 0x02, 0x15, 0x14, 0x1E, 0x02, 0x33,
	0x32, 0x36, 0x37, 0x17, 0x0E, 0x01, 0x07, 0x11, 0x23, 0x11, 0x2E, 0x03,
	0x35, 0x34, 0x3E, 0x02, 0x37, 0x35, 0x33, 0x02, 0x60, 0x52, 0x8C, 0x2F,
	0xA2, 0x0C, 0x29, 0x34, 0x3D, 0x1F, 0x2D, 0x50, 0x3A, 0x22, 0x22, 0x3A,
	0x50, 0x2D, 0x3F, 0x6C, 0x1A, 0x9F, 0x31, 0x88, 0x51, 0xB8, 0x4A, 0x7E,
	0x5C, 0x34, 0x34, 0x5C, 0x7E, 0x4A, 0xB8, 0x04, 0xA2, 0x13, 0x62, 0x4C,
	0x9F, 0x22, 0x34, 0x24, 0x13, 0x25, 0x42, 0x5B, 0x36, 0x2D, 0x50, 0x3A,
	0x22, 0x44, 0x3B, 0xA2, 0x44, 0x5B, 0x11, 0xFE, 0xD5, 0x01, 0x2D, 0x10,
	0x4E, 0x71, 0x8D, 0x4E, 0x55, 0x98, 0x79, 0x54, 0x11, 0xFA, 0x00, 0x01,
	0x00, 0x5A, 0x00, 0x00, 0x03, 0x5E, 0x05, 0x9A, 0x00, 0x2F, 0x00, 0x00,
	0x01, 0x33, 0x15, 0x21, 0x22, 0x06, 0x15, 0x14, 0x16, 0x3B, 0x01, 0x32,
	0x1E, 0x02, 0x15, 0x14, 0x0E, 0x02, 0x2B, 0x01, 0x11, 0x23, 0x11, 0x21,
	0x35, 0x21, 0x32, 0x36, 0x35, 0x34, 0x26, 0x2B, 0x01, 0x22, 0x2E, 0x02,
	0x35, 0x34, 0x3E, 0x02, 0x3B, 0x01, 0x11, 0x33, 0x02, 0x3B, 0xEA, 0xFE,
	0x45, 0x17, 0x20, 0x20, 0x17, 0xE4, 0x38, 0x63, 0x4A, 0x2B, 0x2B, 0x4A,
	0x63, 0x38, 0x13, 0xB8, 0xFE, 0xD7, 0x01, 0xF4, 0x15, 0x20, 0x20, 0x15,
	0xE4, 0x39, 0x63, 0x49, 0x2B, 0x2B, 0x49, 0x63, 0x39, 0x19, 0xB8, 0x04,
	0x8B, 0xDB, 0x1F, 0x16, 0x17, 0x20, 0x26, 0x44, 0x5E, 0x38, 0x39, 0x64,
	0x49, 0x2B, 0xFE, 0xCD, 0x01, 0x33, 0xD9, 0x21, 0x17, 0x17, 0x0D, 0x2B,
	0x4B, 0x64, 0x39, 0x38, 0x63, 0x4A, 0x2B, 0x01, 0x0F, 0x00, 0x00, 0x01,
	0x00, 0x6D, 0x02, 0xDB, 0x02, 0x71, 0x05, 0x9C, 0x00, 0x21, 0x00, 0x00,
	0x01, 0x14, 0x0E, 0x02, 0x2B, 0x01, 0x22, 0x06, 0x1D, 0x01, 0x21, 0x15,
	0x21, 0x35, 0x34, 0x3E, 0x02, 0x3B, 0x01, 0x32, 0x36, 0x35, 0x34, 0x26,
	0x23, 0x21, 0x35, 0x21, 0x32, 0x1E, 0x02, 0x02, 0x71, 0x23, 0x3D, 0x54,
	0x30, 0x3F, 0x0B, 0x12, 0x01, 0x2F, 0xFE, 0x0D, 0x23, 0x3D, 0x52, 0x2F,
	0x3F, 0x0E, 0x11, 0x11, 0x0E, 0xFE, 0xFC, 0x01, 0x04, 0x30, 0x54, 0x3D,
	0x23, 0x04, 0xBC, 0x30, 0x53, 0x3C, 0x22, 0x12, 0x0B, 0x1E, 0xC5, 0xE3,
	0x2F, 0x52, 0x3E, 0x23, 0x10, 0x0C, 0x0B, 0x10, 0xC5, 0x23, 0x3C, 0x52,
	0x00, 0x01, 0x00, 0x79, 0x00, 0x00, 0x03, 0x66, 0x05, 0x9C, 0x00, 0x34,
	0x00, 0x00, 0x01, 0x33, 0x15, 0x21, 0x22, 0x0E, 0x02, 0x15, 0x14, 0x1E,
	0x02, 0x33, 0x21, 0x15, 0x21, 0x22, 0x0E, 0x02, 0x15, 0x14, 0x1E, 0x02,
	0x33, 0x21, 0x15, 0x23, 0x15, 0x23, 0x35, 0x23, 0x22, 0x2E, 0x02, 0x35,
	0x34, 0x36, 0x37, 0x2E, 0x01, 0x35, 0x34, 0x3E, 0x02, 0x3B, 0x01, 0x35,
	0x33, 0x02, 0x8B, 0xDB, 0xFE, 0x58, 0x16, 0x27, 0x1E, 0x11, 0x11, 0x1E,
	0x27, 0x16, 0x01, 0x05, 0xFE, 0xFB, 0x16, 0x27, 0x1E, 0x11, 0x11, 0x1E,
	0x27, 0x16, 0x01, 0xA8, 0xDB, 0xB8, 0x15, 0x44, 0x76, 0x58, 0x33, 0x2A,
	0x2A, 0x2A, 0x2A, 0x33, 0x58, 0x76, 0x44, 0x15, 0xB8, 0x04, 0xE5, 0xD9,
	0x11, 0x1E, 0x27, 0x16, 0x17, 0x29, 0x1E, 0x11, 0xD9, 0x11, 0x1E, 0x27,
	0x16, 0x17, 0x29, 0x1E, 0x11, 0xD9, 0xA4, 0xA4, 0x33, 0x59, 0x77, 0x45,
	0x3C, 0x70, 0x2D, 0x2D, 0x70, 0x3E, 0x43, 0x77, 0x58, 0x33, 0xB7, 0x00,
	0x00, 0x02, 0x00, 0x6F, 0xFF, 0xFE, 0x04, 0x33, 0x05, 0x9A, 0x00, 0x32,
	0x00, 0x42, 0x00, 0x00, 0x01, 0x11, 0x21, 0x22, 0x06, 0x15, 0x14, 0x16,
	0x17, 0x21, 0x32, 0x1E, 0x02, 0x15, 0x14, 0x06, 0x07, 0x16, 0x15, 0x14,
	0x0E, 0x02, 0x23, 0x21, 0x11, 0x21, 0x32, 0x36, 0x35, 0x34, 0x26, 0x23,
	0x21, 0x22, 0x2E, 0x02, 0x35, 0x34, 0x36, 0x37, 0x2E, 0x01, 0x35, 0x34,
	0x3E, 0x02, 0x33, 0x01, 0x32, 0x36, 0x35, 0x34, 0x2E, 0x02, 0x23, 0x21,
	0x22, 0x06, 0x15, 0x14, 0x16, 0x33, 0x03, 0xE1, 0xFD, 0xE2, 0x1C, 0x28,
	0x1E, 0x17, 0x01, 0x2B, 0x47, 0x7C, 0x5C, 0x35, 0x22, 0x1D, 0x3F, 0x36,
	0x5C, 0x7C, 0x46, 0xFD, 0x90, 0x02, 0x70, 0x1C, 0x28, 0x28, 0x1C, 0xFE,
	0xE4, 0x47, 0x7C, 0x5C, 0x35, 0x20, 0x1D, 0x1D, 0x20, 0x36, 0x5C, 0x7C,
	0x46, 0x01, 0x1C, 0x1C, 0x28, 0x09, 0x11, 0x16, 0x0C, 0xFE, 0xD3, 0x18,
	0x23, 0x28, 0x1C, 0x05, 0x9A, 0xFE, 0xEF, 0x1B, 0x1C, 0x1A, 0x15, 0x02,
	0x36, 0x5D, 0x7D, 0x46, 0x38, 0x63, 0x2A, 0x51, 0x6D, 0x47, 0x79, 0x58,
	0x32, 0x01, 0x10, 0x1A, 0x1C, 0x1D, 0x16, 0x36, 0x5D, 0x7C, 0x47, 0x38,
	0x62, 0x2A, 0x27, 0x60, 0x38, 0x46, 0x79, 0x59, 0x32, 0xFC, 0xED, 0x28,
	0x1C, 0x0D, 0x19, 0x13, 0x0C, 0x2A, 0x19, 0x1D, 0x29, 0x00, 0x00, 0x02,
	0x00, 0x54, 0xFF, 0xEC, 0x04, 0xCF, 0x05, 0xAE, 0x00, 0x0D, 0x00, 0x21,
	0x00, 0x00, 0x01, 0x34, 0x26, 0x23, 0x22, 0x06, 0x15, 0x14, 0x16, 0x33,
	0x32, 0x3E, 0x02, 0x25, 0x14, 0x02, 0x0E, 0x01, 0x23, 0x22, 0x2E, 0x01,
	0x02, 0x35, 0x34, 0x12, 0x3E, 0x01, 0x33, 0x32, 0x1E, 0x01, 0x12, 0x03,
	0xBE, 0x9F, 0x8E, 0x8D, 0x9C, 0x9C, 0x8D, 0x47, 0x70, 0x4D, 0x29, 0x01,
	0x11, 0x5A, 0x9C, 0xD1, 0x77, 0x77, 0xD1, 0x9B, 0x5A, 0x5A, 0x9B, 0xD1,
	0x77, 0x77, 0xD1, 0x9C, 0x5A, 0x02, 0xCD, 0xEF, 0xE8, 0xE6, 0xF1, 0xEF,
	0xE8, 0x39, 0x74, 0xB1, 0x79, 0xCC, 0xFE, 0xE6, 0xAE, 0x4D, 0x4F, 0xAF,
	0x01, 0x19, 0xCA, 0xCC, 0x01, 0x19, 0xAE, 0x4E, 0x4F, 0xB0, 0xFE, 0xE8,
	0x00, 0x01, 0x00, 0x4E, 0x00, 0x00, 0x01, 0xFC, 0x05, 0x9A, 0x00, 0x05,
	0x00, 0x00, 0x29, 0x01, 0x11, 0x23, 0x11, 0x21, 0x01, 0xFC, 0xFE, 0xE1,
	0x8F, 0x01, 0xAE, 0x04, 0x7B, 0x01, 0x1F, 0x00, 0x00, 0x01, 0x00, 0x58,
	0x00, 0x00, 0x04, 0x44, 0x05, 0x9A, 0x00, 0x27, 0x00, 0x00, 0x01, 0x14,
	0x0E, 0x02, 0x2B, 0x01, 0x22, 0x0E, 0x02, 0x1D, 0x01, 0x21, 0x11, 0x21,
	0x11, 0x34, 0x3E, 0x02, 0x3B, 0x01, 0x32, 0x3E, 0x02, 0x35, 0x34, 0x2E,
	0x02, 0x23, 0x21, 0x11, 0x21, 0x32, 0x1E, 0x02, 0x04, 0x44, 0x44, 0x75,
	0x9C, 0x59, 0x90, 0x1E, 0x34, 0x27, 0x16, 0x02, 0xA6, 0xFC, 0x3B, 0x44,
	0x75, 0x9C, 0x59, 0x90, 0x1E, 0x34, 0x27, 0x16, 0x16, 0x27, 0x34, 0x1E,
	0xFE, 0x00, 0x02, 0x00, 0x59, 0x9C, 0x75, 0x44, 0x03, 0xEC, 0x59, 0x9D,
	0x75, 0x44, 0x16, 0x27, 0x34, 0x1E, 0x8F, 0xFE, 0xE1, 0x01, 0xAE, 0x59,
	0x9D, 0x75, 0x43, 0x16, 0x27, 0x35, 0x1E, 0x1E, 0x34, 0x27, 0x16, 0x01,
	0x1F, 0x44, 0x75, 0x9C, 0x00, 0x01, 0x00, 0x64, 0x00, 0x00, 0x04, 0x50,
	0x05, 0x9A, 0x00, 0x2C, 0x00, 0x00, 0x01, 0x14, 0x0E, 0x02, 0x23, 0x21,
	0x11, 0x21, 0x32, 0x3E, 0x02, 0x35, 0x34, 0x2E, 0x02, 0x23, 0x21, 0x11,
	0x21, 0x32, 0x3E, 0x02, 0x35, 0x34, 0x2E, 0x02, 0x23, 0x21, 0x11, 0x21,
	0x32, 0x1E, 0x02, 0x15, 0x14, 0x06, 0x07, 0x1E, 0x01, 0x04, 0x50, 0x44,
	0x75, 0x9C, 0x59, 0xFD, 0xC2, 0x02, 0x3E, 0x1E, 0x34, 0x27, 0x16, 0x16,
	0x27, 0x34, 0x1E, 0xFE, 0x79, 0x01, 0x87, 0x1E, 0x34, 0x27, 0x16, 0x16,
	0x27, 0x34, 0x1E, 0xFD, 0xC2, 0x02, 0x3E, 0x59, 0x9C, 0x75, 0x44, 0x3A,
	0x35, 0x35, 0x3A, 0x01, 0xAE, 0x59, 0x9C, 0x75, 0x44, 0x01, 0x1F, 0x16,
	0x27, 0x34, 0x1E, 0x1E, 0x34, 0x27, 0x16, 0x01, 0x1F, 0x16, 0x27, 0x35,
	0x1E, 0x1E, 0x34, 0x27, 0x16, 0x01, 0x1F, 0x44, 0x75, 0x9C, 0x59, 0x4F,
	0x95, 0x3B, 0x3B, 0x95, 0x00, 0x01, 0x00, 0x3B, 0x00, 0x00, 0x04, 0xB6,
	0x05, 0x9A, 0x00, 0x0D, 0x00, 0x00, 0x01, 0x23, 0x11, 0x21, 0x11, 0x21,
	0x13, 0x21, 0x03, 0x21, 0x11, 0x21, 0x11, 0x33, 0x04, 0xB6, 0x8F, 0xFE,
	0xE1, 0xFD, 0x33, 0xA0, 0x01, 0x1F, 0x7D, 0x01, 0x8B, 0x01, 0x1F, 0x8F,
	0x01, 0x1F, 0xFE, 0xE1, 0x01, 0x1F, 0x04, 0x7B, 0xFC, 0xA3, 0x02, 0xCD,
	0xFD, 0x33, 0x00, 0x01, 0x00, 0x64, 0x00, 0x00, 0x04, 0x68, 0x05, 0x9A,
	0x00, 0x1D, 0x00, 0x00, 0x01, 0x14, 0x0E, 0x02, 0x23, 0x21, 0x11, 0x21,
	0x32, 0x3E, 0x02, 0x35, 0x34, 0x2E, 0x02, 0x23, 0x21, 0x13, 0x21, 0x11,
	0x21, 0x07, 0x21, 0x32, 0x1E, 0x02, 0x04, 0x68, 0x4A, 0x7C, 0xA3, 0x59,
	0xFD, 0xBE, 0x02, 0x42, 0x1D, 0x3B, 0x2F, 0x1D, 0x1D, 0x2F, 0x3B, 0x1D,
	0xFD, 0xBE, 0x54, 0x03, 0x75, 0xFD, 0x8D, 0x1A, 0x01, 0x06, 0x59, 0xA3,
	0x7C, 0x4A, 0x01, 0xC3, 0x69, 0xA8, 0x74, 0x3E, 0x01, 0x1F, 0x12, 0x28,
	0x3E, 0x2C, 0x28, 0x3D, 0x29, 0x15, 0x03, 0x34, 0xFE, 0xE1, 0xF6, 0x3E,
	0x75, 0xA7, 0x00, 0x02, 0x00, 0x4C, 0xFF, 0xD7, 0x04, 0xA6, 0x05, 0x9A,
	0x00, 0x1C, 0x00, 0x30, 0x00, 0x00, 0x01, 0x14, 0x0E, 0x02, 0x23, 0x22,
	0x2E, 0x02, 0x35, 0x34, 0x12, 0x3E, 0x01, 0x37, 0x21, 0x0E, 0x03, 0x07,
	0x3E, 0x01, 0x33, 0x32, 0x1E, 0x02, 0x05, 0x34, 0x2E, 0x02, 0x23, 0x22,
	0x0E, 0x02, 0x15, 0x14, 0x1E, 0x02, 0x33, 0x32, 0x3E, 0x02, 0x04, 0xA6,
	0x53, 0x92, 0xC9, 0x75, 0x75, 0xCF, 0x9A, 0x59, 0x36, 0x68, 0x96, 0x5F,
	0x01, 0x83, 0x3C, 0x72, 0x67, 0x58, 0x22, 0x2B, 0x65, 0x35, 0x79, 0xC3,
	0x88, 0x4A, 0xFE, 0xE1, 0x25, 0x44, 0x60, 0x3B, 0x3B, 0x60, 0x43, 0x24,
	0x25, 0x44, 0x5F, 0x3A, 0x3B, 0x60, 0x44, 0x25, 0x02, 0x0E, 0x74, 0xCE,
	0x9B, 0x5A, 0x5A, 0x9B, 0xCE, 0x74, 0x8A, 0x01, 0x07, 0xEB, 0xC6, 0x4A,
	0x27, 0x60, 0x6E, 0x7A, 0x42, 0x1D, 0x29, 0x51, 0x91, 0xC8, 0x77, 0x39,
	0x65, 0x4D, 0x2C, 0x2C, 0x4D, 0x65, 0x39, 0x37, 0x65, 0x4E, 0x2E, 0x2C,
	0x4D, 0x66, 0x00, 0x01, 0x00, 0x31, 0x00, 0x00, 0x04, 0x1D, 0x05, 0x9A,
	0x00, 0x05, 0x00, 0x00, 0x09, 0x01, 0x21, 0x01, 0x21, 0x11, 0x04, 0x1D,
	0xFE, 0x16, 0xFE, 0xCD, 0x01, 0x93, 0xFD, 0x9E, 0x05, 0x9A, 0xFA, 0x66,
	0x04, 0x7B, 0x01, 0x1F, 0x00, 0x03, 0x00, 0x48, 0xFF, 0xDB, 0x04, 0xAA,
	0x05, 0xC7, 0x00, 0x27, 0x00, 0x3B, 0x00, 0x4F, 0x00, 0x00, 0x01, 0x14,
	0x0E, 0x02, 0x23, 0x22, 0x2E, 0x02, 0x35, 0x34, 0x3E, 0x02, 0x37, 0x2E,
	0x03, 0x35, 0x34, 0x3E, 0x02, 0x33, 0x32, 0x1E, 0x02, 0x15, 0x14, 0x0E,
	0x02, 0x07, 0x1E, 0x03, 0x01, 0x34, 0x2E, 0x02, 0x23, 0x22, 0x0E, 0x02,
	0x15, 0x14, 0x1E, 0x02, 0x33, 0x32, 0x3E, 0x02, 0x13, 0x34, 0x2E, 0x02,
	0x23, 0x22, 0x0E, 0x02, 0x15, 0x14, 0x1E, 0x02, 0x33, 0x32, 0x3E, 0x02,
	0x04, 0xAA, 0x58, 0x99, 0xCC, 0x74, 0x74, 0xCC, 0x99, 0x58, 0x1E, 0x39,
	0x50, 0x32, 0x1F, 0x31, 0x23, 0x12, 0x4B, 0x82, 0xAE, 0x62, 0x63, 0xAE,
	0x83, 0x4B, 0x13, 0x22, 0x31, 0x1F, 0x31, 0x50, 0x38, 0x1E, 0xFE, 0x95,
	0x1F, 0x35, 0x48, 0x28, 0x29, 0x48, 0x35, 0x1F, 0x1F, 0x35, 0x48, 0x29,
	0x28, 0x48, 0x35, 0x1F, 0x4E, 0x2B, 0x4B, 0x65, 0x39, 0x39, 0x64, 0x4B,
	0x2B, 0x2B, 0x4B, 0x64, 0x39, 0x39, 0x65, 0x4B, 0x2B, 0x01, 0x9A, 0x61,
	0xA4, 0x77, 0x43, 0x43, 0x77, 0xA4, 0x61, 0x38, 0x6B, 0x5E, 0x4F, 0x1C,
	0x1B, 0x46, 0x4E, 0x53, 0x29, 0x54, 0x93, 0x6F, 0x40, 0x40, 0x6F, 0x93,
	0x54, 0x29, 0x53, 0x4F, 0x46, 0x1C, 0x1C, 0x4E, 0x5E, 0x6A, 0x02, 0x40,
	0x23, 0x3D, 0x2E, 0x1A, 0x1A, 0x2E, 0x3D, 0x23, 0x23, 0x3C, 0x2C, 0x1A,
	0x1A, 0x2C, 0x3C, 0xFD, 0xB3, 0x30, 0x53, 0x3E, 0x24, 0x24, 0x3E, 0x53,
	0x30, 0x30, 0x50, 0x3A, 0x21, 0x21, 0x3A, 0x50, 0x00, 0x02, 0x00, 0x46,
	0x00, 0x00, 0x04, 0xA0, 0x05, 0xC3, 0x00, 0x1C, 0x00, 0x30, 0x00, 0x00,
	0x01, 0x14, 0x02, 0x0E, 0x01, 0x07, 0x21, 0x3E, 0x03, 0x37, 0x0E, 0x01,
	0x23, 0x22, 0x2E, 0x02, 0x35, 0x34, 0x3E, 0x02, 0x33, 0x32, 0x1E, 0x02,
	0x05, 0x34, 0x2E, 0x02, 0x23, 0x22, 0x0E, 0x02, 0x15, 0x14, 0x1E, 0x02,
	0x33, 0x32, 0x3E, 0x02, 0x04, 0xA0, 0x37, 0x68, 0x96, 0x5F, 0xFE, 0x7D,
	0x3D, 0x72, 0x67, 0x58, 0x22, 0x2C, 0x64, 0x35, 0x7A, 0xC2, 0x89, 0x49,
	0x53, 0x92, 0xC8, 0x75, 0x76, 0xCF, 0x9A, 0x59, 0xFE, 0xCD, 0x26, 0x45,
	0x60, 0x3A, 0x3B, 0x5F, 0x44, 0x24, 0x24, 0x44, 0x5F, 0x3B, 0x3B, 0x61,
	0x44, 0x25, 0x03, 0x8B, 0x8A, 0xFE, 0xF9, 0xEA, 0xC6, 0x4A, 0x27, 0x60,
	0x6E, 0x7A, 0x41, 0x1D, 0x29, 0x51, 0x91, 0xC8, 0x77, 0x74, 0xCF, 0x9B,
	0x5A, 0x5A, 0x9B, 0xCF, 0x74, 0x37, 0x66, 0x4E, 0x2E, 0x2D, 0x4C, 0x66,
	0x3A, 0x39, 0x65, 0x4C, 0x2C, 0x2C, 0x4C, 0x65, 0x00, 0x05, 0x00, 0x4A,
	0xFF, 0xEC, 0x05, 0x31, 0x05, 0xB2, 0x00, 0x0B, 0x00, 0x1F, 0x00, 0x23,
	0x00, 0x2F, 0x00, 0x43, 0x00, 0x00, 0x01, 0x34, 0x26, 0x23, 0x22, 0x06,
	0x15, 0x14, 0x16, 0x33, 0x32, 0x36, 0x37, 0x14, 0x0E, 0x02, 0x23, 0x22,
	0x2E, 0x02, 0x35, 0x34, 0x3E, 0x02, 0x33, 0x32, 0x1E, 0x02, 0x03, 0x23,
	0x01, 0x33, 0x03, 0x34, 0x26, 0x23, 0x22, 0x06, 0x15, 0x14, 0x16, 0x33,
	0x32, 0x36, 0x37, 0x14, 0x0E, 0x02, 0x23, 0x22, 0x2E, 0x02, 0x35, 0x34,
	0x3E, 0x02, 0x33, 0x32, 0x1E, 0x02, 0x01, 0xCD, 0x33, 0x30, 0x2E, 0x32,
	0x32, 0x2E, 0x30, 0x33, 0xBE, 0x2D, 0x4E, 0x69, 0x3D, 0x3C, 0x69, 0x4E,
	0x2D, 0x2D, 0x4E, 0x69, 0x3C, 0x3D, 0x69, 0x4E, 0x2D, 0xE7, 0xD9, 0x03,
	0x14, 0xD9, 0x45, 0x33, 0x30, 0x2E, 0x32, 0x32, 0x2E, 0x30, 0x33, 0xBE,
	0x2D, 0x4E, 0x69, 0x3D, 0x3C, 0x69, 0x4E, 0x2D, 0x2D, 0x4E, 0x69, 0x3C,
	0x3D, 0x69, 0x4E, 0x2D, 0x04, 0x48, 0x59, 0x55, 0x55, 0x59, 0x58, 0x56,
	0x56, 0x58, 0x64, 0x8B, 0x56, 0x26, 0x28, 0x57, 0x8A, 0x62, 0x64, 0x8A,
	0x56, 0x26, 0x27, 0x56, 0x8A, 0xFB, 0x55, 0x05, 0x9A, 0xFB, 0xBC, 0x5A,
	0x54, 0x54, 0x5A, 0x57, 0x55, 0x55, 0x57, 0x64, 0x8A, 0x56, 0x26, 0x27,
	0x57, 0x8A, 0x62, 0x64, 0x8A, 0x56, 0x27, 0x27, 0x57, 0x8A, 0x00, 0x03,
	0x00, 0x4A, 0x00, 0x00, 0x04, 0xCD, 0x05, 0x9C, 0x00, 0x05, 0x00, 0x09,
	0x00, 0x2B, 0x00, 0x00, 0x01, 0x23, 0x11, 0x23, 0x35, 0x21, 0x03, 0x23,
	0x01, 0x33, 0x13, 0x14, 0x0E, 0x02, 0x2B, 0x01, 0x22, 0x06, 0x1D, 0x01,
	0x21, 0x15, 0x21, 0x35, 0x34, 0x3E, 0x02, 0x3B, 0x01, 0x32, 0x36, 0x35,
	0x34, 0x26, 0x23, 0x21, 0x35, 0x21, 0x32, 0x1E, 0x02, 0x01, 0x96, 0xC5,
	0x3E, 0x01, 0x03, 0x73, 0xD9, 0x03, 0x14, 0xD9, 0x96, 0x23, 0x3D, 0x54,
	0x30, 0x3F, 0x0B, 0x12, 0x01, 0x2F, 0xFE, 0x0D, 0x23, 0x3D, 0x52, 0x2F,
	0x3F, 0x0E, 0x11, 0x11, 0x0E, 0xFE, 0xFC, 0x01, 0x04, 0x30, 0x54, 0x3D,
	0x23, 0x02, 0xDB, 0x01, 0xFC, 0xC5, 0xFA, 0x64, 0x05, 0x9A, 0xFC, 0x47,
	0x30, 0x53, 0x3C, 0x22, 0x12, 0x0B, 0x1E, 0xC5, 0xE3, 0x2F, 0x52, 0x3E,
	0x23, 0x10, 0x0C, 0x0B, 0x10, 0xC5, 0x23, 0x3C, 0x52, 0x00, 0x00, 0x03,
	0x00, 0x4A, 0x00, 0x00, 0x04, 0xE5, 0x05, 0x9C, 0x00, 0x05, 0x00, 0x09,
	0x00, 0x17, 0x00, 0x00, 0x01, 0x23, 0x11, 0x23, 0x35, 0x21, 0x03, 0x23,
	0x01, 0x33, 0x13, 0x23, 0x15, 0x23, 0x35, 0x21, 0x13, 0x33, 0x03, 0x33,
	0x11, 0x33, 0x11, 0x33, 0x01, 0x96, 0xC5, 0x3E, 0x01, 0x03, 0x73, 0xD9,
	0x03, 0x14, 0xD9, 0xAE, 0x3F, 0xC5, 0xFE, 0xBD, 0x50, 0xC8, 0x3B, 0x66,
	0xC5, 0x3F, 0x02, 0xDB, 0x01, 0xFC, 0xC5, 0xFA, 0x64, 0x05, 0x9A, 0xFA,
	0xE5, 0x7F, 0x7F, 0x02, 0x42, 0xFE, 0x85, 0x01, 0x3B, 0xFE, 0xC5, 0x00,
	0x00, 0x01, 0x00, 0x5C, 0x02, 0xDB, 0x01, 0x5E, 0x05, 0x9C, 0x00, 0x05,
	0x00, 0x00, 0x01, 0x23, 0x11, 0x23, 0x35, 0x21, 0x01, 0x5E, 0xC4, 0x3E,
	0x01, 0x02, 0x02, 0xDB, 0x01, 0xFC, 0xC5, 0x00, 0x00, 0x03, 0x00, 0x5A,
	0x00, 0x00, 0x05, 0x62, 0x05, 0x9A, 0x00, 0x03, 0x00, 0x11, 0x00, 0x36,
	0x00, 0x00, 0x21, 0x23, 0x01, 0x33, 0x13, 0x23, 0x15, 0x23, 0x35, 0x21,
	0x13, 0x33, 0x03, 0x33, 0x11, 0x33, 0x11, 0x33, 0x01, 0x14, 0x0E, 0x02,
	0x23, 0x21, 0x35, 0x21, 0x32, 0x36, 0x35, 0x34, 0x26, 0x2B, 0x01, 0x35,
	0x33, 0x32, 0x36, 0x35, 0x34, 0x26, 0x23, 0x21, 0x35, 0x21, 0x32, 0x1E,
	0x02, 0x15, 0x14, 0x06, 0x07, 0x1E, 0x01, 0x01, 0xA0, 0xD9, 0x03, 0x14,
	0xD9, 0xAE, 0x3F, 0xC5, 0xFE, 0xBD, 0x4F, 0xC9, 0x3B, 0x66, 0xC5, 0x3F,
	0xFC, 0xFC, 0x23, 0x3D, 0x53, 0x30, 0xFE, 0xDF, 0x01, 0x21, 0x0E, 0x11,
	0x11, 0x0E, 0xD1, 0xD1, 0x0E, 0x11, 0x11, 0x0E, 0xFE, 0xDF, 0x01, 0x21,
	0x30, 0x53, 0x3D, 0x23, 0x11, 0x16, 0x14, 0x13, 0x05, 0x9A, 0xFA, 0xE5,
	0x7F, 0x7F, 0x02, 0x42, 0xFE, 0x85, 0x01, 0x3B, 0xFE, 0xC5, 0x02, 0x76,
	0x30, 0x53, 0x3D, 0x23, 0xC5, 0x10, 0x0E, 0x0B, 0x12, 0xC5, 0x10, 0x0C,
	0x0B, 0x10, 0xC5, 0x23, 0x3C, 0x52, 0x2F, 0x23, 0x42, 0x1C, 0x1D, 0x3E,
	0x00, 0x01, 0x00, 0x5E, 0x00, 0x00, 0x05, 0x2F, 0x05, 0x9A, 0x00, 0x23,
	0x00, 0x00, 0x01, 0x14, 0x0E, 0x02, 0x23, 0x21, 0x11, 0x23, 0x11, 0x33,
	0x35, 0x34, 0x3E, 0x02, 0x3B, 0x01, 0x11, 0x23, 0x22, 0x0E, 0x02, 0x1D,
	0x01, 0x33, 0x11, 0x23, 0x11, 0x21, 0x32, 0x3E, 0x02, 0x35, 0x05, 0x2F,
	0x43, 0x75, 0x9D, 0x59, 0xFD, 0x83, 0xA6, 0xA6, 0x44, 0x75, 0x9C, 0x59,
	0x79, 0x79, 0x1E, 0x34, 0x27, 0x16, 0xC9, 0xC9, 0x01, 0x5E, 0x1E, 0x34,
	0x27, 0x16, 0x01, 0xAE, 0x59, 0x9C, 0x75, 0x44, 0x02, 0x23, 0x01, 0x10,
	0xB9, 0x59, 0x9C, 0x75, 0x44, 0xFE, 0xE1, 0x16, 0x27, 0x34, 0x1E, 0xB9,
	0xFE, 0xF0, 0xFE, 0xFC, 0x16, 0x27, 0x34, 0x1E, 0x00, 0x01, 0x00, 0x75,
	0x02, 0xD9, 0x02, 0x79, 0x05, 0x9A, 0x00, 0x24, 0x00, 0x00, 0x01, 0x14,
	0x0E, 0x02, 0x23, 0x21, 0x35, 0x21, 0x32, 0x36, 0x35, 0x34, 0x26, 0x2B,
	0x01, 0x35, 0x33, 0x32, 0x36, 0x35, 0x34, 0x26, 0x23, 0x21, 0x35, 0x21,
	0x32, 0x1E, 0x02, 0x15, 0x14, 0x06, 0x07, 0x1E, 0x01, 0x02, 0x79, 0x23,
	0x3D, 0x53, 0x30, 0xFE, 0xDF, 0x01, 0x21, 0x0E, 0x10, 0x10, 0x0E, 0xD1,
	0xD1, 0x0E, 0x10, 0x10, 0x0E, 0xFE, 0xDF, 0x01, 0x21, 0x30, 0x53, 0x3D,
	0x23, 0x11, 0x16, 0x14, 0x13, 0x03, 0xBC, 0x30, 0x53, 0x3D, 0x23, 0xC5,
	0x10, 0x0E, 0x0B, 0x12, 0xC5, 0x10, 0x0C, 0x0B, 0x10, 0xC5, 0x23, 0x3C,
	0x52, 0x2F, 0x23, 0x42, 0x1C, 0x1D, 0x3E, 0x00, 0x00, 0x03, 0x00, 0x62,
	0xFF, 0xBA, 0x05, 0xEE, 0x01, 0x10, 0x00, 0x13, 0x00, 0x27, 0x00, 0x3B,
	0x00, 0x00, 0x25, 0x14, 0x0E, 0x02, 0x23, 0x22, 0x2E, 0x02, 0x35, 0x34,
	0x3E, 0x02, 0x33, 0x32, 0x1E, 0x02, 0x05, 0x14, 0x0E, 0x02, 0x23, 0x22,
	0x2E, 0x02, 0x35, 0x34, 0x3E, 0x02, 0x33, 0x32, 0x1E, 0x02, 0x05, 0x14,
	0x0E, 0x02, 0x23, 0x22, 0x2E, 0x02, 0x35, 0x34, 0x3E, 0x02, 0x33, 0x32,
	0x1E, 0x02, 0x01, 0xB8, 0x1A, 0x2E, 0x3E, 0x24, 0x23, 0x3F, 0x2F, 0x1B,
	0x1B, 0x2F, 0x3F, 0x23, 0x24, 0x3E, 0x2E, 0x1A, 0x02, 0x1B, 0x1B, 0x2E,
	0x3E, 0x23, 0x23, 0x3F, 0x2F, 0x1B, 0x1B, 0x2F, 0x3F, 0x23, 0x23, 0x3E,
	0x2E, 0x1B, 0x02, 0x1B, 0x1B, 0x2E, 0x3E, 0x23, 0x24, 0x3E, 0x2F, 0x1B,
	0x1B, 0x2F, 0x3E, 0x24, 0x23, 0x3E, 0x2E, 0x1B, 0x66, 0x24, 0x3F, 0x2E,
	0x1B, 0x1B, 0x2E, 0x3F, 0x24, 0x23, 0x3E, 0x2E, 0x1B, 0x1B, 0x2E, 0x3E,
	0x23, 0x24, 0x3F, 0x2E, 0x1B, 0x1B, 0x2E, 0x3F, 0x24, 0x23, 0x3E, 0x2E,
	0x1B, 0x1B, 0x2E, 0x3E, 0x23, 0x24, 0x3F, 0x2E, 0x1B, 0x1B, 0x2E, 0x3F,
	0x24, 0x23, 0x3E, 0x2E, 0x1B, 0x1B, 0x2E, 0x3E, 0x00, 0x02, 0x00, 0x2D,
	0x00, 0x00, 0x04, 0xFC, 0x06, 0x3F, 0x00, 0x19, 0x00, 0x2D, 0x00, 0x00,
	0x29, 0x01, 0x11, 0x23, 0x11, 0x33, 0x35, 0x34, 0x3E, 0x02, 0x3B, 0x01,
	0x11, 0x23, 0x22, 0x0E, 0x02, 0x1D, 0x01, 0x21, 0x11, 0x21, 0x11, 0x21,
	0x01, 0x14, 0x0E, 0x02, 0x23, 0x22, 0x2E, 0x02, 0x35, 0x34, 0x3E, 0x02,
	0x33, 0x32, 0x1E, 0x02, 0x01, 0xC3, 0xFE, 0xEF, 0x85, 0x85, 0x4B, 0x83,
	0xAE, 0x63, 0xCD, 0xCD, 0x2C, 0x4B, 0x37, 0x20, 0x03, 0x0A, 0xFE, 0xED,
	0xFE, 0x09, 0x03, 0x39, 0x1D, 0x32, 0x43, 0x26, 0x26, 0x43, 0x31, 0x1D,
	0x1D, 0x31, 0x43, 0x26, 0x26, 0x43, 0x32, 0x1D, 0x03, 0x1F, 0x01, 0x10,
	0x33, 0x63, 0xAE, 0x81, 0x4B, 0xFE, 0xF0, 0x1F, 0x37, 0x4B, 0x2C, 0x33,
	0xFB, 0xD1, 0x03, 0x1F, 0x02, 0x33, 0x26, 0x42, 0x31, 0x1D, 0x1D, 0x31,
	0x42, 0x26, 0x25, 0x43, 0x31, 0x1D, 0x1D, 0x31, 0x43, 0x00, 0x00, 0x01,
	0x00, 0x2D, 0x00, 0x00, 0x04, 0xA8, 0x06, 0x3F, 0x00, 0x19, 0x00, 0x00,
	0x29, 0x01, 0x11, 0x23, 0x11, 0x33, 0x35, 0x34, 0x3E, 0x02, 0x33, 0x21,
	0x03, 0x21, 0x11, 0x21, 0x22, 0x0E, 0x02, 0x1D, 0x01, 0x21, 0x11, 0x21,
	0x01, 0xC3, 0xFE, 0xEF, 0x85, 0x85, 0x4B, 0x83, 0xAE, 0x63, 0x02, 0x17,
	0x02, 0xFE, 0xED, 0xFE, 0xFE, 0x2C, 0x4B, 0x37, 0x20, 0x01, 0x4F, 0xFE,
	0xB1, 0x03, 0x1F, 0x01, 0x10, 0x33, 0x63, 0xAE, 0x81, 0x4B, 0xF9, 0xC1,
	0x05, 0x2F, 0x1F, 0x37, 0x4B, 0x2C, 0x33, 0xFE, 0xF0, 0x00, 0x00, 0x01,
	0xFE, 0xD1, 0xFE, 0x68, 0x01, 0x81, 0x04, 0x2F, 0x00, 0x12, 0x00, 0x00,
	0x01, 0x11, 0x17, 0x32, 0x3E, 0x02, 0x35, 0x11, 0x21, 0x11, 0x23, 0x0E,
	0x05, 0x23, 0xFE, 0xD1, 0x97, 0x37, 0x5E, 0x45, 0x28, 0x01, 0x17, 0x02,
	0x01, 0x27, 0x48, 0x64, 0x79, 0x8B, 0x4B, 0xFE, 0x68, 0x01, 0x13, 0x02,
	0x2D, 0x4B, 0x62, 0x36, 0x03, 0xA6, 0xFC, 0x5A, 0x4B, 0x8C, 0x79, 0x63,
	0x47, 0x27, 0x00, 0x02, 0x00, 0x33, 0x01, 0x1B, 0x03, 0x6F, 0x04, 0x56,
	0x00, 0x13, 0x00, 0x33, 0x00, 0x00, 0x01, 0x34, 0x2E, 0x02, 0x23, 0x22,
	0x0E, 0x02, 0x15, 0x14, 0x1E, 0x02, 0x33, 0x32, 0x3E, 0x02, 0x37, 0x14,
	0x07, 0x17, 0x07, 0x27, 0x0E, 0x01, 0x23, 0x22, 0x26, 0x27, 0x07, 0x27,
	0x37, 0x26, 0x35, 0x34, 0x36, 0x37, 0x27, 0x37, 0x17, 0x3E, 0x01, 0x33,
	0x32, 0x17, 0x37, 0x17, 0x07, 0x16, 0x02, 0x73, 0x1A, 0x2D, 0x3B, 0x22,
	0x22, 0x3B, 0x2C, 0x19, 0x19, 0x2C, 0x3B, 0x22, 0x22, 0x3B, 0x2D, 0x1A,
	0xA4, 0x25, 0x76, 0x83, 0x70, 0x25, 0x54, 0x2D, 0x2F, 0x54, 0x25, 0x6D,
	0x81, 0x71, 0x23, 0x12, 0x13, 0x79, 0x83, 0x75, 0x23, 0x54, 0x2D, 0x5A,
	0x4A, 0x79, 0x83, 0x7D, 0x25, 0x02, 0xB2, 0x27, 0x41, 0x2D, 0x19, 0x19,
	0x2D, 0x41, 0x27, 0x25, 0x40, 0x30, 0x1B, 0x1A, 0x2E, 0x41, 0x27, 0x56,
	0x4A, 0x74, 0x83, 0x70, 0x15, 0x18, 0x18, 0x15, 0x6C, 0x83, 0x72, 0x49,
	0x55, 0x2C, 0x51, 0x23, 0x7B, 0x83, 0x77, 0x16, 0x17, 0x29, 0x79, 0x85,
	0x7B, 0x48, 0x00, 0x01, 0x00, 0x7B, 0x02, 0x4C, 0x02, 0xE1, 0x03, 0x5C,
	0x00, 0x03, 0x00, 0x00, 0x01, 0x11, 0x21, 0x11, 0x02, 0xE1, 0xFD, 0x9A,
	0x03, 0x5C, 0xFE, 0xF0, 0x01, 0x10, 0x00, 0x01, 0x00, 0x3D, 0x04, 0x42,
	0x01, 0x4E, 0x05, 0xEE, 0x00, 0x17, 0x00, 0x00, 0x13, 0x34, 0x3E, 0x02,
	0x37, 0x17, 0x0E, 0x01, 0x07, 0x1E, 0x03, 0x15, 0x14, 0x0E, 0x02, 0x23,
	0x22, 0x2E, 0x02, 0x3D, 0x0D, 0x1D, 0x2F, 0x22, 0x58, 0x17, 0x16, 0x06,
	0x18, 0x29, 0x1F, 0x11, 0x16, 0x25, 0x31, 0x1B, 0x1D, 0x33, 0x25, 0x15,
	0x04, 0xC9, 0x23, 0x51, 0x50, 0x47, 0x1A, 0x3E, 0x1A, 0x2D, 0x17, 0x05,
	0x18, 0x24, 0x2E, 0x1A, 0x1C, 0x31, 0x25, 0x15, 0x15, 0x25, 0x31, 0x00,
	0x00, 0x01, 0x00, 0x00, 0x03, 0xF0, 0x01, 0x10, 0x05, 0x9C, 0x00, 0x17,
	0x00, 0x00, 0x01, 0x14, 0x0E, 0x02, 0x07, 0x27, 0x3E, 0x01, 0x37, 0x2E,
	0x03, 0x35, 0x34, 0x3E, 0x02, 0x33, 0x32, 0x1E, 0x02, 0x01, 0x10, 0x0D,
	0x1E, 0x30, 0x22, 0x56, 0x16, 0x17, 0x07, 0x18, 0x29, 0x1F, 0x11, 0x15,
	0x25, 0x31, 0x1C, 0x1D, 0x32, 0x25, 0x15, 0x05, 0x12, 0x23, 0x50, 0x4F,
	0x47, 0x19, 0x3D, 0x19, 0x2E, 0x17, 0x05, 0x18, 0x24, 0x2D, 0x19, 0x1C,
	0x32, 0x26, 0x16, 0x16, 0x26, 0x32, 0x00, 0x01, 0x00, 0x3D, 0xFD, 0xF2,
	0x01, 0x50, 0xFF, 0x9E, 0x00, 0x15, 0x00, 0x00, 0x05, 0x14, 0x0E, 0x02,
	0x07, 0x27, 0x3E, 0x01, 0x37, 0x2E, 0x01, 0x35, 0x34, 0x3E, 0x02, 0x33,
	0x32, 0x1E, 0x02, 0x01, 0x50, 0x0E, 0x1E, 0x2F, 0x22, 0x56, 0x16, 0x17,
	0x06, 0x31, 0x42, 0x16, 0x26, 0x32, 0x1C, 0x1C, 0x32, 0x25, 0x16, 0xE9,
	0x24, 0x51, 0x50, 0x47, 0x19, 0x3D, 0x1A, 0x2D, 0x17, 0x0A, 0x4B, 0x35,
	0x1B, 0x31, 0x25, 0x16, 0x16, 0x25, 0x31, 0x00, 0xFF, 0xFF, 0x00, 0x75,
	0x00, 0x00, 0x04, 0xF0, 0x06, 0xBD, 0x02, 0x26, 0x00, 0x0C, 0x00, 0x00,
	0x00, 0x07, 0x00, 0x63, 0x01, 0xB4, 0x01, 0xA2, 0xFF, 0xFF, 0x00, 0x75,
	0x00, 0x00, 0x04, 0xF0, 0x07, 0x0D, 0x02, 0x26, 0x00, 0x0C, 0x00, 0x00,
	0x00, 0x07, 0x00, 0x59, 0x01, 0xC3, 0x01, 0xA0, 0x00, 0x02, 0x00, 0x75,
	0xFE, 0x93, 0x05, 0x42, 0x05, 0x9A, 0x00, 0x28, 0x00, 0x35, 0x00, 0x00,
	0x01, 0x22, 0x2E, 0x02, 0x35, 0x34, 0x36, 0x37, 0x23, 0x11, 0x21, 0x11,
	0x21, 0x11, 0x34, 0x3E, 0x02, 0x33, 0x32, 0x1E, 0x02, 0x15, 0x11, 0x23,
	0x0E, 0x03, 0x15, 0x14, 0x16, 0x33, 0x32, 0x36, 0x37, 0x17, 0x0E, 0x01,
	0x03, 0x11, 0x34, 0x2E, 0x02, 0x23, 0x22, 0x0E, 0x02, 0x15, 0x11, 0x04,
	0x54, 0x1D, 0x46, 0x3C, 0x28, 0x3F, 0x2C, 0x27, 0xFD, 0xC2, 0xFE, 0xE2,
	0x5A, 0x9B, 0xD1, 0x77, 0x77, 0xD1, 0x9C, 0x5A, 0x5D, 0x0E, 0x19, 0x14,
	0x0C, 0x14, 0x11, 0x15, 0x26, 0x08, 0x8E, 0x30, 0x79, 0xC8, 0x2D, 0x4E,
	0x69, 0x3B, 0x3B, 0x69, 0x4E, 0x2D, 0xFE, 0x93, 0x18, 0x2E, 0x46, 0x2D,
	0x35, 0x5A, 0x25, 0x01, 0x1F, 0xFE, 0xE1, 0x03, 0x5C, 0x77, 0xD1, 0x9C,
	0x5A, 0x5A, 0x9C, 0xD1, 0x77, 0xFC, 0xA4, 0x11, 0x25, 0x24, 0x21, 0x0C,
	0x10, 0x19, 0x1D, 0x14, 0x83, 0x30, 0x3B, 0x03, 0xAA, 0x01, 0x1F, 0x3B,
	0x69, 0x4E, 0x2D, 0x2D, 0x4E, 0x69, 0x3B, 0xFE, 0xE1, 0x00, 0xFF, 0xFF,
	0x00, 0x37, 0xFF, 0xE1, 0x04, 0xFE, 0x07, 0xA0, 0x02, 0x26, 0x00, 0x0E,
	0x00, 0x00, 0x00, 0x07, 0x00, 0x60, 0x02, 0x85, 0x02, 0x08, 0xFF, 0xFF,
	0x00, 0x37, 0xFF, 0xE1, 0x04, 0xFE, 0x07, 0x85, 0x02, 0x26, 0x00, 0x0E,
	0x00, 0x00, 0x00, 0x07, 0x00, 0x66, 0x01, 0xE1, 0x01, 0xF4, 0xFF, 0xFF,
	0x00, 0x37, 0xFF, 0xE1, 0x04, 0xFE, 0x07, 0x02, 0x02, 0x26, 0x00, 0x0E,
	0x00, 0x00, 0x00, 0x07, 0x00, 0x5A, 0x02, 0x8F, 0x01, 0xB6, 0xFF, 0xFF,
	0x00, 0x37, 0xFF, 0xE1, 0x04, 0xFE, 0x07, 0x85, 0x02, 0x26, 0x00, 0x0E,
	0x00, 0x00, 0x00, 0x07, 0x00, 0x5E, 0x01, 0xFE, 0x01, 0xDF, 0xFF, 0xFF,
	0x00, 0x85, 0x00, 0x00, 0x05, 0x02, 0x07, 0x71, 0x02, 0x26, 0x00, 0x0F,
	0x00, 0x00, 0x00, 0x07, 0x00, 0x5E, 0x01, 0x8B, 0x01, 0xCB, 0xFF, 0xFF,
	0x00, 0x08, 0x00, 0x00, 0x05, 0x29, 0x05, 0x9A, 0x02, 0x06, 0x00, 0x67,
	0x00, 0x00, 0xFF, 0xFF, 0x00, 0x85, 0x00, 0x00, 0x04, 0x5C, 0x06, 0xBD,
	0x02, 0x26, 0x00, 0x10, 0x00, 0x00, 0x00, 0x07, 0x00, 0x63, 0x01, 0x8F,
	0x01, 0xA2, 0xFF, 0xFF, 0x00, 0x85, 0x00, 0x00, 0x04, 0x5C, 0x07, 0x0D,
	0x02, 0x26, 0x00, 0x10, 0x00, 0x00, 0x00, 0x07, 0x00, 0x59, 0x01, 0x8B,
	0x01, 0xA0, 0xFF, 0xFF, 0x00, 0x85, 0x00, 0x00, 0x04, 0x5C, 0x06, 0xEE,
	0x02, 0x26, 0x00, 0x10, 0x00, 0x00, 0x00, 0x07, 0x00, 0x5A, 0x01, 0xF8,
	0x01, 0xA2, 0x00, 0x01, 0x00, 0x85, 0xFE, 0x93, 0x04, 0x5C, 0x05, 0x9A,
	0x00, 0x23, 0x00, 0x00, 0x01, 0x22, 0x2E, 0x02, 0x35, 0x34, 0x36, 0x37,
	0x21, 0x11, 0x21, 0x11, 0x21, 0x11, 0x21, 0x11, 0x21, 0x11, 0x21, 0x11,
	0x23, 0x0E, 0x03, 0x15, 0x14, 0x16, 0x33, 0x32, 0x36, 0x37, 0x17, 0x0E,
	0x01, 0x03, 0x6F, 0x1D, 0x46, 0x3C, 0x28, 0x3F, 0x2B, 0xFD, 0x73, 0x03,
	0xD7, 0xFD, 0x48, 0x01, 0xD7, 0xFE, 0x29, 0x02, 0xB8, 0xAE, 0x0E, 0x1A,
	0x14, 0x0C, 0x14, 0x11, 0x16, 0x26, 0x08, 0x8D, 0x30, 0x78, 0xFE, 0x93,
	0x18, 0x2E, 0x46, 0x2D, 0x35, 0x5A, 0x25, 0x05, 0x9A, 0xFE, 0xE1, 0xFE,
	0xE1, 0xFE, 0xE1, 0xFE, 0xE2, 0xFE, 0xE1, 0x11, 0x25, 0x24, 0x21, 0x0C,
	0x10, 0x19, 0x1D, 0x14, 0x83, 0x30, 0x3B, 0x00, 0xFF, 0xFF, 0x00, 0x85,
	0x00, 0x00, 0x04, 0x5C, 0x07, 0x71, 0x02, 0x26, 0x00, 0x10, 0x00, 0x00,
	0x00, 0x07, 0x00, 0x5E, 0x01, 0x66, 0x01, 0xCB, 0xFF, 0xFF, 0x00, 0x37,
	0xFF, 0xE1, 0x04, 0xFA, 0x07, 0x70, 0x02, 0x26, 0x00, 0x12, 0x00, 0x00,
	0x00, 0x07, 0x00, 0x66, 0x01, 0xE9, 0x01, 0xDF, 0xFF, 0xFF, 0x00, 0x37,
	0xFF, 0xE1, 0x04, 0xFA, 0x07, 0x1B, 0x02, 0x26, 0x00, 0x12, 0x00, 0x00,
	0x00, 0x07, 0x00, 0x59, 0x02, 0x21, 0x01, 0xAE, 0xFF, 0xFF, 0x00, 0x37,
	0xFF, 0xE1, 0x04, 0xFA, 0x07, 0x02, 0x02, 0x26, 0x00, 0x12, 0x00, 0x00,
	0x00, 0x07, 0x00, 0x5A, 0x02, 0x7B, 0x01, 0xB6, 0xFF, 0xFF, 0x00, 0x37,
	0xFD, 0xF2, 0x04, 0xFA, 0x05, 0xAA, 0x02, 0x26, 0x00, 0x12, 0x00, 0x00,
	0x00, 0x07, 0x00, 0xEF, 0x02, 0x33, 0x00, 0x00, 0xFF, 0xFF, 0x00, 0x85,
	0x00, 0x00, 0x05, 0x00, 0x07, 0x47, 0x02, 0x26, 0x00, 0x13, 0x00, 0x00,
	0x00, 0x07, 0x00, 0x66, 0x01, 0xB0, 0x01, 0xB6, 0x00, 0x02, 0x00, 0x1F,
	0x00, 0x00, 0x05, 0x66, 0x05, 0x9A, 0x00, 0x13, 0x00, 0x17, 0x00, 0x00,
	0x29, 0x01, 0x11, 0x23, 0x11, 0x33, 0x35, 0x21, 0x15, 0x21, 0x35, 0x21,
	0x15, 0x33, 0x11, 0x23, 0x11, 0x21, 0x11, 0x21, 0x01, 0x35, 0x21, 0x15,
	0x01, 0xA4, 0xFE, 0xE1, 0x66, 0x66, 0x01, 0x1F, 0x02, 0x3D, 0x01, 0x1F,
	0x66, 0x66, 0xFE, 0xE1, 0xFD, 0xC3, 0x02, 0x3D, 0xFD, 0xC3, 0x03, 0xD9,
	0x01, 0x10, 0xB1, 0xB1, 0xB1, 0xB1, 0xFE, 0xF0, 0xFC, 0x27, 0x02, 0x3D,
	0x01, 0x1F, 0x7D, 0x7D, 0xFF, 0xFF, 0xFF, 0xCC, 0x00, 0x00, 0x02, 0x5F,
	0x07, 0x3F, 0x02, 0x26, 0x00, 0x14, 0x00, 0x00, 0x00, 0x07, 0x00, 0x62,
	0xFF, 0xCC, 0x01, 0xB6, 0xFF, 0xFF, 0x00, 0x17, 0x00, 0x00, 0x02, 0x11,
	0x06, 0xBD, 0x02, 0x26, 0x00, 0x14, 0x00, 0x00, 0x00, 0x07, 0x00, 0x63,
	0x00, 0x17, 0x01, 0xA2, 0xFF, 0xFF, 0x00, 0x37, 0x00, 0x00, 0x01, 0xFA,
	0x07, 0x0D, 0x02, 0x26, 0x00, 0x14, 0x00, 0x00, 0x00, 0x07, 0x00, 0x59,
	0x00, 0x37, 0x01, 0xA0, 0x00, 0x01, 0x00, 0x42, 0xFE, 0x93, 0x01, 0xF6,
	0x05, 0x9A, 0x00, 0x1B, 0x00, 0x00, 0x01, 0x22, 0x2E, 0x02, 0x35, 0x34,
	0x36, 0x37, 0x23, 0x11, 0x21, 0x11, 0x23, 0x0E, 0x03, 0x15, 0x14, 0x16,
	0x33, 0x32, 0x36, 0x37, 0x17, 0x0E, 0x01, 0x01, 0x08, 0x1D, 0x45, 0x3C,
	0x28, 0x3F, 0x2B, 0x27, 0x01, 0x1F, 0x5C, 0x0E, 0x1A, 0x14, 0x0C, 0x14,
	0x11, 0x16, 0x25, 0x08, 0x8E, 0x30, 0x79, 0xFE, 0x93, 0x18, 0x2E, 0x46,
	0x2D, 0x35, 0x5A, 0x25, 0x05, 0x9A, 0xFA, 0x66, 0x11, 0x25, 0x24, 0x21,
	0x0C, 0x10, 0x19, 0x1D, 0x14, 0x83, 0x30, 0x3B, 0xFF, 0xFF, 0x00, 0x85,
	0x00, 0x00, 0x01, 0xA4, 0x06, 0xEE, 0x02, 0x26, 0x00, 0x14, 0x00, 0x00,
	0x00, 0x07, 0x00, 0x5A, 0x00, 0x93, 0x01, 0xA2, 0xFF, 0xFF, 0x00, 0x85,
	0x00, 0x00, 0x05, 0x0A, 0x05, 0x9A, 0x00, 0x26, 0x00, 0x14, 0x00, 0x00,
	0x00, 0x07, 0x00, 0x15, 0x02, 0x29, 0x00, 0x00, 0xFF, 0xFF, 0x00, 0x14,
	0x00, 0x00, 0x03, 0x5E, 0x07, 0x70, 0x02, 0x26, 0x00, 0x15, 0x00, 0x00,
	0x00, 0x07, 0x00, 0x66, 0x01, 0x3B, 0x01, 0xDF, 0xFF, 0xFF, 0x00, 0x85,
	0xFD, 0xF2, 0x05, 0x00, 0x05, 0x9A, 0x02, 0x26, 0x00, 0x16, 0x00, 0x00,
	0x00, 0x07, 0x00, 0xEF, 0x01, 0xB8, 0x00, 0x00, 0xFF, 0xFF, 0x00, 0x85,
	0x00, 0x00, 0x04, 0x71, 0x07, 0x25, 0x02, 0x26, 0x00, 0x17, 0x00, 0x00,
	0x00, 0x07, 0x00, 0x60, 0x01, 0xAC, 0x01, 0x8D, 0xFF, 0xFF, 0x00, 0x85,
	0xFD, 0xF2, 0x04, 0x71, 0x05, 0x9A, 0x02, 0x26, 0x00, 0x17, 0x00, 0x00,
	0x00, 0x07, 0x00, 0xEF, 0x01, 0x79, 0x00, 0x00, 0xFF, 0xFF, 0x00, 0x85,
	0x00, 0x00, 0x05, 0x95, 0x05, 0x9A, 0x00, 0x26, 0x00, 0x17, 0x00, 0x00,
	0x00, 0x07, 0x00, 0x4D, 0x03, 0xDF, 0x00, 0x00, 0xFF, 0xFF, 0x00, 0x85,
	0x00, 0x00, 0x04, 0x71, 0x05, 0x9C, 0x02, 0x26, 0x00, 0x17, 0x00, 0x00,
	0x00, 0x07, 0x00, 0xEE, 0x02, 0x1F, 0x00, 0x00, 0xFF, 0xFF, 0x00, 0x85,
	0x00, 0x00, 0x05, 0x00, 0x07, 0x63, 0x02, 0x26, 0x00, 0x19, 0x00, 0x00,
	0x00, 0x07, 0x00, 0x60, 0x02, 0x4C, 0x01, 0xCB, 0xFF, 0xFF, 0x00, 0x85,
	0xFD, 0xF2, 0x05, 0x00, 0x05, 0x9A, 0x02, 0x26, 0x00, 0x19, 0x00, 0x00,
	0x00, 0x07, 0x00, 0xEF, 0x01, 0xFC, 0x00, 0x00, 0xFF, 0xFF, 0x00, 0x85,
	0x00, 0x00, 0x05, 0x00, 0x07, 0x5C, 0x02, 0x26, 0x00, 0x19, 0x00, 0x00,
	0x00, 0x07, 0x00, 0x5E, 0x01, 0xB0, 0x01, 0xB6, 0x00, 0x01, 0x00, 0x85,
	0xFE, 0x66, 0x05, 0x00, 0x05, 0x9A, 0x00, 0x19, 0x00, 0x00, 0x25, 0x14,
	0x0E, 0x02, 0x23, 0x22, 0x26, 0x27, 0x11, 0x1E, 0x01, 0x33, 0x32, 0x3E,
	0x02, 0x37, 0x01, 0x11, 0x21, 0x11, 0x21, 0x01, 0x11, 0x21, 0x05, 0x00,
	0x5A, 0x9B, 0xD1, 0x77, 0x26, 0x47, 0x23, 0x20, 0x49, 0x27, 0x28, 0x4A,
	0x40, 0x35, 0x12, 0xFD, 0xE8, 0xFE, 0xE1, 0x01, 0x33, 0x02, 0x29, 0x01,
	0x1F, 0xA4, 0x77, 0xD1, 0x9C, 0x5A, 0x0A, 0x09, 0x01, 0x33, 0x13, 0x14,
	0x16, 0x27, 0x37, 0x20, 0x03, 0x97, 0xFC, 0x50, 0x05, 0x9A, 0xFC, 0x4F,
	0x03, 0xB1, 0xFF, 0xFF, 0x00, 0x37, 0xFF, 0xE1, 0x06, 0x02, 0x06, 0xD1,
	0x02, 0x26, 0x00, 0x1A, 0x00, 0x00, 0x00, 0x07, 0x00, 0x63, 0x02, 0x1F,
	0x01, 0xB6, 0xFF, 0xFF, 0x00, 0x37, 0xFF, 0xE1, 0x06, 0x02, 0x07, 0x23,
	0x02, 0x26, 0x00, 0x1A, 0x00, 0x00, 0x00, 0x07, 0x00, 0x59, 0x02, 0x3F,
	0x01, 0xB6, 0xFF, 0xFF, 0x00, 0x37, 0xFF, 0xE1, 0x06, 0x02, 0x07, 0xE1,
	0x02, 0x26, 0x00, 0x1A, 0x00, 0x00, 0x00, 0x07, 0x00, 0x5C, 0x01, 0xF2,
	0x01, 0xDF, 0xFF, 0xFF, 0x00, 0x85, 0x00, 0x00, 0x05, 0x00, 0x07, 0x8C,
	0x02, 0x26, 0x00, 0x1D, 0x00, 0x00, 0x00, 0x07, 0x00, 0x60, 0x02, 0x1B,
	0x01, 0xF4, 0xFF, 0xFF, 0x00, 0x85, 0xFD, 0xF2, 0x05, 0x00, 0x05, 0x9A,
	0x02, 0x26, 0x00, 0x1D, 0x00, 0x00, 0x00, 0x07, 0x00, 0xEF, 0x01, 0xD5,
	0x00, 0x00, 0xFF, 0xFF, 0x00, 0x85, 0x00, 0x00, 0x05, 0x00, 0x07, 0x71,
	0x02, 0x26, 0x00, 0x1D, 0x00, 0x00, 0x00, 0x07, 0x00, 0x5E, 0x01, 0x89,
	0x01, 0xCB, 0xFF, 0xFF, 0x00, 0x31, 0x00, 0x00, 0x04, 0xAC, 0x07, 0xA0,
	0x02, 0x26, 0x00, 0x1E, 0x00, 0x00, 0x00, 0x07, 0x00, 0x60, 0x02, 0x1B,
	0x02, 0x08, 0xFF, 0xFF, 0x00, 0x31, 0x00, 0x00, 0x04, 0xAC, 0x07, 0x70,
	0x02, 0x26, 0x00, 0x1E, 0x00, 0x00, 0x00, 0x07, 0x00, 0x66, 0x01, 0x60,
	0x01, 0xDF, 0x00, 0x01, 0x00, 0x31, 0xFE, 0x33, 0x04, 0xAC, 0x05, 0x9A,
	0x00, 0x50, 0x00, 0x00, 0x01, 0x2E, 0x01, 0x27, 0x26, 0x27, 0x37, 0x16,
	0x17, 0x1E, 0x01, 0x33, 0x32, 0x36, 0x35, 0x34, 0x26, 0x23, 0x22, 0x07,
	0x37, 0x21, 0x11, 0x21, 0x32, 0x3E, 0x02, 0x35, 0x34, 0x2E, 0x02, 0x23,
	0x21, 0x22, 0x2E, 0x02, 0x35, 0x34, 0x3E, 0x02, 0x33, 0x21, 0x11, 0x21,
	0x22, 0x0E, 0x02, 0x15, 0x14, 0x1E, 0x02, 0x33, 0x21, 0x32, 0x1E, 0x02,
	0x15, 0x14, 0x0E, 0x02, 0x2B, 0x01, 0x07, 0x1E, 0x03, 0x15, 0x14, 0x0E,
	0x02, 0x23, 0x02, 0x54, 0x24, 0x42, 0x1A, 0x1E, 0x1A, 0x37, 0x17, 0x17,
	0x14, 0x2A, 0x11, 0x16, 0x1D, 0x2B, 0x19, 0x1F, 0x1A, 0x48, 0xFE, 0x33,
	0x02, 0x7D, 0x1E, 0x34, 0x27, 0x16, 0x16, 0x27, 0x34, 0x1E, 0xFE, 0xE1,
	0x59, 0x9C, 0x75, 0x44, 0x44, 0x75, 0x9C, 0x59, 0x02, 0x92, 0xFD, 0x6E,
	0x1E, 0x34, 0x27, 0x16, 0x16, 0x27, 0x34, 0x1E, 0x01, 0x1F, 0x59, 0x9D,
	0x75, 0x43, 0x43, 0x75, 0x9D, 0x59, 0x35, 0x1B, 0x1F, 0x38, 0x29, 0x18,
	0x22, 0x3C, 0x53, 0x31, 0xFE, 0x33, 0x02, 0x1A, 0x0F, 0x12, 0x15, 0x96,
	0x11, 0x0C, 0x0B, 0x12, 0x1C, 0x17, 0x1C, 0x18, 0x11, 0xC9, 0x01, 0x1F,
	0x16, 0x27, 0x34, 0x1E, 0x1E, 0x34, 0x27, 0x16, 0x44, 0x75, 0x9D, 0x59,
	0x59, 0x9C, 0x75, 0x44, 0xFE, 0xE1, 0x16, 0x27, 0x34, 0x1E, 0x1E, 0x35,
	0x27, 0x16, 0x43, 0x75, 0x9D, 0x59, 0x59, 0x9C, 0x75, 0x44, 0x4E, 0x04,
	0x1C, 0x2D, 0x3D, 0x24, 0x32, 0x4E, 0x35, 0x1C, 0xFF, 0xFF, 0x00, 0x12,
	0xFD, 0xF2, 0x04, 0x8D, 0x05, 0x9A, 0x02, 0x26, 0x00, 0x1F, 0x00, 0x00,
	0x00, 0x07, 0x00, 0xEF, 0x01, 0x89, 0x00, 0x00, 0xFF, 0xFF, 0x00, 0x12,
	0x00, 0x00, 0x04, 0x8D, 0x07, 0x71, 0x02, 0x26, 0x00, 0x1F, 0x00, 0x00,
	0x00, 0x07, 0x00, 0x5E, 0x01, 0x3D, 0x01, 0xCB, 0x00, 0x01, 0x00, 0x12,
	0x00, 0x00, 0x04, 0x8D, 0x05, 0x9A, 0x00, 0x0F, 0x00, 0x00, 0x01, 0x11,
	0x21, 0x11, 0x21, 0x11, 0x21, 0x11, 0x33, 0x11, 0x23, 0x11, 0x21, 0x11,
	0x23, 0x11, 0x01, 0xC1, 0xFE, 0x51, 0x04, 0x7B, 0xFE, 0x52, 0xA4, 0xA4,
	0xFE, 0xE2, 0xA4, 0x02, 0xE9, 0x01, 0x92, 0x01, 0x1F, 0xFE, 0xE1, 0xFE,
	0x6E, 0xFE, 0xF0, 0xFE, 0x27, 0x01, 0xD9, 0x01, 0x10, 0x00, 0xFF, 0xFF,
	0x00, 0x75, 0x00, 0x00, 0x04, 0xF0, 0x07, 0x3F, 0x02, 0x26, 0x00, 0x20,
	0x00, 0x00, 0x00, 0x07, 0x00, 0x62, 0x01, 0x68, 0x01, 0xB6, 0xFF, 0xFF,
	0x00, 0x75, 0x00, 0x00, 0x04, 0xF0, 0x06, 0xBD, 0x02, 0x26, 0x00, 0x20,
	0x00, 0x00, 0x00, 0x07, 0x00, 0x63, 0x01, 0xB4, 0x01, 0xA2, 0xFF, 0xFF,
	0x00, 0x75, 0x00, 0x00, 0x04, 0xF0, 0x06, 0xFA, 0x02, 0x26, 0x00, 0x20,
	0x00, 0x00, 0x00, 0x07, 0x00, 0x59, 0x01, 0xD5, 0x01, 0x8D, 0xFF, 0xFF,
	0x00, 0x75, 0x00, 0x00, 0x04, 0xF0, 0x07, 0x5E, 0x02, 0x26, 0x00, 0x20,
	0x00, 0x00, 0x00, 0x07, 0x00, 0x5B, 0x01, 0xEC, 0x01, 0xB6, 0xFF, 0xFF,
	0x00, 0x75, 0x00, 0x00, 0x04, 0xF0, 0x07, 0xB8, 0x02, 0x26, 0x00, 0x20,
	0x00, 0x00, 0x00, 0x07, 0x00, 0x5C, 0x01, 0x8D, 0x01, 0xB6, 0x00, 0x01,
	0x00, 0x75, 0xFE, 0x93, 0x04, 0xF0, 0x05, 0x9A, 0x00, 0x34, 0x00, 0x00,
	0x01, 0x22, 0x2E, 0x02, 0x35, 0x34, 0x3E, 0x02, 0x37, 0x2E, 0x03, 0x35,
	0x11, 0x21, 0x11, 0x14, 0x1E, 0x02, 0x33, 0x32, 0x3E, 0x02, 0x35, 0x11,
	0x21, 0x11, 0x14, 0x0E, 0x04, 0x07, 0x0E, 0x03, 0x15, 0x14, 0x16, 0x33,
	0x32, 0x36, 0x37, 0x17, 0x0E, 0x01, 0x02, 0x96, 0x1D, 0x46, 0x3C, 0x28,
	0x13, 0x20, 0x2B, 0x17, 0x63, 0xAA, 0x7C, 0x46, 0x01, 0x1E, 0x2D, 0x4E,
	0x69, 0x3B, 0x3B, 0x69, 0x4E, 0x2D, 0x01, 0x1F, 0x26, 0x46, 0x62, 0x77,
	0x8B, 0x4B, 0x0D, 0x1A, 0x14, 0x0D, 0x14, 0x11, 0x16, 0x26, 0x08, 0x8D,
	0x30, 0x78, 0xFE, 0x93, 0x18, 0x2E, 0x46, 0x2D, 0x1D, 0x35, 0x2F, 0x2A,
	0x13, 0x13, 0x66, 0x95, 0xBC, 0x69, 0x03, 0x5D, 0xFC, 0xA3, 0x3B, 0x68,
	0x4E, 0x2D, 0x2D, 0x4E, 0x68, 0x3B, 0x03, 0x5D, 0xFC, 0xA3, 0x4C, 0x8E,
	0x7C, 0x68, 0x4C, 0x2F, 0x04, 0x11, 0x25, 0x24, 0x21, 0x0C, 0x10, 0x19,
	0x1D, 0x14, 0x83, 0x30, 0x3B, 0x00, 0xFF, 0xFF, 0x00, 0x7B, 0xFF, 0xEC,
	0x06, 0x14, 0x07, 0x70, 0x02, 0x26, 0x00, 0x22, 0x00, 0x00, 0x00, 0x07,
	0x00, 0x66, 0x02, 0x35, 0x01, 0xDF, 0xFF, 0xFF, 0x00, 0x7B, 0xFF, 0xEC,
	0x06, 0x14, 0x07, 0x8C, 0x02, 0x26, 0x00, 0x22, 0x00, 0x00, 0x00, 0x07,
	0x00, 0x65, 0x01, 0xC5, 0x01, 0xF4, 0xFF, 0xFF, 0x00, 0x7B, 0xFF, 0xEC,
	0x06, 0x14, 0x07, 0x8C, 0x02, 0x26, 0x00, 0x22, 0x00, 0x00, 0x00, 0x07,
	0x00, 0x60, 0x02, 0xF0, 0x01, 0xF4, 0xFF, 0xFF, 0x00, 0x7B, 0xFF, 0xEC,
	0x06, 0x14, 0x06, 0xF1, 0x02, 0x26, 0x00, 0x22, 0x00, 0x00, 0x00, 0x07,
	0x00, 0x61, 0x02, 0x12, 0x01, 0xB6, 0xFF, 0xFF, 0x00, 0x3D, 0x00, 0x00,
	0x04, 0xB8, 0x07, 0x47, 0x02, 0x26, 0x00, 0x24, 0x00, 0x00, 0x00, 0x07,
	0x00, 0x66, 0x01, 0x68, 0x01, 0xB6, 0xFF, 0xFF, 0x00, 0x3D, 0x00, 0x00,
	0x04, 0xB8, 0x07, 0x8C, 0x02, 0x26, 0x00, 0x24, 0x00, 0x00, 0x00, 0x07,
	0x00, 0x65, 0x00, 0xD1, 0x01, 0xF4, 0xFF, 0xFF, 0x00, 0x2F, 0x00, 0x00,
	0x04, 0x85, 0x07, 0x8C, 0x02, 0x26, 0x00, 0x25, 0x00, 0x00, 0x00, 0x07,
	0x00, 0x60, 0x02, 0x04, 0x01, 0xF4, 0xFF, 0xFF, 0x00, 0x2F, 0x00, 0x00,
	0x04, 0x85, 0x06, 0xEE, 0x02, 0x26, 0x00, 0x25, 0x00, 0x00, 0x00, 0x07,
	0x00, 0x5A, 0x01, 0xD9, 0x01, 0xA2, 0xFF, 0xFF, 0x00, 0x75, 0x00, 0x00,
	0x07, 0xA6, 0x07, 0x96, 0x02, 0x26, 0x00, 0x7F, 0x00, 0x00, 0x00, 0x07,
	0x00, 0x60, 0x03, 0xF2, 0x01, 0xFE, 0xFF, 0xFF, 0x00, 0x37, 0xFF, 0xE1,
	0x06, 0x02, 0x07, 0xA0, 0x02, 0x26, 0x00, 0x77, 0x00, 0x00, 0x00, 0x07,
	0x00, 0x60, 0x02, 0xB2, 0x02, 0x08, 0xFF, 0xFF, 0x00, 0x2F, 0xFF, 0xEC,
	0x04, 0x75, 0x05, 0x81, 0x02, 0x26, 0x00, 0x29, 0x00, 0x00, 0x00, 0x07,
	0x00, 0x63, 0x01, 0x48, 0x00, 0x66, 0xFF, 0xFF, 0x00, 0x2F, 0xFF, 0xEC,
	0x04, 0x75, 0x05, 0xC7, 0x02, 0x26, 0x00, 0x29, 0x00, 0x00, 0x00, 0x07,
	0x00, 0x59, 0x01, 0x58, 0x00, 0x5A, 0x00, 0x02, 0x00, 0x2F, 0xFE, 0x93,
	0x05, 0x1D, 0x04, 0x58, 0x00, 0x30, 0x00, 0x44, 0x00, 0x00, 0x21, 0x0E,
	0x03, 0x15, 0x14, 0x16, 0x33, 0x32, 0x36, 0x37, 0x17, 0x0E, 0x01, 0x23,
	0x22, 0x2E, 0x02, 0x35, 0x34, 0x3E, 0x02, 0x37, 0x27, 0x0E, 0x03, 0x23,
	0x22, 0x2E, 0x02, 0x35, 0x34, 0x3E, 0x02, 0x33, 0x32, 0x1E, 0x02, 0x17,
	0x37, 0x33, 0x01, 0x34, 0x2E, 0x02, 0x23, 0x22, 0x0E, 0x02, 0x15, 0x14,
	0x1E, 0x02, 0x33, 0x32, 0x3E, 0x02, 0x04, 0x75, 0x0F, 0x1C, 0x16, 0x0D,
	0x14, 0x11, 0x15, 0x26, 0x08, 0x8E, 0x30, 0x79, 0x45, 0x1D, 0x46, 0x3C,
	0x28, 0x1F, 0x30, 0x3B, 0x1C, 0x45, 0x27, 0x57, 0x60, 0x65, 0x34, 0x71,
	0xC7, 0x95, 0x56, 0x56, 0x95, 0xC7, 0x71, 0x34, 0x66, 0x60, 0x57, 0x26,
	0x6A, 0x42, 0xFE, 0xED, 0x2B, 0x4A, 0x63, 0x38, 0x38, 0x63, 0x49, 0x2A,
	0x2A, 0x49, 0x63, 0x38, 0x38, 0x63, 0x4A, 0x2B, 0x11, 0x25, 0x24, 0x21,
	0x0C, 0x10, 0x19, 0x1D, 0x14, 0x83, 0x30, 0x3B, 0x18, 0x2E, 0x46, 0x2D,
	0x25, 0x40, 0x39, 0x32, 0x15, 0x62, 0x23, 0x3D, 0x2D, 0x1A, 0x4C, 0x91,
	0xD2, 0x86, 0x7D, 0xD1, 0x96, 0x53, 0x1A, 0x2E, 0x3E, 0x24, 0x7F, 0xFD,
	0xF4, 0x38, 0x69, 0x51, 0x31, 0x26, 0x4A, 0x6D, 0x46, 0x46, 0x6D, 0x4A,
	0x26, 0x31, 0x51, 0x69, 0xFF, 0xFF, 0x00, 0x2D, 0xFF, 0xEC, 0x04, 0x10,
	0x06, 0x50, 0x02, 0x26, 0x00, 0x2B, 0x00, 0x00, 0x00, 0x07, 0x00, 0x60,
	0x01, 0xC7, 0x00, 0xB8, 0xFF, 0xFF, 0x00, 0x2D, 0xFF, 0xEC, 0x04, 0x10,
	0x06, 0x20, 0x02, 0x26, 0x00, 0x2B, 0x00, 0x00, 0x00, 0x07, 0x00, 0x66,
	0x01, 0x37, 0x00, 0x8F, 0xFF, 0xFF, 0x00, 0x2D, 0xFF, 0xEC, 0x04, 0x10,
	0x05, 0xB2, 0x02, 0x26, 0x00, 0x2B, 0x00, 0x00, 0x00, 0x07, 0x00, 0x5A,
	0x01, 0xD1, 0x00, 0x66, 0xFF, 0xFF, 0x00, 0x2D, 0xFF, 0xEC, 0x04, 0x10,
	0x06, 0x35, 0x02, 0x26, 0x00, 0x2B, 0x00, 0x00, 0x00, 0x07, 0x00, 0x5E,
	0x01, 0x3F, 0x00, 0x8F, 0xFF, 0xFF, 0x00, 0x2D, 0xFF, 0xEC, 0x05, 0xEB,
	0x05, 0xD9, 0x00, 0x26, 0x00, 0x2C, 0x00, 0x00, 0x00, 0x07, 0x00, 0xEE,
	0x04, 0xDB, 0x00, 0x00, 0x00, 0x02, 0x00, 0x2D, 0xFF, 0xEC, 0x04, 0xDB,
	0x05, 0xD9, 0x00, 0x20, 0x00, 0x34, 0x00, 0x00, 0x01, 0x33, 0x11, 0x23,
	0x11, 0x23, 0x27, 0x0E, 0x03, 0x23, 0x22, 0x2E, 0x02, 0x35, 0x34, 0x3E,
	0x02, 0x33, 0x32, 0x1E, 0x02, 0x17, 0x35, 0x23, 0x11, 0x33, 0x35, 0x21,
	0x01, 0x34, 0x2E, 0x02, 0x23, 0x22, 0x0E, 0x02, 0x15, 0x14, 0x1E, 0x02,
	0x33, 0x32, 0x3E, 0x02, 0x04, 0x73, 0x68, 0x68, 0x42, 0x6A, 0x27, 0x57,
	0x60, 0x65, 0x34, 0x71, 0xC7, 0x95, 0x56, 0x56, 0x95, 0xC7, 0x71, 0x24,
	0x4D, 0x49, 0x40, 0x16, 0x6E, 0x6E, 0x01, 0x13, 0xFE, 0xED, 0x2B, 0x4A,
	0x63, 0x38, 0x38, 0x63, 0x49, 0x2A, 0x2A, 0x49, 0x63, 0x38, 0x38, 0x63,
	0x4A, 0x2B, 0x05, 0x9E, 0xFE, 0xEF, 0xFB, 0x73, 0x93, 0x23, 0x3D, 0x2D,
	0x1A, 0x55, 0x97, 0xCF, 0x7A, 0x79, 0xD0, 0x98, 0x56, 0x0C, 0x1B, 0x2C,
	0x20, 0xA8, 0x01, 0x11, 0x3B, 0xFC, 0x48, 0x38, 0x69, 0x51, 0x31, 0x28,
	0x4B, 0x6C, 0x44, 0x3B, 0x6A, 0x50, 0x2E, 0x31, 0x51, 0x69, 0xFF, 0xFF,
	0x00, 0x2F, 0xFF, 0xEC, 0x04, 0x12, 0x05, 0x81, 0x02, 0x26, 0x00, 0x2D,
	0x00, 0x00, 0x00, 0x07, 0x00, 0x63, 0x01, 0x46, 0x00, 0x66, 0xFF, 0xFF,
	0x00, 0x2F, 0xFF, 0xEC, 0x04, 0x12, 0x05, 0xC7, 0x02, 0x26, 0x00, 0x2D,
	0x00, 0x00, 0x00, 0x07, 0x00, 0x59, 0x01, 0x50, 0x00, 0x5A, 0xFF, 0xFF,
	0x00, 0x2F, 0xFF, 0xEC, 0x04, 0x12, 0x05, 0xB2, 0x02, 0x26, 0x00, 0x2D,
	0x00, 0x00, 0x00, 0x07, 0x00, 0x5A, 0x01, 0xC3, 0x00, 0x66, 0x00, 0x02,
	0x00, 0x2F, 0xFE, 0x93, 0x04, 0x12, 0x04, 0x58, 0x00, 0x34, 0x00, 0x42,
	0x00, 0x00, 0x01, 0x22, 0x2E, 0x02, 0x35, 0x34, 0x36, 0x37, 0x06, 0x22,
	0x23, 0x22, 0x2E, 0x02, 0x35, 0x34, 0x3E, 0x02, 0x33, 0x32, 0x1E, 0x02,
	0x17, 0x01, 0x1E, 0x01, 0x33, 0x32, 0x3E, 0x02, 0x37, 0x17, 0x06, 0x07,
	0x0E, 0x03, 0x15, 0x14, 0x16, 0x33, 0x32, 0x36, 0x37, 0x17, 0x0E, 0x01,
	0x03, 0x2E, 0x01, 0x23, 0x22, 0x0E, 0x02, 0x15, 0x14, 0x1E, 0x02, 0x17,
	0x02, 0xE7, 0x1D, 0x45, 0x3C, 0x28, 0x31, 0x23, 0x0A, 0x11, 0x08, 0x71,
	0xC7, 0x95, 0x56, 0x56, 0x95, 0xC7, 0x71, 0x43, 0x80, 0x73, 0x64, 0x26,
	0xFE, 0x00, 0x10, 0x20, 0x10, 0x28, 0x4A, 0x41, 0x33, 0x10, 0xC8, 0x50,
	0x7A, 0x10, 0x24, 0x1F, 0x14, 0x14, 0x11, 0x16, 0x26, 0x08, 0x8D, 0x30,
	0x78, 0x8F, 0x13, 0x25, 0x14, 0x38, 0x63, 0x49, 0x2A, 0x03, 0x07, 0x0A,
	0x08, 0xFE, 0x93, 0x18, 0x2E, 0x46, 0x2D, 0x30, 0x50, 0x22, 0x02, 0x54,
	0x96, 0xCF, 0x7C, 0x7F, 0xD2, 0x94, 0x52, 0x20, 0x3C, 0x57, 0x36, 0xFD,
	0x97, 0x05, 0x03, 0x16, 0x29, 0x3B, 0x24, 0xC9, 0x72, 0x3C, 0x12, 0x2E,
	0x30, 0x2D, 0x0F, 0x10, 0x19, 0x1D, 0x14, 0x83, 0x30, 0x3B, 0x04, 0xA6,
	0x07, 0x04, 0x29, 0x4C, 0x6B, 0x43, 0x0F, 0x26, 0x27, 0x24, 0x0E, 0x00,
	0xFF, 0xFF, 0x00, 0x2F, 0xFF, 0xEC, 0x04, 0x12, 0x06, 0x35, 0x02, 0x26,
	0x00, 0x2D, 0x00, 0x00, 0x00, 0x07, 0x00, 0x5E, 0x01, 0x31, 0x00, 0x8F,
	0xFF, 0xFF, 0x00, 0x2F, 0xFE, 0x66, 0x04, 0x75, 0x06, 0x20, 0x02, 0x26,
	0x00, 0x2F, 0x00, 0x00, 0x00, 0x07, 0x00, 0x66, 0x01, 0x39, 0x00, 0x8F,
	0xFF, 0xFF, 0x00, 0x2F, 0xFE, 0x66, 0x04, 0x75, 0x05, 0xC9, 0x02, 0x26,
	0x00, 0x2F, 0x00, 0x00, 0x00, 0x07, 0x00, 0x59, 0x01, 0x66, 0x00, 0x5C,
	0xFF, 0xFF, 0x00, 0x2F, 0xFE, 0x66, 0x04, 0x75, 0x05, 0xA8, 0x02, 0x26,
	0x00, 0x2F, 0x00, 0x00, 0x00, 0x07, 0x00, 0x5A, 0x01, 0xC5, 0x00, 0x5C,
	0xFF, 0xFF, 0x00, 0x2F, 0xFE, 0x66, 0x04, 0x75, 0x06, 0x54, 0x02, 0x26,
	0x00, 0x2F, 0x00, 0x00, 0x00, 0x07, 0x00, 0xED, 0x01, 0x7F, 0x00, 0x66,
	0xFF, 0xFF, 0x00, 0x68, 0x00, 0x00, 0x04, 0x25, 0x06, 0x0C, 0x02, 0x26,
	0x00, 0x30, 0x00, 0x00, 0x00, 0x07, 0x00, 0x66, 0x01, 0xA8, 0x00, 0x7B,
	0x00, 0x01, 0x00, 0x02, 0x00, 0x00, 0x04, 0x25, 0x05, 0xD9, 0x00, 0x22,
	0x00, 0x00, 0x29, 0x01, 0x11, 0x23, 0x35, 0x33, 0x35, 0x21, 0x15, 0x33,
	0x15, 0x23, 0x15, 0x3E, 0x01, 0x33, 0x32, 0x1E, 0x02, 0x15, 0x11, 0x21,
	0x11, 0x33, 0x34, 0x2E, 0x02, 0x23, 0x22, 0x0E, 0x02, 0x15, 0x01, 0x79,
	0xFE, 0xEF, 0x66, 0x66, 0x01, 0x11, 0x60, 0x60, 0x31, 0x68, 0x36, 0x63,
	0xAE, 0x81, 0x4B, 0xFE, 0xED, 0x02, 0x20, 0x38, 0x4A, 0x2A, 0x2B, 0x4C,
	0x38, 0x20, 0x04, 0x9E, 0xFC, 0x3F, 0x3F, 0xFC, 0x9E, 0x25, 0x1F, 0x4B,
	0x83, 0xAF, 0x63, 0xFD, 0x9C, 0x02, 0x64, 0x2A, 0x4B, 0x38, 0x20, 0x20,
	0x38, 0x4B, 0x2A, 0x00, 0xFF, 0xFF, 0xFF, 0xA9, 0x00, 0x00, 0x02, 0x3C,
	0x05, 0xDB, 0x02, 0x26, 0x00, 0x56, 0x00, 0x00, 0x00, 0x06, 0x00, 0x62,
	0xA9, 0x52, 0xFF, 0xFF, 0xFF, 0xF7, 0x00, 0x00, 0x01, 0xF1, 0x05, 0x58,
	0x02, 0x26, 0x00, 0x56, 0x00, 0x00, 0x00, 0x06, 0x00, 0x63, 0xF7, 0x3D,
	0xFF, 0xFF, 0x00, 0x10, 0x00, 0x00, 0x01, 0xD3, 0x05, 0x9E, 0x02, 0x26,
	0x00, 0x56, 0x00, 0x00, 0x00, 0x06, 0x00, 0x59, 0x10, 0x31, 0x00, 0x02,
	0x00, 0x2B, 0xFE, 0x93, 0x01, 0xDF, 0x06, 0x08, 0x00, 0x1B, 0x00, 0x2F,
	0x00, 0x00, 0x13, 0x22, 0x2E, 0x02, 0x35, 0x34, 0x36, 0x37, 0x23, 0x11,
	0x21, 0x11, 0x23, 0x0E, 0x03, 0x15, 0x14, 0x16, 0x33, 0x32, 0x36, 0x37,
	0x17, 0x0E, 0x01, 0x13, 0x14, 0x0E, 0x02, 0x23, 0x22, 0x2E, 0x02, 0x35,
	0x34, 0x3E, 0x02, 0x33, 0x32, 0x1E, 0x02, 0xF2, 0x1D, 0x46, 0x3C, 0x28,
	0x3F, 0x2C, 0x2E, 0x01, 0x13, 0x4A, 0x0E, 0x1A, 0x14, 0x0C, 0x14, 0x11,
	0x16, 0x26, 0x08, 0x8D, 0x30, 0x78, 0x73, 0x1D, 0x32, 0x43, 0x26, 0x26,
	0x43, 0x31, 0x1D, 0x1D, 0x31, 0x43, 0x26, 0x26, 0x43, 0x32, 0x1D, 0xFE,
	0x93, 0x18, 0x2E, 0x46, 0x2D, 0x35, 0x5A, 0x25, 0x04, 0x2F, 0xFB, 0xD1,
	0x11, 0x25, 0x24, 0x21, 0x0C, 0x10, 0x19, 0x1D, 0x14, 0x83, 0x30, 0x3B,
	0x06, 0xBF, 0x26, 0x42, 0x31, 0x1D, 0x1D, 0x31, 0x42, 0x26, 0x25, 0x43,
	0x31, 0x1D, 0x1D, 0x31, 0x43, 0x00, 0xFF, 0xFF, 0x00, 0x3B, 0xFE, 0x68,
	0x03, 0x91, 0x06, 0x08, 0x00, 0x26, 0x00, 0x31, 0x00, 0x00, 0x00, 0x07,
	0x00, 0x32, 0x01, 0xE3, 0x00, 0x00, 0xFF, 0xFF, 0xFE, 0xD1, 0xFE, 0x68,
	0x02, 0x07, 0x05, 0xF7, 0x02, 0x26, 0x00, 0xEA, 0x00, 0x00, 0x00, 0x06,
	0x00, 0x66, 0xE4, 0x66, 0xFF, 0xFF, 0x00, 0x68, 0xFD, 0xF2, 0x04, 0x4C,
	0x05, 0xD9, 0x02, 0x26, 0x00, 0x33, 0x00, 0x00, 0x00, 0x07, 0x00, 0xEF,
	0x01, 0x60, 0x00, 0x00, 0x00, 0x01, 0x00, 0x68, 0x00, 0x00, 0x04, 0x4C,
	0x04, 0x35, 0x00, 0x0B, 0x00, 0x00, 0x29, 0x01, 0x11, 0x21, 0x11, 0x01,
	0x21, 0x09, 0x01, 0x21, 0x03, 0x07, 0x01, 0x7B, 0xFE, 0xED, 0x01, 0x13,
	0x01, 0x97, 0x01, 0x3A, 0xFE, 0x9D, 0x01, 0x63, 0xFE, 0xC6, 0xD9, 0xBE,
	0x04, 0x35, 0xFD, 0xF4, 0x02, 0x04, 0xFE, 0x42, 0xFD, 0x91, 0x01, 0x85,
	0xFC, 0x00, 0xFF, 0xFF, 0x00, 0x68, 0x00, 0x00, 0x02, 0x90, 0x07, 0xD1,
	0x02, 0x26, 0x00, 0x34, 0x00, 0x00, 0x00, 0x07, 0x00, 0x60, 0x00, 0xC3,
	0x02, 0x39, 0xFF, 0xFF, 0x00, 0x68, 0xFD, 0xF2, 0x01, 0x7B, 0x05, 0xD9,
	0x02, 0x26, 0x00, 0x34, 0x00, 0x00, 0x00, 0x06, 0x00, 0xEF, 0x2B, 0x00,
	0xFF, 0xFF, 0x00, 0x68, 0x00, 0x00, 0x03, 0x56, 0x05, 0xD9, 0x00, 0x26,
	0x00, 0x34, 0x00, 0x00, 0x00, 0x07, 0x00, 0x4D, 0x01, 0xA0, 0x00, 0x00,
	0xFF, 0xFF, 0x00, 0x68, 0x00, 0x00, 0x02, 0xF3, 0x05, 0xD9, 0x00, 0x26,
	0x00, 0x34, 0x00, 0x00, 0x00, 0x07, 0x00, 0xEE, 0x01, 0xE3, 0x00, 0x00,
	0xFF, 0xFF, 0x00, 0x68, 0x00, 0x00, 0x04, 0x25, 0x06, 0x50, 0x02, 0x26,
	0x00, 0x36, 0x00, 0x00, 0x00, 0x07, 0x00, 0x60, 0x01, 0xFC, 0x00, 0xB8,
	0xFF, 0xFF, 0x00, 0x68, 0xFD, 0xF2, 0x04, 0x25, 0x04, 0x44, 0x02, 0x26,
	0x00, 0x36, 0x00, 0x00, 0x00, 0x07, 0x00, 0xEF, 0x01, 0x79, 0x00, 0x00,
	0xFF, 0xFF, 0x00, 0x68, 0x00, 0x00, 0x04, 0x25, 0x06, 0x21, 0x02, 0x26,
	0x00, 0x36, 0x00, 0x00, 0x00, 0x07, 0x00, 0x5E, 0x01, 0x2D, 0x00, 0x7B,
	0xFF, 0xFF, 0x00, 0x00, 0x00, 0x00, 0x05, 0x35, 0x05, 0x9C, 0x00, 0x26,
	0x00, 0xEE, 0x00, 0x00, 0x00, 0x07, 0x00, 0x36, 0x01, 0x10, 0x00, 0x00,
	0x00, 0x01, 0x00, 0x68, 0xFE, 0x68, 0x04, 0x25, 0x04, 0x44, 0x00, 0x25,
	0x00, 0x00, 0x29, 0x01, 0x11, 0x33, 0x17, 0x3E, 0x01, 0x33, 0x32, 0x1E,
	0x02, 0x15, 0x11, 0x14, 0x0E, 0x02, 0x2B, 0x01, 0x11, 0x17, 0x32, 0x3E,
	0x02, 0x35, 0x13, 0x34, 0x2E, 0x02, 0x23, 0x22, 0x0E, 0x02, 0x15, 0x01,
	0x79, 0xFE, 0xEF, 0x42, 0x5A, 0x42, 0xA7, 0x5B, 0x62, 0xAE, 0x82, 0x4B,
	0x57, 0x95, 0xC7, 0x70, 0x8B, 0x97, 0x37, 0x5F, 0x46, 0x28, 0x02, 0x20,
	0x38, 0x4A, 0x2A, 0x2B, 0x4C, 0x38, 0x20, 0x04, 0x2F, 0x68, 0x3C, 0x41,
	0x4B, 0x83, 0xAF, 0x63, 0xFE, 0x25, 0x71, 0xC6, 0x94, 0x56, 0x01, 0x13,
	0x02, 0x2D, 0x4B, 0x62, 0x36, 0x01, 0xDB, 0x2A, 0x4B, 0x38, 0x20, 0x20,
	0x38, 0x4B, 0x2A, 0x00, 0xFF, 0xFF, 0x00, 0x2D, 0xFF, 0xEC, 0x04, 0x73,
	0x05, 0x81, 0x02, 0x26, 0x00, 0x37, 0x00, 0x00, 0x00, 0x07, 0x00, 0x63,
	0x01, 0x54, 0x00, 0x66, 0xFF, 0xFF, 0x00, 0x2D, 0xFF, 0xEC, 0x04, 0x73,
	0x05, 0xC9, 0x02, 0x26, 0x00, 0x37, 0x00, 0x00, 0x00, 0x07, 0x00, 0x59,
	0x01, 0x73, 0x00, 0x5C, 0xFF, 0xFF, 0x00, 0x2D, 0xFF, 0xEC, 0x04, 0x73,
	0x06, 0x54, 0x02, 0x26, 0x00, 0x37, 0x00, 0x00, 0x00, 0x07, 0x00, 0x5C,
	0x01, 0x2D, 0x00, 0x52, 0xFF, 0xFF, 0x00, 0x68, 0x00, 0x00, 0x03, 0x39,
	0x06, 0x27, 0x02, 0x26, 0x00, 0x3A, 0x00, 0x00, 0x00, 0x07, 0x00, 0x60,
	0x01, 0x50, 0x00, 0x8F, 0xFF, 0xFF, 0x00, 0x62, 0xFD, 0xF2, 0x03, 0x39,
	0x04, 0x2F, 0x02, 0x26, 0x00, 0x3A, 0x00, 0x00, 0x00, 0x06, 0x00, 0xEF,
	0x25, 0x00, 0xFF, 0xFF, 0x00, 0x68, 0x00, 0x00, 0x03, 0x39, 0x06, 0x0C,
	0x02, 0x26, 0x00, 0x3A, 0x00, 0x00, 0x00, 0x07, 0x00, 0x5E, 0x00, 0x96,
	0x00, 0x66, 0xFF, 0xFF, 0x00, 0x44, 0x00, 0x00, 0x04, 0x08, 0x06, 0x27,
	0x02, 0x26, 0x00, 0x3B, 0x00, 0x00, 0x00, 0x07, 0x00, 0x60, 0x01, 0xCD,
	0x00, 0x8F, 0xFF, 0xFF, 0x00, 0x44, 0x00, 0x00, 0x04, 0x08, 0x06, 0x0C,
	0x02, 0x26, 0x00, 0x3B, 0x00, 0x00, 0x00, 0x07, 0x00, 0x66, 0x01, 0x06,
	0x00, 0x7B, 0x00, 0x01, 0x00, 0x44, 0xFE, 0x33, 0x04, 0x08, 0x04, 0x2D,
	0x00, 0x48, 0x00, 0x00, 0x01, 0x2E, 0x01, 0x27, 0x26, 0x27, 0x37, 0x16,
	0x17, 0x1E, 0x01, 0x33, 0x32, 0x36, 0x35, 0x34, 0x26, 0x23, 0x22, 0x07,
	0x37, 0x21, 0x11, 0x21, 0x32, 0x36, 0x35, 0x34, 0x26, 0x23, 0x21, 0x22,
	0x2E, 0x02, 0x35, 0x34, 0x3E, 0x02, 0x33, 0x21, 0x11, 0x21, 0x22, 0x06,
	0x15, 0x14, 0x16, 0x33, 0x21, 0x32, 0x1E, 0x02, 0x15, 0x14, 0x0E, 0x02,
	0x2B, 0x01, 0x07, 0x1E, 0x03, 0x15, 0x14, 0x0E, 0x02, 0x23, 0x01, 0xFC,
	0x24, 0x42, 0x1A, 0x1E, 0x1A, 0x37, 0x17, 0x17, 0x14, 0x2A, 0x11, 0x15,
	0x1E, 0x2B, 0x19, 0x20, 0x19, 0x48, 0xFE, 0x4E, 0x02, 0x70, 0x1C, 0x28,
	0x28, 0x1C, 0xFE, 0xE4, 0x47, 0x7C, 0x5C, 0x35, 0x35, 0x5C, 0x7C, 0x47,
	0x02, 0x29, 0xFD, 0xD7, 0x1C, 0x28, 0x28, 0x1C, 0x01, 0x1C, 0x46, 0x7C,
	0x5C, 0x36, 0x36, 0x5C, 0x7C, 0x46, 0x43, 0x1B, 0x1F, 0x38, 0x29, 0x18,
	0x22, 0x3C, 0x53, 0x31, 0xFE, 0x33, 0x02, 0x1A, 0x0F, 0x12, 0x15, 0x96,
	0x11, 0x0C, 0x0B, 0x12, 0x1C, 0x17, 0x1C, 0x18, 0x11, 0xC9, 0x01, 0x10,
	0x28, 0x1C, 0x1D, 0x12, 0x36, 0x5D, 0x7C, 0x47, 0x47, 0x7C, 0x5C, 0x35,
	0xFE, 0xF0, 0x28, 0x1C, 0x1D, 0x29, 0x2F, 0x54, 0x76, 0x46, 0x47, 0x7B,
	0x5D, 0x35, 0x4E, 0x04, 0x1C, 0x2D, 0x3D, 0x24, 0x32, 0x4E, 0x35, 0x1C,
	0xFF, 0xFF, 0x00, 0x1D, 0xFD, 0xF2, 0x03, 0x50, 0x05, 0xD9, 0x02, 0x26,
	0x00, 0x3C, 0x00, 0x00, 0x00, 0x07, 0x00, 0xEF, 0x00, 0xFA, 0x00, 0x00,
	0xFF, 0xFF, 0x00, 0x1D, 0x00, 0x00, 0x04, 0x91, 0x05, 0xD9, 0x00, 0x26,
	0x00, 0x3C, 0x00, 0x00, 0x00, 0x07, 0x00, 0xEE, 0x03, 0x81, 0x00, 0x00,
	0x00, 0x01, 0x00, 0x1D, 0x00, 0x00, 0x03, 0x50, 0x05, 0xD9, 0x00, 0x1D,
	0x00, 0x00, 0x21, 0x22, 0x2E, 0x02, 0x27, 0x23, 0x35, 0x33, 0x35, 0x23,
	0x11, 0x33, 0x11, 0x21, 0x11, 0x21, 0x11, 0x21, 0x15, 0x33, 0x15, 0x23,
	0x1E, 0x03, 0x3B, 0x01, 0x11, 0x02, 0x81, 0x5D, 0xA6, 0x80, 0x52, 0x08,
	0x85, 0x83, 0x85, 0x85, 0x01, 0x10, 0x01, 0x9E, 0xFE, 0x62, 0xD7, 0xD3,
	0x09, 0x26, 0x35, 0x42, 0x25, 0xCF, 0x43, 0x75, 0x9D, 0x5B, 0xFC, 0x71,
	0x01, 0x10, 0x01, 0xAC, 0xFE, 0x54, 0xFE, 0xF0, 0x71, 0xFC, 0x23, 0x3A,
	0x2B, 0x18, 0xFE, 0xF0, 0xFF, 0xFF, 0x00, 0x5A, 0xFF, 0xEC, 0x04, 0x17,
	0x05, 0xDB, 0x02, 0x26, 0x00, 0x3D, 0x00, 0x00, 0x00, 0x07, 0x00, 0x62,
	0x00, 0xF6, 0x00, 0x52, 0xFF, 0xFF, 0x00, 0x5A, 0xFF, 0xEC, 0x04, 0x17,
	0x05, 0x58, 0x02, 0x26, 0x00, 0x3D, 0x00, 0x00, 0x00, 0x07, 0x00, 0x63,
	0x01, 0x42, 0x00, 0x3D, 0xFF, 0xFF, 0x00, 0x5A, 0xFF, 0xEC, 0x04, 0x17,
	0x05, 0x96, 0x02, 0x26, 0x00, 0x3D, 0x00, 0x00, 0x00, 0x07, 0x00, 0x59,
	0x01, 0x58, 0x00, 0x29, 0xFF, 0xFF, 0x00, 0x5A, 0xFF, 0xEC, 0x04, 0x17,
	0x05, 0xFA, 0x02, 0x26, 0x00, 0x3D, 0x00, 0x00, 0x00, 0x07, 0x00, 0x5B,
	0x01, 0x79, 0x00, 0x52, 0xFF, 0xFF, 0x00, 0x5A, 0xFF, 0xEC, 0x04, 0x2F,
	0x06, 0x54, 0x02, 0x26, 0x00, 0x3D, 0x00, 0x00, 0x00, 0x07, 0x00, 0x5C,
	0x01, 0x1B, 0x00, 0x52, 0x00, 0x01, 0x00, 0x5A, 0xFE, 0x93, 0x04, 0xC3,
	0x04, 0x2F, 0x00, 0x33, 0x00, 0x00, 0x01, 0x22, 0x2E, 0x02, 0x35, 0x34,
	0x3E, 0x02, 0x37, 0x27, 0x0E, 0x03, 0x23, 0x22, 0x2E, 0x02, 0x35, 0x11,
	0x21, 0x11, 0x14, 0x1E, 0x02, 0x33, 0x32, 0x3E, 0x02, 0x35, 0x11, 0x21,
	0x11, 0x0E, 0x03, 0x15, 0x14, 0x16, 0x33, 0x32, 0x36, 0x37, 0x17, 0x0E,
	0x01, 0x03, 0xD5, 0x1D, 0x46, 0x3C, 0x28, 0x1E, 0x2F, 0x3A, 0x1D, 0x37,
	0x21, 0x4B, 0x52, 0x57, 0x2D, 0x63, 0xAE, 0x83, 0x4B, 0x01, 0x10, 0x21,
	0x38, 0x4B, 0x2B, 0x2A, 0x4B, 0x38, 0x20, 0x01, 0x11, 0x0E, 0x1A, 0x15,
	0x0D, 0x14, 0x11, 0x15, 0x26, 0x08, 0x8E, 0x30, 0x79, 0xFE, 0x93, 0x18,
	0x2E, 0x46, 0x2D, 0x24, 0x40, 0x38, 0x32, 0x15, 0x4E, 0x1E, 0x35, 0x27,
	0x17, 0x46, 0x81, 0xB9, 0x73, 0x02, 0x50, 0xFD, 0xB0, 0x36, 0x55, 0x3A,
	0x1E, 0x27, 0x40, 0x51, 0x2B, 0x02, 0x50, 0xFB, 0xD1, 0x12, 0x26, 0x24,
	0x1F, 0x0C, 0x10, 0x19, 0x1D, 0x14, 0x83, 0x30, 0x3B, 0x00, 0xFF, 0xFF,
	0x00, 0x5E, 0xFF, 0xEC, 0x05, 0xB0, 0x05, 0xF7, 0x02, 0x26, 0x00, 0x3F,
	0x00, 0x00, 0x00, 0x07, 0x00, 0x66, 0x01, 0xF6, 0x00, 0x66, 0xFF, 0xFF,
	0x00, 0x5E, 0xFF, 0xEC, 0x05, 0xB0, 0x06, 0x27, 0x02, 0x26, 0x00, 0x3F,
	0x00, 0x00, 0x00, 0x07, 0x00, 0x65, 0x01, 0x71, 0x00, 0x8F, 0xFF, 0xFF,
	0x00, 0x5E, 0xFF, 0xEC, 0x05, 0xB0, 0x06, 0x27, 0x02, 0x26, 0x00, 0x3F,
	0x00, 0x00, 0x00, 0x07, 0x00, 0x60, 0x02, 0xC7, 0x00, 0x8F, 0xFF, 0xFF,
	0x00, 0x5E, 0xFF, 0xEC, 0x05, 0xB0, 0x05, 0x78, 0x02, 0x26, 0x00, 0x3F,
	0x00, 0x00, 0x00, 0x07, 0x00, 0x61, 0x01, 0xD3, 0x00, 0x3D, 0xFF, 0xFF,
	0x00, 0x5A, 0xFE, 0x66, 0x04, 0x19, 0x05, 0xF7, 0x02, 0x26, 0x00, 0x41,
	0x00, 0x00, 0x00, 0x07, 0x00, 0x66, 0x01, 0x2F, 0x00, 0x66, 0xFF, 0xFF,
	0x00, 0x5A, 0xFE, 0x66, 0x04, 0x19, 0x06, 0x27, 0x02, 0x26, 0x00, 0x41,
	0x00, 0x00, 0x00, 0x07, 0x00, 0x65, 0x00, 0x8F, 0x00, 0x8F, 0xFF, 0xFF,
	0x00, 0x2F, 0x00, 0x00, 0x03, 0xAC, 0x06, 0x27, 0x02, 0x26, 0x00, 0x42,
	0x00, 0x00, 0x00, 0x07, 0x00, 0x60, 0x01, 0x9A, 0x00, 0x8F, 0xFF, 0xFF,
	0x00, 0x2F, 0x00, 0x00, 0x03, 0xAC, 0x05, 0x89, 0x02, 0x26, 0x00, 0x42,
	0x00, 0x00, 0x00, 0x07, 0x00, 0x5A, 0x01, 0x6D, 0x00, 0x3D, 0xFF, 0xFF,
	0x00, 0x2F, 0xFF, 0xEC, 0x07, 0xAE, 0x06, 0x27, 0x02, 0x26, 0x00, 0x80,
	0x00, 0x00, 0x00, 0x07, 0x00, 0x60, 0x03, 0xCD, 0x00, 0x8F, 0xFF, 0xFF,
	0x00, 0x2D, 0xFF, 0xEC, 0x04, 0x75, 0x06, 0x50, 0x02, 0x26, 0x00, 0x78,
	0x00, 0x00, 0x00, 0x07, 0x00, 0x60, 0x01, 0xFA, 0x00, 0xB8, 0x00, 0x02,
	0x00, 0x83, 0xFF, 0x33, 0x01, 0xA4, 0x06, 0x66, 0x00, 0x03, 0x00, 0x07,
	0x00, 0x00, 0x05, 0x21, 0x11, 0x21, 0x35, 0x21, 0x11, 0x21, 0x01, 0xA4,
	0xFE, 0xDF, 0x01, 0x21, 0xFE, 0xDF, 0x01, 0x21, 0xCD, 0x03, 0x33, 0xCD,
	0x03, 0x33, 0x00, 0x02, 0x00, 0x85, 0xFF, 0xC3, 0x05, 0x00, 0x05, 0xD7,
	0x00, 0x0C, 0x00, 0x1D, 0x00, 0x00, 0x01, 0x11, 0x21, 0x32, 0x3E, 0x02,
	0x35, 0x34, 0x2E, 0x02, 0x23, 0x01, 0x21, 0x15, 0x21, 0x32, 0x1E, 0x02,
	0x15, 0x14, 0x0E, 0x02, 0x23, 0x21, 0x15, 0x21, 0x01, 0xA4, 0x01, 0x1F,
	0x3B, 0x68, 0x4E, 0x2D, 0x2D, 0x4E, 0x68, 0x3B, 0xFD, 0xC2, 0x01, 0x1F,
	0x01, 0x1F, 0x76, 0xD1, 0x9C, 0x5A, 0x5A, 0x9C, 0xD1, 0x76, 0xFE, 0xE1,
	0xFE, 0xE1, 0x03, 0xEC, 0xFD, 0xC2, 0x2D, 0x4E, 0x69, 0x3B, 0x3B, 0x68,
	0x4E, 0x2E, 0x01, 0xEB, 0xCD, 0x5A, 0x9C, 0xD1, 0x76, 0x77, 0xD1, 0x9C,
	0x5A, 0xCC, 0x00, 0x02, 0x00, 0x68, 0xFE, 0x68, 0x04, 0xB0, 0x05, 0xEC,
	0x00, 0x13, 0x00, 0x2A, 0x00, 0x00, 0x01, 0x34, 0x2E, 0x02, 0x23, 0x22,
	0x0E, 0x02, 0x15, 0x14, 0x1E, 0x02, 0x33, 0x32, 0x3E, 0x02, 0x01, 0x21,
	0x11, 0x3E, 0x01, 0x33, 0x32, 0x1E, 0x02, 0x15, 0x14, 0x0E, 0x02, 0x23,
	0x22, 0x2E, 0x02, 0x27, 0x11, 0x21, 0x03, 0x9E, 0x26, 0x47, 0x65, 0x3F,
	0x3F, 0x65, 0x46, 0x26, 0x27, 0x47, 0x64, 0x3E, 0x3D, 0x65, 0x48, 0x27,
	0xFC, 0xCA, 0x01, 0x21, 0x3B, 0x84, 0x45, 0x79, 0xCA, 0x90, 0x50, 0x4E,
	0x8F, 0xCA, 0x7C, 0x24, 0x48, 0x45, 0x42, 0x1F, 0xFE, 0xED, 0x02, 0x21,
	0x3D, 0x6A, 0x4F, 0x2D, 0x2D, 0x4F, 0x6A, 0x3D, 0x3B, 0x6A, 0x50, 0x2E,
	0x2E, 0x50, 0x6A, 0x04, 0x06, 0xFE, 0x1A, 0x23, 0x2D, 0x57, 0x99, 0xCE,
	0x77, 0x7A, 0xCF, 0x99, 0x56, 0x10, 0x1B, 0x22, 0x12, 0xFE, 0x20, 0x00,
	0x00, 0x01, 0x00, 0x00, 0x01, 0x74, 0x00, 0x64, 0x00, 0x07, 0x00, 0x5B,
	0x00, 0x04, 0x00, 0x01, 0x00, 0x00, 0x00, 0x00, 0x00, 0x00, 0x00, 0x00,
	0x00, 0x00, 0x00, 0x00, 0x00, 0x02, 0x00, 0x01, 0x00, 0x00, 0x00, 0x00,
	0x00, 0x00, 0x00, 0x00, 0x00, 0x00, 0x00, 0x0E, 0x00, 0x24, 0x00, 0x32,
	0x00, 0x62, 0x00, 0x93, 0x00, 0xAD, 0x00, 0xBB, 0x00, 0xC9, 0x00, 0xFA,
	0x01, 0x43, 0x01, 0x7A, 0x01, 0xA9, 0x01, 0xC2, 0x01, 0xD8, 0x02, 0x12,
	0x02, 0x2B, 0x02, 0x38, 0x02, 0x59, 0x02, 0x77, 0x02, 0x87, 0x02, 0xC8,
	0x02, 0xE0, 0x03, 0x23, 0x03, 0x53, 0x03, 0x9C, 0x03, 0xD3, 0x04, 0x17,
	0x04, 0x2A, 0x04, 0x53, 0x04, 0x6A, 0x04, 0xAC, 0x04, 0xCC, 0x04, 0xF9,
	0x05, 0x0E, 0x05, 0x22, 0x05, 0x30, 0x05, 0x44, 0x05, 0x85, 0x05, 0xC4,
	0x06, 0x00, 0x06, 0x41, 0x06, 0x83, 0x06, 0xA8, 0x06, 0xF8, 0x07, 0x22,
	0x07, 0x4A, 0x07, 0x85, 0x07, 0xA2, 0x07, 0xAF, 0x07, 0xF2, 0x08, 0x1B,
	0x08, 0x56, 0x08, 0x98, 0x08, 0xDA, 0x08, 0xF6, 0x09, 0x30, 0x09, 0x57,
	0x09, 0x82, 0x09, 0x97, 0x09, 0xD9, 0x09, 0xF7, 0x0A, 0x2F, 0x0A, 0x44,
	0x0A, 0x52, 0x0A, 0x6A, 0x0A, 0x8C, 0x0A, 0xAC, 0x0A, 0xD3, 0x0B, 0x0D,
	0x0B, 0x4E, 0x0B, 0xB7, 0x0B, 0xDE, 0x0C, 0x25, 0x0C, 0x46, 0x0C, 0x67,
	0x0C, 0x75, 0x0C, 0x83, 0x0C, 0xAA, 0x0C, 0xF2, 0x0D, 0x3A, 0x0D, 0x61,
	0x0D, 0x6E, 0x0D, 0x7B, 0x0D, 0x95, 0x0D, 0xAB, 0x0D, 0xD9, 0x0D, 0xFA,
	0x0E, 0x2A, 0x0E, 0x40, 0x0E, 0x69, 0x0E, 0x7B, 0x0E, 0xAE, 0x0E, 0xBD,
	0x0E, 0xF8, 0x0F, 0x36, 0x0F, 0x42, 0x0F, 0x7C, 0x0F, 0x8C, 0x0F, 0x9D,
	0x0F, 0xD6, 0x0F, 0xEA, 0x0F, 0xFE, 0x10, 0x1F, 0x10, 0x3C, 0x10, 0x56,
	0x10, 0x67, 0x10, 0x7B, 0x10, 0x8F, 0x10, 0xB1, 0x10, 0xD3, 0x11, 0x15,
	0x11, 0x57, 0x11, 0x69, 0x11, 0xE5, 0x12, 0x0B, 0x12, 0x62, 0x12, 0xB3,
	0x12, 0xC1, 0x13, 0x03, 0x13, 0x62, 0x13, 0xC9, 0x14, 0x0C, 0x14, 0x4D,
	0x14, 0x81, 0x14, 0xF9, 0x15, 0x66, 0x15, 0xB2, 0x15, 0xE7, 0x15, 0xFF,
	0x16, 0x17, 0x16, 0x80, 0x16, 0xA1, 0x16, 0xEE, 0x17, 0x47, 0x17, 0x95,
	0x17, 0xBD, 0x18, 0x28, 0x18, 0x74, 0x18, 0xFF, 0x19, 0x2C, 0x19, 0x63,
	0x19, 0x95, 0x19, 0xDC, 0x1A, 0x26, 0x1A, 0x4E, 0x1A, 0x9D, 0x1A, 0xA9,
	0x1A, 0xB5, 0x1A, 0xC1, 0x1A, 0xCD, 0x1A, 0xD9, 0x1A, 0xE5, 0x1A, 0xF1,
	0x1B, 0x47, 0x1B, 0xAA, 0x1B, 0xB6, 0x1B, 0xC2, 0x1B, 0xCE, 0x1B, 0xDA,
	0x1B, 0xE6, 0x1B, 0xF2, 0x1B, 0xFE, 0x1C, 0x0A, 0x1C, 0x16, 0x1C, 0x22,
	0x1C, 0x89, 0x1C, 0x95, 0x1C, 0xA1, 0x1C, 0xAD, 0x1C, 0xB9, 0x1C, 0xC5,
	0x1C, 0xD1, 0x1C, 0xDC, 0x1C, 0xE7, 0x1C, 0xF3, 0x1C, 0xFF, 0x1D, 0x0B,
	0x1D, 0x17, 0x1D, 0x23, 0x1D, 0x2F, 0x1D, 0x3B, 0x1D, 0x47, 0x1D, 0x53,
	0x1D, 0x5F, 0x1D, 0x6B, 0x1D, 0x77, 0x1D, 0x83, 0x1D, 0x8F, 0x1D, 0x9B,
	0x1D, 0xA7, 0x1D, 0xB3, 0x1D, 0xBF, 0x1D, 0xCB, 0x1D, 0xD7, 0x1D, 0xE3,
	0x1D, 0xEF, 0x1D, 0xFB, 0x1E, 0x07, 0x1E, 0x13, 0x1E, 0x1F, 0x1E, 0x2B,
	0x1E, 0x37, 0x1E, 0x43, 0x1E, 0x4F, 0x1E, 0x8D, 0x1E, 0xCF, 0x1F, 0x00,
	0x1F, 0x48, 0x1F, 0xA7, 0x1F, 0xDE, 0x1F, 0xEE, 0x20, 0x28, 0x20, 0x6A,
	0x20, 0x87, 0x20, 0xB7, 0x20, 0xFF, 0x21, 0x12, 0x21, 0x80, 0x21, 0xC8,
	0x22, 0x29, 0x22, 0x6B, 0x22, 0x96, 0x22, 0xA6, 0x22, 0xF6, 0x23, 0x2A,
	0x23, 0x60, 0x23, 0x60, 0x23, 0xB4, 0x23, 0xF7, 0x24, 0x21, 0x24, 0x41,
	0x24, 0x8F, 0x24, 0x9D, 0x24, 0xC4, 0x24, 0xEB, 0x25, 0x10, 0x25, 0x1C,
	0x25, 0x28, 0x25, 0x77, 0x25, 0x83, 0x25, 0x8F, 0x25, 0x9B, 0x25, 0xA7,
	0x25, 0xB3, 0x25, 0xBB, 0x25, 0xC7, 0x25, 0xD3, 0x25, 0xDF, 0x26, 0x18,
	0x26, 0x24, 0x26, 0x30, 0x26, 0x3C, 0x26, 0x48, 0x26, 0x54, 0x26, 0x60,
	0x26, 0x88, 0x26, 0x94, 0x26, 0xA0, 0x26, 0xAC, 0x26, 0xD8, 0x26, 0xE4,
	0x26, 0xF0, 0x26, 0xFC, 0x27, 0x08, 0x27, 0x14, 0x27, 0x20, 0x27, 0x2C,
	0x27, 0x38, 0x27, 0x44, 0x27, 0x50, 0x27, 0x5C, 0x27, 0x89, 0x27, 0x95,
	0x27, 0xA1, 0x27, 0xAD, 0x27, 0xB9, 0x27, 0xC5, 0x27, 0xD1, 0x27, 0xDD,
	0x27, 0xE9, 0x28, 0x58, 0x28, 0x64, 0x28, 0x70, 0x28, 0x8F, 0x28, 0x9B,
	0x28, 0xA7, 0x28, 0xB3, 0x28, 0xBF, 0x28, 0xCB, 0x29, 0x17, 0x29, 0x23,
	0x29, 0x2F, 0x29, 0x3B, 0x29, 0x47, 0x29, 0x53, 0x29, 0x5F, 0x29, 0x6B,
	0x29, 0x77, 0x29, 0x83, 0x29, 0x8F, 0x29, 0x9B, 0x29, 0xA7, 0x2A, 0x06,
	0x2A, 0x12, 0x2A, 0x1E, 0x2A, 0x2A, 0x2A, 0x36, 0x2A, 0x42, 0x2A, 0x8D,
	0x2A, 0x99, 0x2A, 0xA5, 0x2A, 0xB1, 0x2B, 0x12, 0x2B, 0x1E, 0x2B, 0x2A,
	0x2B, 0x36, 0x2B, 0x42, 0x2B, 0x4E, 0x2B, 0x5A, 0x2B, 0x8C, 0x2B, 0x97,
	0x2B, 0xA2, 0x2B, 0xAD, 0x2B, 0xF3, 0x2B, 0xFF, 0x2C, 0x0A, 0x2C, 0x16,
	0x2C, 0x33, 0x2C, 0x3F, 0x2C, 0x4A, 0x2C, 0x56, 0x2C, 0x62, 0x2C, 0x6E,
	0x2C, 0x7A, 0x2C, 0x86, 0x2C, 0x92, 0x2C, 0xCA, 0x2C, 0xD6, 0x2C, 0xE2,
	0x2C, 0xEE, 0x2C, 0xFA, 0x2D, 0x05, 0x2D, 0x11, 0x2D, 0x1D, 0x2D, 0x29,
	0x2D, 0x8E, 0x2D, 0x9A, 0x2D, 0xA6, 0x2D, 0xD2, 0x2D, 0xDE, 0x2D, 0xEA,
	0x2D, 0xF6, 0x2E, 0x02, 0x2E, 0x0E, 0x2E, 0x59, 0x2E, 0x65, 0x2E, 0x71,
	0x2E, 0x7D, 0x2E, 0x89, 0x2E, 0x95, 0x2E, 0xA1, 0x2E, 0xAD, 0x2E, 0xB9,
	0x2E, 0xC5, 0x2E, 0xD1, 0x2E, 0xE5, 0x2F, 0x15, 0x2F, 0x56, 0x00, 0x00,
	0x00, 0x01, 0x00, 0x00, 0x00, 0x01, 0x00, 0x00, 0x87, 0x9E, 0xE0, 0xCF,
	0x5F, 0x0F, 0x3C, 0xF5, 0x00, 0x09, 0x08, 0x00, 0x00, 0x00, 0x00, 0x00,
	0xCA, 0xED, 0x23, 0x24, 0x00, 0x00, 0x00, 0x00, 0xCA, 0xEE, 0x7F, 0x9A,
	0xFE, 0xD1, 0xFD, 0xF2, 0x08, 0xBE, 0x07, 0xE1, 0x00, 0x00, 0x00, 0x09,
	0x00, 0x02, 0x00, 0x00, 0x00, 0x00, 0x00, 0x00, 0x02, 0x3D, 0x00, 0x00,
	0x00, 0x00, 0x00, 0x00, 0x02, 0x3D, 0x00, 0x00, 0x02, 0x3D, 0x00, 0x00,
	0x04, 0x5A, 0x00, 0x89, 0x03, 0x46, 0x00, 0x64, 0x01, 0xE9, 0x00, 0x64,
	0x02, 0xCF, 0x00, 0x4A, 0x02, 0xCF, 0x00, 0x1D, 0x03, 0xE3, 0x00, 0x4E,
	0x04, 0x3B, 0x00, 0x79, 0x03, 0xEC, 0x00, 0x39, 0x05, 0x64, 0x00, 0x75,
	0x05, 0x54, 0x00, 0x85, 0x05, 0x1F, 0x00, 0x37, 0x05, 0x3B, 0x00, 0x85,
	0x04, 0xA0, 0x00, 0x85, 0x04, 0x7F, 0x00, 0x85, 0x05, 0x52, 0x00, 0x37,
	0x05, 0x85, 0x00, 0x85, 0x02, 0x29, 0x00, 0x85, 0x03, 0x56, 0x00, 0x14,
	0x05, 0x00, 0x00, 0x85, 0x04, 0x81, 0x00, 0x85, 0x06, 0x8F, 0x00, 0x7B,
	0x05, 0x85, 0x00, 0x85, 0x06, 0x39, 0x00, 0x37, 0x05, 0x23, 0x00, 0x85,
	0x06, 0x39, 0x00, 0x37, 0x05, 0x37, 0x00, 0x85, 0x04, 0xE3, 0x00, 0x31,
	0x04, 0xA0, 0x00, 0x12, 0x05, 0x64, 0x00, 0x75, 0x04, 0xD1, 0x00, 0x02,
	0x06, 0x8F, 0x00, 0x7B, 0x04, 0xDF, 0x00, 0x00, 0x04, 0xF6, 0x00, 0x3D,
	0x04, 0xB2, 0x00, 0x2F, 0x03, 0x0C, 0x00, 0x81, 0x03, 0xEC, 0x00, 0x39,
	0x03, 0x0C, 0x00, 0x4C, 0x04, 0xDD, 0x00, 0x2F, 0x04, 0xC7, 0x00, 0x52,
	0x04, 0x2D, 0x00, 0x2D, 0x04, 0xDB, 0x00, 0x2D, 0x04, 0x33, 0x00, 0x2F,
	0x03, 0x2B, 0x00, 0x2D, 0x04, 0xDD, 0x00, 0x2F, 0x04, 0x7F, 0x00, 0x68,
	0x01, 0xE3, 0x00, 0x3B, 0x01, 0xE7, 0xFE, 0xD1, 0x04, 0x50, 0x00, 0x68,
	0x01, 0xE3, 0x00, 0x68, 0x06, 0x19, 0x00, 0x68, 0x04, 0x7F, 0x00, 0x68,
	0x04, 0xA2, 0x00, 0x2D, 0x04, 0xDF, 0x00, 0x68, 0x04, 0xDD, 0x00, 0x2F,
	0x03, 0x50, 0x00, 0x68, 0x04, 0x31, 0x00, 0x44, 0x03, 0x81, 0x00, 0x1D,
	0x04, 0x7F, 0x00, 0x5A, 0x04, 0x42, 0x00, 0x00, 0x06, 0x0E, 0x00, 0x5E,
	0x04, 0x3B, 0xFF, 0xFA, 0x04, 0x81, 0x00, 0x5A, 0x03, 0xDB, 0x00, 0x2F,
	0x02, 0x23, 0x00, 0x81, 0x03, 0x79, 0x00, 0x42, 0x03, 0x9E, 0x00, 0x54,
	0x02, 0x1B, 0x00, 0x62, 0x02, 0x1D, 0x00, 0x62, 0x02, 0x37, 0x00, 0x71,
	0x02, 0x37, 0x00, 0x71, 0x05, 0x0A, 0x00, 0x4E, 0x02, 0x1D, 0x00, 0x62,
	0x03, 0xB6, 0x00, 0x62, 0x02, 0x17, 0x00, 0x60, 0x02, 0xD7, 0x00, 0x96,
	0x03, 0x5A, 0x00, 0x7B, 0x05, 0xC1, 0x00, 0x7B, 0x01, 0xF6, 0x00, 0x4C,
	0x03, 0x8F, 0x00, 0x4C, 0x03, 0x91, 0x00, 0x56, 0x01, 0xF8, 0x00, 0x56,
	0x03, 0xD1, 0xFF, 0xF2, 0x01, 0xE3, 0x00, 0x68, 0x03, 0xD5, 0x00, 0x5E,
	0x04, 0x50, 0x00, 0x83, 0x01, 0xC3, 0x00, 0x00, 0x01, 0x00, 0x00, 0x00,
	0x01, 0x8B, 0x00, 0x00, 0x03, 0x14, 0x00, 0x00, 0x01, 0xB4, 0x00, 0x00,
	0x02, 0x23, 0x00, 0x00, 0x01, 0xAA, 0x00, 0x00, 0x01, 0xCD, 0x00, 0x00,
	0x02, 0x68, 0x00, 0x00, 0x02, 0x93, 0x00, 0x00, 0x01, 0xFA, 0x00, 0x00,
	0x03, 0x0E, 0x00, 0x4A, 0x01, 0xCD, 0x00, 0x00, 0x02, 0x23, 0x00, 0x00,
	0x05, 0x62, 0x00, 0x08, 0x03, 0xD3, 0x00, 0x3D, 0x03, 0xD3, 0x00, 0x64,
	0x04, 0xB8, 0x00, 0x48, 0x04, 0xB0, 0x00, 0x10, 0x02, 0x8F, 0x00, 0x14,
	0x04, 0x3D, 0x00, 0x79, 0x03, 0x3B, 0x00, 0x31, 0x03, 0x39, 0x00, 0x52,
	0x05, 0xA2, 0x00, 0x31, 0x05, 0xA0, 0x00, 0x52, 0x03, 0xF4, 0x00, 0x56,
	0x03, 0x9C, 0x00, 0x66, 0x02, 0x5A, 0x00, 0x00, 0x03, 0xCF, 0x00, 0x7D,
	0x04, 0x19, 0x00, 0x66, 0x06, 0x39, 0x00, 0x37, 0x04, 0xA2, 0x00, 0x2D,
	0x04, 0xC9, 0x00, 0xC1, 0x04, 0xDB, 0x00, 0x77, 0x03, 0x85, 0x00, 0x4E,
	0x05, 0x3F, 0x00, 0x5A, 0x03, 0x9C, 0x00, 0x75, 0x03, 0x75, 0x00, 0x73,
	0x07, 0xE9, 0x00, 0x75, 0x07, 0xCF, 0x00, 0x2F, 0x07, 0x66, 0x00, 0x2D,
	0x09, 0x02, 0x00, 0x37, 0x06, 0x77, 0x00, 0x4E, 0x05, 0x10, 0x00, 0x4C,
	0x04, 0x71, 0x00, 0x25, 0x06, 0x83, 0x00, 0x2D, 0x04, 0x21, 0x00, 0x6D,
	0x04, 0xE1, 0x00, 0x48, 0x04, 0xA6, 0x00, 0x2D, 0x04, 0xD1, 0x00, 0x44,
	0x02, 0x33, 0x00, 0x6D, 0x06, 0x2D, 0x00, 0x56, 0x06, 0x73, 0x00, 0x44,
	0x07, 0xFC, 0x00, 0x50, 0x04, 0x93, 0x00, 0x7D, 0x05, 0x3B, 0x00, 0x60,
	0x04, 0x7D, 0x00, 0x44, 0x03, 0xBC, 0x00, 0x27, 0x03, 0xBC, 0x00, 0x4C,
	0x02, 0x33, 0x00, 0x6D, 0x04, 0xD3, 0x00, 0x50, 0x04, 0xE3, 0x00, 0x31,
	0x04, 0x31, 0x00, 0x44, 0x04, 0xF6, 0x00, 0x3D, 0x04, 0x81, 0x00, 0x5A,
	0x04, 0xB2, 0x00, 0x2F, 0x03, 0xDB, 0x00, 0x2F, 0x05, 0x64, 0x00, 0x75,
	0x05, 0x64, 0x00, 0x75, 0x05, 0x1F, 0x00, 0x37, 0x04, 0xA0, 0x00, 0x85,
	0x05, 0x85, 0x00, 0x85, 0x06, 0x39, 0x00, 0x37, 0x05, 0x64, 0x00, 0x75,
	0x04, 0xDD, 0x00, 0x2F, 0x04, 0xDD, 0x00, 0x2F, 0x04, 0xDD, 0x00, 0x2F,
	0x04, 0xDD, 0x00, 0x2F, 0x04, 0xDD, 0x00, 0x2F, 0x04, 0xDD, 0x00, 0x2F,
	0x04, 0x2D, 0x00, 0x2D, 0x04, 0x33, 0x00, 0x2F, 0x04, 0x33, 0x00, 0x2F,
	0x04, 0x33, 0x00, 0x2F, 0x04, 0x33, 0x00, 0x2F, 0x01, 0xE3, 0x00, 0x68,
	0x01, 0xE3, 0xFF, 0x94, 0x01, 0xE3, 0xFF, 0xE2, 0x01, 0xE3, 0xFF, 0xBF,
	0x04, 0x7F, 0x00, 0x68, 0x04, 0xA2, 0x00, 0x2D, 0x04, 0xA2, 0x00, 0x2D,
	0x04, 0xA2, 0x00, 0x2D, 0x04, 0xA2, 0x00, 0x2D, 0x04, 0xA2, 0x00, 0x2D,
	0x04, 0x7F, 0x00, 0x5A, 0x04, 0x7F, 0x00, 0x5A, 0x04, 0x7F, 0x00, 0x5A,
	0x04, 0x7F, 0x00, 0x5A, 0x05, 0x64, 0x00, 0x75, 0x05, 0x64, 0x00, 0x75,
	0x06, 0x39, 0x00, 0x37, 0x04, 0x81, 0x00, 0x5A, 0x04, 0xF6, 0x00, 0x3D,
	0x05, 0x64, 0x00, 0x75, 0x04, 0xA0, 0x00, 0x85, 0x05, 0x64, 0x00, 0x75,
	0x04, 0xA0, 0x00, 0x85, 0x04, 0xA0, 0x00, 0x85, 0x02, 0x29, 0x00, 0x85,
	0x02, 0x29, 0x00, 0x04, 0x02, 0x29, 0xFF, 0xE2, 0x02, 0x29, 0xFF, 0xB5,
	0x06, 0x39, 0x00, 0x37, 0x06, 0x39, 0x00, 0x37, 0x06, 0x39, 0x00, 0x37,
	0x05, 0x64, 0x00, 0x75, 0x05, 0x64, 0x00, 0x75, 0x05, 0x64, 0x00, 0x75,
	0x03, 0xB4, 0x00, 0x50, 0x03, 0xAA, 0x00, 0x5A, 0x02, 0xD9, 0x00, 0x6D,
	0x03, 0xE3, 0x00, 0x79, 0x04, 0x8F, 0x00, 0x6F, 0x05, 0x23, 0x00, 0x54,
	0x02, 0x8B, 0x00, 0x4E, 0x04, 0x91, 0x00, 0x58, 0x04, 0xB2, 0x00, 0x64,
	0x05, 0x0C, 0x00, 0x3B, 0x04, 0xB0, 0x00, 0x64, 0x04, 0xEC, 0x00, 0x4C,
	0x04, 0x21, 0x00, 0x31, 0x04, 0xF2, 0x00, 0x48, 0x04, 0xEE, 0x00, 0x46,
	0x05, 0x7B, 0x00, 0x4A, 0x05, 0x19, 0x00, 0x4A, 0x05, 0x31, 0x00, 0x4A,
	0x01, 0xDB, 0x00, 0x5C, 0x05, 0xAC, 0x00, 0x5A, 0x05, 0x73, 0x00, 0x5E,
	0x02, 0xD7, 0x00, 0x75, 0x02, 0x3D, 0x00, 0x00, 0x06, 0x50, 0x00, 0x62,
	0x05, 0x35, 0x00, 0x2D, 0x05, 0x0E, 0x00, 0x2D, 0x01, 0xE7, 0xFE, 0xD1,
	0x03, 0xA2, 0x00, 0x33, 0x03, 0x5A, 0x00, 0x7B, 0x01, 0x8B, 0x00, 0x3D,
	0x01, 0x10, 0x00, 0x00, 0x01, 0x8D, 0x00, 0x3D, 0x05, 0x64, 0x00, 0x75,
	0x05, 0x64, 0x00, 0x75, 0x05, 0x64, 0x00, 0x75, 0x05, 0x1F, 0x00, 0x37,
	0x05, 0x1F, 0x00, 0x37, 0x05, 0x1F, 0x00, 0x37, 0x05, 0x1F, 0x00, 0x37,
	0x05, 0x3B, 0x00, 0x85, 0x05, 0x62, 0x00, 0x08, 0x04, 0xA0, 0x00, 0x85,
	0x04, 0xA0, 0x00, 0x85, 0x04, 0xA0, 0x00, 0x85, 0x04, 0xA0, 0x00, 0x85,
	0x04, 0xA0, 0x00, 0x85, 0x05, 0x52, 0x00, 0x37, 0x05, 0x52, 0x00, 0x37,
	0x05, 0x52, 0x00, 0x37, 0x05, 0x52, 0x00, 0x37, 0x05, 0x85, 0x00, 0x85,
	0x05, 0x85, 0x00, 0x1F, 0x02, 0x29, 0xFF, 0xCC, 0x02, 0x29, 0x00, 0x17,
	0x02, 0x29, 0x00, 0x37, 0x02, 0x29, 0x00, 0x42, 0x02, 0x29, 0x00, 0x85,
	0x05, 0x7F, 0x00, 0x85, 0x03, 0x56, 0x00, 0x14, 0x05, 0x00, 0x00, 0x85,
	0x04, 0x81, 0x00, 0x85, 0x04, 0x81, 0x00, 0x85, 0x05, 0xF6, 0x00, 0x85,
	0x04, 0x81, 0x00, 0x85, 0x05, 0x85, 0x00, 0x85, 0x05, 0x85, 0x00, 0x85,
	0x05, 0x85, 0x00, 0x85, 0x05, 0x85, 0x00, 0x85, 0x06, 0x39, 0x00, 0x37,
	0x06, 0x39, 0x00, 0x37, 0x06, 0x39, 0x00, 0x37, 0x05, 0x37, 0x00, 0x85,
	0x05, 0x37, 0x00, 0x85, 0x05, 0x37, 0x00, 0x85, 0x04, 0xE3, 0x00, 0x31,
	0x04, 0xE3, 0x00, 0x31, 0x04, 0xE3, 0x00, 0x31, 0x04, 0xA0, 0x00, 0x12,
	0x04, 0xA0, 0x00, 0x12, 0x04, 0xA0, 0x00, 0x12, 0x05, 0x64, 0x00, 0x75,
	0x05, 0x64, 0x00, 0x75, 0x05, 0x64, 0x00, 0x75, 0x05, 0x64, 0x00, 0x75,
	0x05, 0x64, 0x00, 0x75, 0x05, 0x64, 0x00, 0x75, 0x06, 0x8F, 0x00, 0x7B,
	0x06, 0x8F, 0x00, 0x7B, 0x06, 0x8F, 0x00, 0x7B, 0x06, 0x8F, 0x00, 0x7B,
	0x04, 0xF6, 0x00, 0x3D, 0x04, 0xF6, 0x00, 0x3D, 0x04, 0xB2, 0x00, 0x2F,
	0x04, 0xB2, 0x00, 0x2F, 0x07, 0xE9, 0x00, 0x75, 0x06, 0x39, 0x00, 0x37,
	0x04, 0xDD, 0x00, 0x2F, 0x04, 0xDD, 0x00, 0x2F, 0x04, 0xDD, 0x00, 0x2F,
	0x04, 0x2D, 0x00, 0x2D, 0x04, 0x2D, 0x00, 0x2D, 0x04, 0x2D, 0x00, 0x2D,
	0x04, 0x2D, 0x00, 0x2D, 0x05, 0xEC, 0x00, 0x2D, 0x04, 0xDB, 0x00, 0x2D,
	0x04, 0x33, 0x00, 0x2F, 0x04, 0x33, 0x00, 0x2F, 0x04, 0x33, 0x00, 0x2F,
	0x04, 0x33, 0x00, 0x2F, 0x04, 0x33, 0x00, 0x2F, 0x04, 0xDD, 0x00, 0x2F,
	0x04, 0xDD, 0x00, 0x2F, 0x04, 0xDD, 0x00, 0x2F, 0x04, 0xDD, 0x00, 0x2F,
	0x04, 0x7F, 0x00, 0x68, 0x04, 0x7F, 0x00, 0x02, 0x01, 0xE3, 0xFF, 0xA9,
	0x01, 0xE3, 0xFF, 0xF7, 0x01, 0xE3, 0x00, 0x10, 0x01, 0xE3, 0x00, 0x2B,
	0x03, 0xCB, 0x00, 0x3B, 0x01, 0xE7, 0xFE, 0xD1, 0x04, 0x50, 0x00, 0x68,
	0x04, 0x50, 0x00, 0x68, 0x01, 0xE3, 0x00, 0x68, 0x01, 0xE3, 0x00, 0x68,
	0x03, 0xB6, 0x00, 0x68, 0x02, 0xF4, 0x00, 0x68, 0x04, 0x7F, 0x00, 0x68,
	0x04, 0x7F, 0x00, 0x68, 0x04, 0x7F, 0x00, 0x68, 0x05, 0x8F, 0x00, 0x00,
	0x04, 0x7F, 0x00, 0x68, 0x04, 0xA2, 0x00, 0x2D, 0x04, 0xA2, 0x00, 0x2D,
	0x04, 0xA2, 0x00, 0x2D, 0x03, 0x50, 0x00, 0x68, 0x03, 0x50, 0x00, 0x62,
	0x03, 0x50, 0x00, 0x68, 0x04, 0x31, 0x00, 0x44, 0x04, 0x31, 0x00, 0x44,
	0x04, 0x31, 0x00, 0x44, 0x03, 0x81, 0x00, 0x1D, 0x04, 0x91, 0x00, 0x1D,
	0x03, 0x81, 0x00, 0x1D, 0x04, 0x7F, 0x00, 0x5A, 0x04, 0x7F, 0x00, 0x5A,
	0x04, 0x7F, 0x00, 0x5A, 0x04, 0x7F, 0x00, 0x5A, 0x04, 0x7F, 0x00, 0x5A,
	0x04, 0x7F, 0x00, 0x5A, 0x06, 0x0E, 0x00, 0x5E, 0x06, 0x0E, 0x00, 0x5E,
	0x06, 0x0E, 0x00, 0x5E, 0x06, 0x0E, 0x00, 0x5E, 0x04, 0x81, 0x00, 0x5A,
	0x04, 0x81, 0x00, 0x5A, 0x03, 0xDB, 0x00, 0x2F, 0x03, 0xDB, 0x00, 0x2F,
	0x07, 0xCF, 0x00, 0x2F, 0x04, 0xA2, 0x00, 0x2D, 0x02, 0x27, 0x00, 0x83,
	0x05, 0x19, 0x00, 0x85, 0x04, 0xDF, 0x00, 0x68, 0x00, 0x01, 0x00, 0x00,
	0x07, 0xE1, 0xFD, 0xF2, 0x00, 0x00, 0x09, 0x02, 0xFE, 0xD1, 0xFF, 0x53,
	0x08, 0xBE, 0x00, 0x01, 0x00, 0x00, 0x00, 0x00, 0x00, 0x00, 0x00, 0x00,
	0x00, 0x00, 0x00, 0x00, 0x00, 0x00, 0x01, 0x74, 0x00, 0x03, 0x03, 0xC3,
	0x01, 0x90, 0x00, 0x05, 0x00, 0x00, 0x05, 0x9A, 0x05, 0x33, 0x00, 0x00,
	0x01, 0x1F, 0x05, 0x9A, 0x05, 0x33, 0x00, 0x00, 0x03, 0xD1, 0x00, 0x66,
	0x02, 0x00, 0x00, 0x00, 0x02, 0x01, 0x05, 0x06, 0x00, 0x00, 0x00, 0x02,
	0x00, 0x00, 0xA0, 0x00, 0x00, 0xEF, 0x40, 0x00, 0x00, 0x4A, 0x00, 0x00,
	0x00, 0x00, 0x00, 0x00, 0x00, 0x00, 0x41, 0x4F, 0x45, 0x46, 0x00, 0x40,
	0x00, 0x20, 0xFB, 0x02, 0x07, 0xE1, 0xFD, 0xF2, 0x00, 0x00, 0x07, 0xE1,
	0x02, 0x0E, 0x00, 0x00, 0x00, 0x93, 0x00, 0x00, 0x00, 0x00, 0x04, 0x35,
	0x05, 0x9A, 0x00, 0x00, 0x00, 0x20, 0x00, 0x00, 0x00, 0x00, 0x00, 0x01,
	0x00, 0x01, 0x01, 0x01, 0x01, 0x01, 0x00, 0x0C, 0x00, 0xF8, 0x08, 0xFF,
	0x00, 0x08, 0x00, 0x08, 0xFF, 0xFD, 0x00, 0x09, 0x00, 0x09, 0xFF, 0xFD,
	0x00, 0x0A, 0x00, 0x0A, 0xFF, 0xFD, 0x00, 0x0B, 0x00, 0x0B, 0xFF, 0xFD,
	0x00, 0x0C, 0x00, 0x0C, 0xFF, 0xFC, 0x00, 0x0D, 0x00, 0x0D, 0xFF, 0xFC,
	0x00, 0x0E, 0x00, 0x0E, 0xFF, 0xFC, 0x00, 0x0F, 0x00, 0x0F, 0xFF, 0xFC,
	0x00, 0x10, 0x00, 0x10, 0xFF, 0xFB, 0x00, 0x11, 0x00, 0x11, 0xFF, 0xFB,
	0x00, 0x12, 0x00, 0x12, 0xFF, 0xFB, 0x00, 0x13, 0x00, 0x13, 0xFF, 0xFB,
	0x00, 0x14, 0x00, 0x14, 0xFF, 0xFA, 0x00, 0x15, 0x00, 0x15, 0xFF, 0xFA,
	0x00, 0x16, 0x00, 0x16, 0xFF, 0xFA, 0x00, 0x17, 0x00, 0x17, 0xFF, 0xFA,
	0x00, 0x18, 0x00, 0x18, 0xFF, 0xF9, 0x00, 0x19, 0x00, 0x19, 0xFF, 0xF9,
	0x00, 0x1A, 0x00, 0x1A, 0xFF, 0xF9, 0x00, 0x1B, 0x00, 0x1B, 0xFF, 0xF9,
	0x00, 0x1C, 0x00, 0x1C, 0xFF, 0xF8, 0x00, 0x1D, 0x00, 0x1D, 0xFF, 0xF8,
	0x00, 0x1E, 0x00, 0x1E, 0xFF, 0xF8, 0x00, 0x1F, 0x00, 0x1F, 0xFF, 0xF8,
	0x00, 0x20, 0x00, 0x20, 0xFF, 0xF7, 0x00, 0x21, 0x00, 0x21, 0xFF, 0xF7,
	0x00, 0x22, 0x00, 0x22, 0xFF, 0xF7, 0x00, 0x23, 0x00, 0x23, 0xFF, 0xF7,
	0x00, 0x24, 0x00, 0x24, 0xFF, 0xF6, 0x00, 0x25, 0x00, 0x25, 0xFF, 0xF6,
	0x00, 0x26, 0x00, 0x26, 0xFF, 0xF6, 0x00, 0x27, 0x00, 0x27, 0xFF, 0xF5,
	0x00, 0x28, 0x00, 0x28, 0xFF, 0xF5, 0x00, 0x29, 0x00, 0x29, 0xFF, 0xF5,
	0x00, 0x2A, 0x00, 0x2A, 0xFF, 0xF5, 0x00, 0x2B, 0x00, 0x2B, 0xFF, 0xF4,
	0x00, 0x2C, 0x00, 0x2C, 0xFF, 0xF4, 0x00, 0x2D, 0x00, 0x2D, 0xFF, 0xF4,
	0x00, 0x2E, 0x00, 0x2E, 0xFF, 0xF4, 0x00, 0x2F, 0x00, 0x2F, 0xFF, 0xF3,
	0x00, 0x30, 0x00, 0x30, 0xFF, 0xF3, 0x00, 0x31, 0x00, 0x31, 0xFF, 0xF3,
	0x00, 0x32, 0x00, 0x32, 0xFF, 0xF3, 0x00, 0x33, 0x00, 0x33, 0xFF, 0xF2,
	0x00, 0x34, 0x00, 0x34, 0xFF, 0xF2, 0x00, 0x35, 0x00, 0x35, 0xFF, 0xF2,
	0x00, 0x36, 0x00, 0x36, 0xFF, 0xF2, 0x00, 0x37, 0x00, 0x37, 0xFF, 0xF1,
	0x00, 0x38, 0x00, 0x38, 0xFF, 0xF1, 0x00, 0x39, 0x00, 0x39, 0xFF, 0xF1,
	0x00, 0x3A, 0x00, 0x3A, 0xFF, 0xF1, 0x00, 0x3B, 0x00, 0x3B, 0xFF, 0xF0,
	0x00, 0x3C, 0x00, 0x3C, 0xFF, 0xF0, 0x00, 0x3D, 0x00, 0x3D, 0xFF, 0xF0,
	0x00, 0x3E, 0x00, 0x3E, 0xFF, 0xF0, 0x00, 0x3F, 0x00, 0x3F, 0xFF, 0xEF,
	0x00, 0x40, 0x00, 0x40, 0xFF, 0xEF, 0x00, 0x41, 0x00, 0x41, 0xFF, 0xEF,
	0x00, 0x42, 0x00, 0x42, 0xFF, 0xEF, 0x00, 0x43, 0x00, 0x42, 0xFF, 0xEE,
	0x00, 0x44, 0x00, 0x43, 0xFF, 0xEE, 0x00, 0x45, 0x00, 0x44, 0xFF, 0xEE,
	0x00, 0x46, 0x00, 0x45, 0xFF, 0xEE, 0x00, 0x47, 0x00, 0x46, 0xFF, 0xED,
	0x00, 0x48, 0x00, 0x47, 0xFF, 0xED, 0x00, 0x49, 0x00, 0x48, 0xFF, 0xED,
	0x00, 0x4A, 0x00, 0x49, 0xFF, 0xEC, 0x00, 0x4B, 0x00, 0x4A, 0xFF, 0xEC,
	0x00, 0x4C, 0x00, 0x4B, 0xFF, 0xEC, 0x00, 0x4D, 0x00, 0x4C, 0xFF, 0xEC,
	0x00, 0x4E, 0x00, 0x4D, 0xFF, 0xEB, 0x00, 0x4F, 0x00, 0x4E, 0xFF, 0xEB,
	0x00, 0x50, 0x00, 0x4F, 0xFF, 0xEB, 0x00, 0x51, 0x00, 0x50, 0xFF, 0xEB,
	0x00, 0x52, 0x00, 0x51, 0xFF, 0xEA, 0x00, 0x53, 0x00, 0x52, 0xFF, 0xEA,
	0x00, 0x54, 0x00, 0x53, 0xFF, 0xEA, 0x00, 0x55, 0x00, 0x54, 0xFF, 0xEA,
	0x00, 0x56, 0x00, 0x55, 0xFF, 0xE9, 0x00, 0x57, 0x00, 0x56, 0xFF, 0xE9,
	0x00, 0x58, 0x00, 0x57, 0xFF, 0xE9, 0x00, 0x59, 0x00, 0x58, 0xFF, 0xE9,
	0x00, 0x5A, 0x00, 0x59, 0xFF, 0xE8, 0x00, 0x5B, 0x00, 0x5A, 0xFF, 0xE8,
	0x00, 0x5C, 0x00, 0x5B, 0xFF, 0xE8, 0x00, 0x5D, 0x00, 0x5C, 0xFF, 0xE8,
	0x00, 0x5E, 0x00, 0x5D, 0xFF, 0xE7, 0x00, 0x5F, 0x00, 0x5E, 0xFF, 0xE7,
	0x00, 0x60, 0x00, 0x5F, 0xFF, 0xE7, 0x00, 0x61, 0x00, 0x60, 0xFF, 0xE7,
	0x00, 0x62, 0x00, 0x61, 0xFF, 0xE6, 0x00, 0x63, 0x00, 0x62, 0xFF, 0xE6,
	0x00, 0x64, 0x00, 0x63, 0xFF, 0xE6, 0x00, 0x65, 0x00, 0x64, 0xFF, 0xE6,
	0x00, 0x66, 0x00, 0x65, 0xFF, 0xE5, 0x00, 0x67, 0x00, 0x66, 0xFF, 0xE5,
	0x00, 0x68, 0x00, 0x67, 0xFF, 0xE5, 0x00, 0x69, 0x00, 0x68, 0xFF, 0xE5,
	0x00, 0x6A, 0x00, 0x69, 0xFF, 0xE4, 0x00, 0x6B, 0x00, 0x6A, 0xFF, 0xE4,
	0x00, 0x6C, 0x00, 0x6B, 0xFF, 0xE4, 0x00, 0x6D, 0x00, 0x6C, 0xFF, 0xE4,
	0x00, 0x6E, 0x00, 0x6D, 0xFF, 0xE3, 0x00, 0x6F, 0x00, 0x6E, 0xFF, 0xE3,
	0x00, 0x70, 0x00, 0x6F, 0xFF, 0xE3, 0x00, 0x71, 0x00, 0x70, 0xFF, 0xE2,
	0x00, 0x72, 0x00, 0x71, 0xFF, 0xE2, 0x00, 0x73, 0x00, 0x72, 0xFF, 0xE2,
	0x00, 0x74, 0x00, 0x73, 0xFF, 0xE2, 0x00, 0x75, 0x00, 0x74, 0xFF, 0xE1,
	0x00, 0x76, 0x00, 0x75, 0xFF, 0xE1, 0x00, 0x77, 0x00, 0x76, 0xFF, 0xE1,
	0x00, 0x78, 0x00, 0x77, 0xFF, 0xE1, 0x00, 0x79, 0x00, 0x78, 0xFF, 0xE0,
	0x00, 0x7A, 0x00, 0x79, 0xFF, 0xE0, 0x00, 0x7B, 0x00, 0x7A, 0xFF, 0xE0,
	0x00, 0x7C, 0x00, 0x7B, 0xFF, 0xE0, 0x00, 0x7D, 0x00, 0x7C, 0xFF, 0xDF,
	0x00, 0x7E, 0x00, 0x7D, 0xFF, 0xDF, 0x00, 0x7F, 0x00, 0x7E, 0xFF, 0xDF,
	0x00, 0x80, 0x00, 0x7F, 0xFF, 0xDF, 0x00, 0x81, 0x00, 0x80, 0xFF, 0xDE,
	0x00, 0x82, 0x00, 0x81, 0xFF, 0xDE, 0x00, 0x83, 0x00, 0x82, 0xFF, 0xDE,
	0x00, 0x84, 0x00, 0x83, 0xFF, 0xDE, 0x00, 0x85, 0x00, 0x83, 0xFF, 0xDD,
	0x00, 0x86, 0x00, 0x84, 0xFF, 0xDD, 0x00, 0x87, 0x00, 0x85, 0xFF, 0xDD,
	0x00, 0x88, 0x00, 0x86, 0xFF, 0xDD, 0x00, 0x89, 0x00, 0x87, 0xFF, 0xDC,
	0x00, 0x8A, 0x00, 0x88, 0xFF, 0xDC, 0x00, 0x8B, 0x00, 0x89, 0xFF, 0xDC,
	0x00, 0x8C, 0x00, 0x8A, 0xFF, 0xDC, 0x00, 0x8D, 0x00, 0x8B, 0xFF, 0xDB,
	0x00, 0x8E, 0x00, 0x8C, 0xFF, 0xDB, 0x00, 0x8F, 0x00, 0x8D, 0xFF, 0xDB,
	0x00, 0x90, 0x00, 0x8E, 0xFF, 0xDB, 0x00, 0x91, 0x00, 0x8F, 0xFF, 0xDA,
	0x00, 0x92, 0x00, 0x90, 0xFF, 0xDA, 0x00, 0x93, 0x00, 0x91, 0xFF, 0xDA,
	0x00, 0x94, 0x00, 0x92, 0xFF, 0xD9, 0x00, 0x95, 0x00, 0x93, 0xFF, 0xD9,
	0x00, 0x96, 0x00, 0x94, 0xFF, 0xD9, 0x00, 0x97, 0x00, 0x95, 0xFF, 0xD9,
	0x00, 0x98, 0x00, 0x96, 0xFF, 0xD8, 0x00, 0x99, 0x00, 0x97, 0xFF, 0xD8,
	0x00, 0x9A, 0x00, 0x98, 0xFF, 0xD8, 0x00, 0x9B, 0x00, 0x99, 0xFF, 0xD8,
	0x00, 0x9C, 0x00, 0x9A, 0xFF, 0xD7, 0x00, 0x9D, 0x00, 0x9B, 0xFF, 0xD7,
	0x00, 0x9E, 0x00, 0x9C, 0xFF, 0xD7, 0x00, 0x9F, 0x00, 0x9D, 0xFF, 0xD7,
	0x00, 0xA0, 0x00, 0x9E, 0xFF, 0xD6, 0x00, 0xA1, 0x00, 0x9F, 0xFF, 0xD6,
	0x00, 0xA2, 0x00, 0xA0, 0xFF, 0xD6, 0x00, 0xA3, 0x00, 0xA1, 0xFF, 0xD6,
	0x00, 0xA4, 0x00, 0xA2, 0xFF, 0xD5, 0x00, 0xA5, 0x00, 0xA3, 0xFF, 0xD5,
	0x00, 0xA6, 0x00, 0xA4, 0xFF, 0xD5, 0x00, 0xA7, 0x00, 0xA5, 0xFF, 0xD5,
	0x00, 0xA8, 0x00, 0xA6, 0xFF, 0xD4, 0x00, 0xA9, 0x00, 0xA7, 0xFF, 0xD4,
	0x00, 0xAA, 0x00, 0xA8, 0xFF, 0xD4, 0x00, 0xAB, 0x00, 0xA9, 0xFF, 0xD4,
	0x00, 0xAC, 0x00, 0xAA, 0xFF, 0xD3, 0x00, 0xAD, 0x00, 0xAB, 0xFF, 0xD3,
	0x00, 0xAE, 0x00, 0xAC, 0xFF, 0xD3, 0x00, 0xAF, 0x00, 0xAD, 0xFF, 0xD3,
	0x00, 0xB0, 0x00, 0xAE, 0xFF, 0xD2, 0x00, 0xB1, 0x00, 0xAF, 0xFF, 0xD2,
	0x00, 0xB2, 0x00, 0xB0, 0xFF, 0xD2, 0x00, 0xB3, 0x00, 0xB1, 0xFF, 0xD2,
	0x00, 0xB4, 0x00, 0xB2, 0xFF, 0xD1, 0x00, 0xB5, 0x00, 0xB3, 0xFF, 0xD1,
	0x00, 0xB6, 0x00, 0xB4, 0xFF, 0xD1, 0x00, 0xB7, 0x00, 0xB5, 0xFF, 0xD0,
	0x00, 0xB8, 0x00, 0xB6, 0xFF, 0xD0, 0x00, 0xB9, 0x00, 0xB7, 0xFF, 0xD0,
	0x00, 0xBA, 0x00, 0xB8, 0xFF, 0xD0, 0x00, 0xBB, 0x00, 0xB9, 0xFF, 0xCF,
	0x00, 0xBC, 0x00, 0xBA, 0xFF, 0xCF, 0x00, 0xBD, 0x00, 0xBB, 0xFF, 0xCF,
	0x00, 0xBE, 0x00, 0xBC, 0xFF, 0xCF, 0x00, 0xBF, 0x00, 0xBD, 0xFF, 0xCE,
	0x00, 0xC0, 0x00, 0xBE, 0xFF, 0xCE, 0x00, 0xC1, 0x00, 0xBF, 0xFF, 0xCE,
	0x00, 0xC2, 0x00, 0xC0, 0xFF, 0xCE, 0x00, 0xC3, 0x00, 0xC1, 0xFF, 0xCD,
	0x00, 0xC4, 0x00, 0xC2, 0xFF, 0xCD, 0x00, 0xC5, 0x00, 0xC3, 0xFF, 0xCD,
	0x00, 0xC6, 0x00, 0xC4, 0xFF, 0xCD, 0x00, 0xC7, 0x00, 0xC4, 0xFF, 0xCC,
	0x00, 0xC8, 0x00, 0xC5, 0xFF, 0xCC, 0x00, 0xC9, 0x00, 0xC6, 0xFF, 0xCC,
	0x00, 0xCA, 0x00, 0xC7, 0xFF, 0xCC, 0x00, 0xCB, 0x00, 0xC8, 0xFF, 0xCB,
	0x00, 0xCC, 0x00, 0xC9, 0xFF, 0xCB, 0x00, 0xCD, 0x00, 0xCA, 0xFF, 0xCB,
	0x00, 0xCE, 0x00, 0xCB, 0xFF, 0xCB, 0x00, 0xCF, 0x00, 0xCC, 0xFF, 0xCA,
	0x00, 0xD0, 0x00, 0xCD, 0xFF, 0xCA, 0x00, 0xD1, 0x00, 0xCE, 0xFF, 0xCA,
	0x00, 0xD2, 0x00, 0xCF, 0xFF, 0xCA, 0x00, 0xD3, 0x00, 0xD0, 0xFF, 0xC9,
	0x00, 0xD4, 0x00, 0xD1, 0xFF, 0xC9, 0x00, 0xD5, 0x00, 0xD2, 0xFF, 0xC9,
	0x00, 0xD6, 0x00, 0xD3, 0xFF, 0xC9, 0x00, 0xD7, 0x00, 0xD4, 0xFF, 0xC8,
	0x00, 0xD8, 0x00, 0xD5, 0xFF, 0xC8, 0x00, 0xD9, 0x00, 0xD6, 0xFF, 0xC8,
	0x00, 0xDA, 0x00, 0xD7, 0xFF, 0xC8, 0x00, 0xDB, 0x00, 0xD8, 0xFF, 0xC7,
	0x00, 0xDC, 0x00, 0xD9, 0xFF, 0xC7, 0x00, 0xDD, 0x00, 0xDA, 0xFF, 0xC7,
	0x00, 0xDE, 0x00, 0xDB, 0xFF, 0xC6, 0x00, 0xDF, 0x00, 0xDC, 0xFF, 0xC6,
	0x00, 0xE0, 0x00, 0xDD, 0xFF, 0xC6, 0x00, 0xE1, 0x00, 0xDE, 0xFF, 0xC6,
	0x00, 0xE2, 0x00, 0xDF, 0xFF, 0xC5, 0x00, 0xE3, 0x00, 0xE0, 0xFF, 0xC5,
	0x00, 0xE4, 0x00, 0xE1, 0xFF, 0xC5, 0x00, 0xE5, 0x00, 0xE2, 0xFF, 0xC5,
	0x00, 0xE6, 0x00, 0xE3, 0xFF, 0xC4, 0x00, 0xE7, 0x00, 0xE4, 0xFF, 0xC4,
	0x00, 0xE8, 0x00, 0xE5, 0xFF, 0xC4, 0x00, 0xE9, 0x00, 0xE6, 0xFF, 0xC4,
	0x00, 0xEA, 0x00, 0xE7, 0xFF, 0xC3, 0x00, 0xEB, 0x00, 0xE8, 0xFF, 0xC3,
	0x00, 0xEC, 0x00, 0xE9, 0xFF, 0xC3, 0x00, 0xED, 0x00, 0xEA, 0xFF, 0xC3,
	0x00, 0xEE, 0x00, 0xEB, 0xFF, 0xC2, 0x00, 0xEF, 0x00, 0xEC, 0xFF, 0xC2,
	0x00, 0xF0, 0x00, 0xED, 0xFF, 0xC2, 0x00, 0xF1, 0x00, 0xEE, 0xFF, 0xC2,
	0x00, 0xF2, 0x00, 0xEF, 0xFF, 0xC1, 0x00, 0xF3, 0x00, 0xF0, 0xFF, 0xC1,
	0x00, 0xF4, 0x00, 0xF1, 0xFF, 0xC1, 0x00, 0xF5, 0x00, 0xF2, 0xFF, 0xC1,
	0x00, 0xF6, 0x00, 0xF3, 0xFF, 0xC0, 0x00, 0xF7, 0x00, 0xF4, 0xFF, 0xC0,
	0x00, 0xF8, 0x00, 0xF5, 0xFF, 0xC0, 0x00, 0xF9, 0x00, 0xF6, 0xFF, 0xC0,
	0x00, 0xFA, 0x00, 0xF7, 0xFF, 0xBF, 0x00, 0xFB, 0x00, 0xF8, 0xFF, 0xBF,
	0x00, 0xFC, 0x00, 0xF9, 0xFF, 0xBF, 0x00, 0xFD, 0x00, 0xFA, 0xFF, 0xBF,
	0x00, 0xFE, 0x00, 0xFB, 0xFF, 0xBE, 0x00, 0xFF, 0x00, 0xFC, 0xFF, 0xBE,
	0x00, 0x00, 0x00, 0x02, 0x00, 0x00, 0x00, 0x03, 0x00, 0x00, 0x00, 0x14,
	0x00, 0x03, 0x00, 0x01, 0x00, 0x00, 0x00, 0x14, 0x00, 0x04, 0x03, 0x64,
	0x00, 0x00, 0x00, 0x48, 0x00, 0x40, 0x00, 0x05, 0x00, 0x08, 0x00, 0x2F,
	0x00, 0x39, 0x00, 0x40, 0x00, 0x5D, 0x00, 0x60, 0x00, 0x7A, 0x00, 0x7E,
	0x01, 0x7E, 0x01, 0xFF, 0x02, 0x37, 0x02, 0xC7, 0x02, 0xDD, 0x03, 0x12,
	0x03, 0x15, 0x03, 0x26, 0x03, 0xC0, 0x1E, 0x85, 0x1E, 0xF3, 0x20, 0x14,
	0x20, 0x1A, 0x20, 0x1E, 0x20, 0x22, 0x20, 0x26, 0x20, 0x30, 0x20, 0x3A,
	0x20, 0x44, 0x20, 0xAC, 0x21, 0x22, 0x22, 0x02, 0x22, 0x0F, 0x22, 0x12,
	0x22, 0x1E, 0x22, 0x48, 0x22, 0x60, 0xFB, 0x02, 0xFF, 0xFF, 0x00, 0x00,
	0x00, 0x20, 0x00, 0x30, 0x00, 0x3A, 0x00, 0x41, 0x00, 0x5E, 0x00, 0x61,
	0x00, 0x7B, 0x00, 0xA0, 0x01, 0xFC, 0x02, 0x37, 0x02, 0xC6, 0x02, 0xD8,
	0x03, 0x12, 0x03, 0x15, 0x03, 0x26, 0x03, 0xC0, 0x1E, 0x80, 0x1E, 0xF2,
	0x20, 0x13, 0x20, 0x18, 0x20, 0x1C, 0x20, 0x20, 0x20, 0x26, 0x20, 0x30,
	0x20, 0x39, 0x20, 0x44, 0x20, 0xAC, 0x21, 0x22, 0x22, 0x02, 0x22, 0x0F,
	0x22, 0x12, 0x22, 0x1E, 0x22, 0x48, 0x22, 0x60, 0xFB, 0x01, 0xFF, 0xFF,
	0x00, 0x00, 0x00, 0xA5, 0x00, 0x00, 0xFF, 0xCB, 0x00, 0x00, 0xFF, 0xC8,
	0x00, 0x00, 0x00, 0x00, 0x00, 0x00, 0xFE, 0xB3, 0x00, 0x00, 0x00, 0x00,
	0xFD, 0xDB, 0xFD, 0xD9, 0xFD, 0xC9, 0xFC, 0xC5, 0x00, 0x00, 0x00, 0x00,
	0xE0, 0x3C, 0x00, 0x00, 0x00, 0x00, 0x00, 0x00, 0xE0, 0xC1, 0xE0, 0x5E,
	0xE0, 0x35, 0xE0, 0x11, 0xDF, 0xE1, 0xDF, 0x58, 0xDE, 0x86, 0xDE, 0x75,
	0xDD, 0xF2, 0xDE, 0x6E, 0xDE, 0x2D, 0xDE, 0x16, 0x05, 0xE7, 0x00, 0x01,
	0x00, 0x48, 0x00, 0x00, 0x00, 0x64, 0x00, 0x00, 0x00, 0x6E, 0x00, 0x00,
	0x00, 0x70, 0x00, 0x76, 0x02, 0x32, 0x00, 0x00, 0x02, 0x36, 0x02, 0x38,
	0x00, 0x00, 0x00, 0x00, 0x00, 0x00, 0x00, 0x00, 0x02, 0x3A, 0x02, 0x44,
	0x00, 0x00, 0x02, 0x44, 0x02, 0x48, 0x02, 0x4C, 0x00, 0x00, 0x00, 0x00,
	0x00, 0x00, 0x00, 0x00, 0x00, 0x00, 0x00, 0x00, 0x00, 0x00, 0x00, 0x00,
	0x00, 0x00, 0x00, 0x00, 0x00, 0x00, 0x00, 0x00, 0x00, 0x00, 0x00, 0x00,
	0x00, 0x03, 0x00, 0x94, 0x00, 0x05, 0x00, 0x91, 0x00, 0xD1, 0x00, 0xDF,
	0x00, 0xD3, 0x00, 0x06, 0x00, 0x07, 0x00, 0x08, 0x00, 0x6A, 0x00, 0x09,
	0x00, 0x47, 0x00, 0x0A, 0x00, 0x46, 0x00, 0x0B, 0x00, 0x48, 0x00, 0x49,
	0x00, 0x68, 0x00, 0x58, 0x00, 0x69, 0x00, 0x95, 0x00, 0x4A, 0x00, 0x74,
	0x00, 0x79, 0x00, 0x65, 0x00, 0x92, 0x00, 0x43, 0x00, 0x93, 0x00, 0x73,
	0x00, 0xE6, 0x00, 0x8B, 0x00, 0xD0, 0x00, 0xE4, 0x00, 0xEB, 0x00, 0x90,
	0x01, 0x71, 0x00, 0xD4, 0x00, 0x61, 0x00, 0x7C, 0x00, 0x7D, 0x00, 0x70,
	0x00, 0x6D, 0x00, 0xEC, 0x00, 0x7B, 0x00, 0x63, 0x00, 0x64, 0x00, 0x87,
	0x00, 0xD2, 0x00, 0xE5, 0x00, 0x60, 0x00, 0x8F, 0x00, 0x83, 0x00, 0x4D,
	0x00, 0x5F, 0x00, 0xE2, 0x00, 0x7E, 0x00, 0x71, 0x00, 0xE1, 0x00, 0xE0,
	0x00, 0xE3, 0x00, 0x8A, 0x00, 0xBC, 0x00, 0xC3, 0x00, 0xC1, 0x00, 0xBD,
	0x00, 0x9C, 0x00, 0x9D, 0x00, 0x7F, 0x00, 0x9E, 0x00, 0xC5, 0x00, 0x9F,
	0x00, 0xC2, 0x00, 0xC4, 0x00, 0xC9, 0x00, 0xC6, 0x00, 0xC7, 0x00, 0xC8,
	0x00, 0x67, 0x00, 0xA0, 0x00, 0xCC, 0x00, 0xCA, 0x00, 0xCB, 0x00, 0xBE,
	0x00, 0xA1, 0x00, 0x57, 0x00, 0x77, 0x00, 0xCF, 0x00, 0xCD, 0x00, 0xCE,
	0x00, 0xA2, 0x00, 0x98, 0x01, 0x72, 0x00, 0x86, 0x00, 0xA4, 0x00, 0xA3,
	0x00, 0xA5, 0x00, 0xA7, 0x00, 0xA6, 0x00, 0xA8, 0x00, 0x80, 0x00, 0xA9,
	0x00, 0xAB, 0x00, 0xAA, 0x00, 0xAC, 0x00, 0xAD, 0x00, 0xAF, 0x00, 0xAE,
	0x00, 0xB0, 0x00, 0xB1, 0x00, 0x89, 0x00, 0xB2, 0x00, 0xB4, 0x00, 0xB3,
	0x00, 0xB5, 0x00, 0xB7, 0x00, 0xB6, 0x00, 0x72, 0x00, 0x78, 0x00, 0xB9,
	0x00, 0xB8, 0x00, 0xBA, 0x00, 0xBB, 0x00, 0x99, 0x01, 0x73, 0x00, 0xBF,
	0x00, 0xF0, 0x01, 0x30, 0x00, 0xF1, 0x01, 0x31, 0x00, 0xF2, 0x01, 0x32,
	0x00, 0xF3, 0x01, 0x33, 0x00, 0xF4, 0x01, 0x34, 0x00, 0xF5, 0x01, 0x35,
	0x00, 0xF6, 0x01, 0x36, 0x00, 0xF7, 0x01, 0x37, 0x00, 0xF8, 0x01, 0x38,
	0x00, 0xF9, 0x01, 0x39, 0x00, 0xFA, 0x01, 0x3A, 0x00, 0xFB, 0x01, 0x3B,
	0x00, 0xFC, 0x01, 0x3C, 0x00, 0xFD, 0x01, 0x3D, 0x00, 0xFE, 0x01, 0x3E,
	0x00, 0xFF, 0x01, 0x3F, 0x01, 0x00, 0x01, 0x40, 0x01, 0x01, 0x01, 0x41,
	0x01, 0x02, 0x01, 0x42, 0x01, 0x03, 0x01, 0x43, 0x01, 0x04, 0x01, 0x44,
	0x01, 0x05, 0x01, 0x45, 0x01, 0x06, 0x01, 0x46, 0x01, 0x07, 0x01, 0x47,
	0x01, 0x08, 0x00, 0x56, 0x01, 0x09, 0x01, 0x48, 0x01, 0x0A, 0x01, 0x49,
	0x01, 0x0B, 0x01, 0x4A, 0x01, 0x4B, 0x01, 0x0C, 0x01, 0x4C, 0x01, 0x0D,
	0x01, 0x4D, 0x01, 0x0F, 0x01, 0x4F, 0x01, 0x0E, 0x01, 0x4E, 0x00, 0x6B,
	0x00, 0x6C, 0x01, 0x10, 0x01, 0x50, 0x01, 0x11, 0x01, 0x51, 0x01, 0x12,
	0x01, 0x52, 0x01, 0x53, 0x01, 0x13, 0x01, 0x54, 0x01, 0x14, 0x01, 0x55,
	0x01, 0x15, 0x01, 0x56, 0x01, 0x16, 0x01, 0x57, 0x00, 0x82, 0x00, 0x81,
	0x01, 0x17, 0x01, 0x58, 0x01, 0x18, 0x01, 0x59, 0x01, 0x19, 0x01, 0x5A,
	0x01, 0x1A, 0x01, 0x5B, 0x01, 0x1B, 0x01, 0x5C, 0x01, 0x1C, 0x01, 0x5D,
	0x00, 0x96, 0x00, 0x97, 0x01, 0x1D, 0x01, 0x5E, 0x01, 0x1E, 0x01, 0x5F,
	0x01, 0x1F, 0x01, 0x60, 0x01, 0x20, 0x01, 0x61, 0x01, 0x21, 0x01, 0x62,
	0x01, 0x22, 0x01, 0x63, 0x01, 0x23, 0x01, 0x64, 0x01, 0x24, 0x01, 0x65,
	0x01, 0x25, 0x01, 0x66, 0x01, 0x26, 0x01, 0x67, 0x01, 0x2A, 0x01, 0x6B,
	0x00, 0xC0, 0x01, 0x2C, 0x01, 0x6D, 0x01, 0x2D, 0x01, 0x6E, 0x00, 0x9A,
	0x00, 0x9B, 0x01, 0x2E, 0x01, 0x6F, 0x01, 0x2F, 0x01, 0x70, 0x00, 0x66,
	0x00, 0x5E, 0x00, 0x59, 0x00, 0x5A, 0x00, 0x5B, 0x00, 0x5D, 0x00, 0x62,
	0x00, 0x5C, 0x01, 0x27, 0x01, 0x68, 0x01, 0x28, 0x01, 0x69, 0x01, 0x29,
	0x01, 0x6A, 0x01, 0x2B, 0x01, 0x6C, 0x00, 0x54, 0x00, 0x51, 0x00, 0x4B,
	0x00, 0x53, 0x00, 0x52, 0x00, 0x4C, 0x00, 0x44, 0x00, 0x45, 0x00, 0x4E,
	0x00, 0x00, 0x00, 0x01, 0x00, 0x00, 0x21, 0x7A, 0x00, 0x01, 0x05, 0x92,
	0x18, 0x00, 0x00, 0x0A, 0x09, 0x6C, 0x00, 0x05, 0x00, 0x0B, 0xFF, 0xA0,
	0x00, 0x05, 0x00, 0x15, 0xFF, 0x8F, 0x00, 0x05, 0x00, 0x29, 0xFF, 0xE9,
	0x00, 0x05, 0x00, 0x2B, 0xFF, 0xE9, 0x00, 0x05, 0x00, 0x2C, 0xFF, 0xE9,
	0x00, 0x05, 0x00, 0x2D, 0xFF, 0xE9, 0x00, 0x05, 0x00, 0x2F, 0xFF, 0xE9,
	0x00, 0x05, 0x00, 0x37, 0xFF, 0xE9, 0x00, 0x05, 0x00, 0x39, 0xFF, 0xE9,
	0x00, 0x05, 0x00, 0x46, 0xFF, 0x0A, 0x00, 0x05, 0x00, 0x47, 0xFF, 0x0A,
	0x00, 0x05, 0x00, 0x4B, 0xFF, 0x0A, 0x00, 0x05, 0x00, 0x4C, 0xFF, 0x0A,
	0x00, 0x05, 0x00, 0x6E, 0xFF, 0xC7, 0x00, 0x05, 0x00, 0x70, 0xFF, 0xC7,
	0x00, 0x06, 0x00, 0x0B, 0xFF, 0xA0, 0x00, 0x06, 0x00, 0x15, 0xFF, 0x8F,
	0x00, 0x06, 0x00, 0x29, 0xFF, 0xE9, 0x00, 0x06, 0x00, 0x2B, 0xFF, 0xE9,
	0x00, 0x06, 0x00, 0x2C, 0xFF, 0xE9, 0x00, 0x06, 0x00, 0x2D, 0xFF, 0xE9,
	0x00, 0x06, 0x00, 0x2F, 0xFF, 0xE9, 0x00, 0x06, 0x00, 0x37, 0xFF, 0xE9,
	0x00, 0x06, 0x00, 0x39, 0xFF, 0xE9, 0x00, 0x06, 0x00, 0x46, 0xFF, 0x0A,
	0x00, 0x06, 0x00, 0x47, 0xFF, 0x0A, 0x00, 0x06, 0x00, 0x4B, 0xFF, 0x0A,
	0x00, 0x06, 0x00, 0x4C, 0xFF, 0x0A, 0x00, 0x06, 0x00, 0x6E, 0xFF, 0xC7,
	0x00, 0x06, 0x00, 0x70, 0xFF, 0xC7, 0x00, 0x07, 0x00, 0x07, 0xFF, 0xDB,
	0x00, 0x07, 0x00, 0x0C, 0xFF, 0xE5, 0x00, 0x07, 0x00, 0x0E, 0xFF, 0xC5,
	0x00, 0x07, 0x00, 0x12, 0xFF, 0xC5, 0x00, 0x07, 0x00, 0x18, 0xFF, 0xE7,
	0x00, 0x07, 0x00, 0x1A, 0xFF, 0xC5, 0x00, 0x07, 0x00, 0x1C, 0xFF, 0xC5,
	0x00, 0x07, 0x00, 0x1E, 0xFF, 0xE9, 0x00, 0x07, 0x00, 0x1F, 0xFF, 0xEC,
	0x00, 0x07, 0x00, 0x20, 0xFF, 0xE3, 0x00, 0x07, 0x00, 0x22, 0xFF, 0xE3,
	0x00, 0x07, 0x00, 0x29, 0xFF, 0xC1, 0x00, 0x07, 0x00, 0x2B, 0xFF, 0xC1,
	0x00, 0x07, 0x00, 0x2C, 0xFF, 0xC1, 0x00, 0x07, 0x00, 0x2D, 0xFF, 0xC1,
	0x00, 0x07, 0x00, 0x2E, 0xFF, 0xD9, 0x00, 0x07, 0x00, 0x2F, 0xFF, 0xC1,
	0x00, 0x07, 0x00, 0x32, 0x01, 0x46, 0x00, 0x07, 0x00, 0x35, 0xFF, 0xE3,
	0x00, 0x07, 0x00, 0x36, 0xFF, 0xE3, 0x00, 0x07, 0x00, 0x37, 0xFF, 0xC1,
	0x00, 0x07, 0x00, 0x38, 0xFF, 0xE3, 0x00, 0x07, 0x00, 0x39, 0xFF, 0xC1,
	0x00, 0x07, 0x00, 0x3A, 0xFF, 0xE3, 0x00, 0x07, 0x00, 0x3C, 0xFF, 0xDB,
	0x00, 0x07, 0x00, 0x3D, 0xFF, 0xC5, 0x00, 0x07, 0x00, 0x3E, 0xFF, 0xBE,
	0x00, 0x07, 0x00, 0x3F, 0xFF, 0xC7, 0x00, 0x07, 0x00, 0x41, 0xFF, 0xC7,
	0x00, 0x07, 0x00, 0x86, 0xFF, 0xD9, 0x00, 0x07, 0x00, 0x92, 0xFF, 0xCB,
	0x00, 0x07, 0x00, 0xD5, 0xFF, 0xCB, 0x00, 0x07, 0x00, 0xD9, 0xFF, 0xD9,
	0x00, 0x07, 0x00, 0xDB, 0xFF, 0xC9, 0x00, 0x07, 0x00, 0xDD, 0xFF, 0xD3,
	0x00, 0x07, 0x00, 0xDE, 0xFF, 0xC7, 0x00, 0x08, 0x00, 0x08, 0xFF, 0xDB,
	0x00, 0x08, 0x00, 0x93, 0xFF, 0xEC, 0x00, 0x09, 0x00, 0xD8, 0xFF, 0xE5,
	0x00, 0x09, 0x00, 0xDC, 0xFF, 0xD7, 0x00, 0x0A, 0x00, 0x15, 0xFF, 0x87,
	0x00, 0x0A, 0x00, 0x1F, 0xFF, 0x83, 0x00, 0x0A, 0x00, 0x21, 0xFF, 0xE7,
	0x00, 0x0A, 0x00, 0x23, 0xFF, 0xBA, 0x00, 0x0A, 0x00, 0x25, 0xFF, 0xC1,
	0x00, 0x0A, 0x00, 0x3E, 0xFF, 0xF0, 0x00, 0x0A, 0x00, 0xD6, 0xFF, 0xE5,
	0x00, 0x0A, 0x00, 0xD8, 0xFF, 0xD3, 0x00, 0x0A, 0x00, 0xDC, 0xFF, 0xC7,
	0x00, 0x0B, 0x00, 0x0B, 0xFE, 0x6F, 0x00, 0x0B, 0x00, 0x0C, 0xFF, 0xE3,
	0x00, 0x0B, 0x00, 0x0E, 0xFF, 0xE9, 0x00, 0x0B, 0x00, 0x12, 0xFF, 0xE9,
	0x00, 0x0B, 0x00, 0x15, 0xFF, 0xA8, 0x00, 0x0B, 0x00, 0x1A, 0xFF, 0xE9,
	0x00, 0x0B, 0x00, 0x1C, 0xFF, 0xE9, 0x00, 0x0B, 0x00, 0x29, 0xFF, 0xC9,
	0x00, 0x0B, 0x00, 0x2B, 0xFF, 0xC9, 0x00, 0x0B, 0x00, 0x2C, 0xFF, 0xC9,
	0x00, 0x0B, 0x00, 0x2D, 0xFF, 0xC9, 0x00, 0x0B, 0x00, 0x2F, 0xFF, 0xC9,
	0x00, 0x0B, 0x00, 0x35, 0xFF, 0xE7, 0x00, 0x0B, 0x00, 0x36, 0xFF, 0xE7,
	0x00, 0x0B, 0x00, 0x37, 0xFF, 0xC9, 0x00, 0x0B, 0x00, 0x38, 0xFF, 0xE7,
	0x00, 0x0B, 0x00, 0x39, 0xFF, 0xC9, 0x00, 0x0B, 0x00, 0x3A, 0xFF, 0xE7,
	0x00, 0x0B, 0x00, 0x3B, 0xFF, 0xD1, 0x00, 0x0B, 0x00, 0x3D, 0xFF, 0xEC,
	0x00, 0x0B, 0x00, 0x3F, 0xFF, 0xE9, 0x00, 0x0B, 0x00, 0x41, 0xFF, 0xEC,
	0x00, 0x0B, 0x00, 0xDB, 0xFF, 0xE3, 0x00, 0x0C, 0x00, 0x08, 0xFF, 0xE9,
	0x00, 0x0C, 0x00, 0x1F, 0xFF, 0xD5, 0x00, 0x0C, 0x00, 0x20, 0xFF, 0xF6,
	0x00, 0x0C, 0x00, 0x21, 0xFF, 0xE1, 0x00, 0x0C, 0x00, 0x24, 0xFF, 0xF0,
	0x00, 0x0C, 0x00, 0x25, 0xFF, 0xF6, 0x00, 0x0C, 0x00, 0x27, 0xFF, 0xE7,
	0x00, 0x0C, 0x00, 0x29, 0xFF, 0xF6, 0x00, 0x0C, 0x00, 0x2A, 0xFF, 0xF4,
	0x00, 0x0C, 0x00, 0x2B, 0xFF, 0xF6, 0x00, 0x0C, 0x00, 0x2C, 0xFF, 0xF6,
	0x00, 0x0C, 0x00, 0x2D, 0xFF, 0xF6, 0x00, 0x0C, 0x00, 0x2E, 0xFF, 0xF4,
	0x00, 0x0C, 0x00, 0x2F, 0xFF, 0xF6, 0x00, 0x0C, 0x00, 0x37, 0xFF, 0xF6,
	0x00, 0x0C, 0x00, 0x39, 0xFF, 0xF6, 0x00, 0x0C, 0x00, 0x3D, 0xFF, 0xF6,
	0x00, 0x0C, 0x00, 0x3E, 0xFF, 0xEE, 0x00, 0x0C, 0x00, 0x3F, 0xFF, 0xF6,
	0x00, 0x0C, 0x00, 0x41, 0xFF, 0xF6, 0x00, 0x0C, 0x00, 0x7A, 0xFF, 0xEC,
	0x00, 0x0C, 0x00, 0x86, 0xFF, 0xF4, 0x00, 0x0D, 0x00, 0x08, 0xFF, 0xD3,
	0x00, 0x0D, 0x00, 0x15, 0xFF, 0xF0, 0x00, 0x0D, 0x00, 0x1F, 0xFF, 0xEC,
	0x00, 0x0D, 0x00, 0x21, 0xFF, 0xF4, 0x00, 0x0D, 0x00, 0x23, 0xFF, 0xF4,
	0x00, 0x0D, 0x00, 0x28, 0xFF, 0xEC, 0x00, 0x0D, 0x00, 0x3B, 0xFF, 0xF6,
	0x00, 0x0D, 0x00, 0x3E, 0xFF, 0xF0, 0x00, 0x0D, 0x00, 0x93, 0xFF, 0xEC,
	0x00, 0x0E, 0x00, 0x0A, 0xFF, 0xCF, 0x00, 0x0E, 0x00, 0x0E, 0xFF, 0xD7,
	0x00, 0x0E, 0x00, 0x12, 0xFF, 0xD7, 0x00, 0x0E, 0x00, 0x1A, 0xFF, 0xD7,
	0x00, 0x0E, 0x00, 0x1C, 0xFF, 0xD7, 0x00, 0x0E, 0x00, 0x1E, 0xFF, 0xEE,
	0x00, 0x0E, 0x00, 0x29, 0xFF, 0xDB, 0x00, 0x0E, 0x00, 0x2B, 0xFF, 0xDB,
	0x00, 0x0E, 0x00, 0x2C, 0xFF, 0xDB, 0x00, 0x0E, 0x00, 0x2D, 0xFF, 0xDB,
	0x00, 0x0E, 0x00, 0x2E, 0xFF, 0xF6, 0x00, 0x0E, 0x00, 0x2F, 0xFF, 0xDB,
	0x00, 0x0E, 0x00, 0x37, 0xFF, 0xDB, 0x00, 0x0E, 0x00, 0x39, 0xFF, 0xDB,
	0x00, 0x0E, 0x00, 0x3D, 0xFF, 0xE7, 0x00, 0x0E, 0x00, 0x3E, 0xFF, 0xE7,
	0x00, 0x0E, 0x00, 0x3F, 0xFF, 0xEE, 0x00, 0x0E, 0x00, 0x41, 0xFF, 0xE7,
	0x00, 0x0E, 0x00, 0x4F, 0xFF, 0xCF, 0x00, 0x0E, 0x00, 0x50, 0xFF, 0xCF,
	0x00, 0x0E, 0x00, 0x6A, 0x00, 0x42, 0x00, 0x0E, 0x00, 0x7A, 0x00, 0x29,
	0x00, 0x0E, 0x00, 0x86, 0xFF, 0xF6, 0x00, 0x0F, 0x00, 0x08, 0xFF, 0xC3,
	0x00, 0x0F, 0x00, 0x0B, 0xFF, 0xEC, 0x00, 0x0F, 0x00, 0x15, 0xFF, 0xD9,
	0x00, 0x0F, 0x00, 0x1F, 0xFF, 0xD1, 0x00, 0x0F, 0x00, 0x21, 0xFF, 0xE7,
	0x00, 0x0F, 0x00, 0x23, 0xFF, 0xD3, 0x00, 0x0F, 0x00, 0x25, 0xFF, 0xE1,
	0x00, 0x0F, 0x00, 0x27, 0xFF, 0xEC, 0x00, 0x0F, 0x00, 0x28, 0xFF, 0xCB,
	0x00, 0x0F, 0x00, 0x3E, 0xFF, 0xF0, 0x00, 0x0F, 0x00, 0x40, 0xFF, 0xE9,
	0x00, 0x0F, 0x00, 0x46, 0xFF, 0xE1, 0x00, 0x0F, 0x00, 0x47, 0xFF, 0xE1,
	0x00, 0x0F, 0x00, 0x4B, 0xFF, 0xE1, 0x00, 0x0F, 0x00, 0x4C, 0xFF, 0xE1,
	0x00, 0x0F, 0x00, 0x93, 0xFF, 0xC9, 0x00, 0x10, 0x00, 0x0A, 0xFF, 0xD9,
	0x00, 0x10, 0x00, 0x0E, 0xFF, 0xDD, 0x00, 0x10, 0x00, 0x12, 0xFF, 0xDD,
	0x00, 0x10, 0x00, 0x1A, 0xFF, 0xDD, 0x00, 0x10, 0x00, 0x1C, 0xFF, 0xDD,
	0x00, 0x10, 0x00, 0x1E, 0xFF, 0xF0, 0x00, 0x10, 0x00, 0x29, 0xFF, 0xE3,
	0x00, 0x10, 0x00, 0x2B, 0xFF, 0xE3, 0x00, 0x10, 0x00, 0x2C, 0xFF, 0xE3,
	0x00, 0x10, 0x00, 0x2D, 0xFF, 0xE3, 0x00, 0x10, 0x00, 0x2E, 0xFF, 0xF6,
	0x00, 0x10, 0x00, 0x2F, 0xFF, 0xE3, 0x00, 0x10, 0x00, 0x37, 0xFF, 0xE3,
	0x00, 0x10, 0x00, 0x39, 0xFF, 0xE3, 0x00, 0x10, 0x00, 0x3D, 0xFF, 0xEE,
	0x00, 0x10, 0x00, 0x3E, 0xFF, 0xE3, 0x00, 0x10, 0x00, 0x3F, 0xFF, 0xF2,
	0x00, 0x10, 0x00, 0x41, 0xFF, 0xEE, 0x00, 0x10, 0x00, 0x4F, 0xFF, 0xD9,
	0x00, 0x10, 0x00, 0x50, 0xFF, 0xD9, 0x00, 0x10, 0x00, 0x86, 0xFF, 0xF6,
	0x00, 0x11, 0x00, 0x0A, 0xFF, 0xCB, 0x00, 0x11, 0x00, 0x0B, 0xFF, 0xA6,
	0x00, 0x11, 0x00, 0x0C, 0xFF, 0xE1, 0x00, 0x11, 0x00, 0x0E, 0xFF, 0xE1,
	0x00, 0x11, 0x00, 0x12, 0xFF, 0xE1, 0x00, 0x11, 0x00, 0x15, 0xFF, 0x5C,
	0x00, 0x11, 0x00, 0x18, 0xFF, 0xF4, 0x00, 0x11, 0x00, 0x1A, 0xFF, 0xE1,
	0x00, 0x11, 0x00, 0x1C, 0xFF, 0xE1, 0x00, 0x11, 0x00, 0x29, 0xFF, 0x83,
	0x00, 0x11, 0x00, 0x2B, 0xFF, 0x83, 0x00, 0x11, 0x00, 0x2C, 0xFF, 0x83,
	0x00, 0x11, 0x00, 0x2D, 0xFF, 0x83, 0x00, 0x11, 0x00, 0x2E, 0xFF, 0xE7,
	0x00, 0x11, 0x00, 0x2F, 0xFF, 0x83, 0x00, 0x11, 0x00, 0x35, 0xFF, 0xB6,
	0x00, 0x11, 0x00, 0x36, 0xFF, 0xB6, 0x00, 0x11, 0x00, 0x37, 0xFF, 0x83,
	0x00, 0x11, 0x00, 0x38, 0xFF, 0xB6, 0x00, 0x11, 0x00, 0x39, 0xFF, 0x83,
	0x00, 0x11, 0x00, 0x3A, 0xFF, 0xB6, 0x00, 0x11, 0x00, 0x3B, 0xFF, 0x85,
	0x00, 0x11, 0x00, 0x3C, 0xFF, 0xF4, 0x00, 0x11, 0x00, 0x3D, 0xFF, 0xBC,
	0x00, 0x11, 0x00, 0x3E, 0xFF, 0xE1, 0x00, 0x11, 0x00, 0x3F, 0xFF, 0xB8,
	0x00, 0x11, 0x00, 0x40, 0xFF, 0xE3, 0x00, 0x11, 0x00, 0x41, 0xFF, 0xBC,
	0x00, 0x11, 0x00, 0x42, 0xFF, 0xD9, 0x00, 0x11, 0x00, 0x46, 0xFF, 0x5C,
	0x00, 0x11, 0x00, 0x47, 0xFF, 0x5C, 0x00, 0x11, 0x00, 0x48, 0xFF, 0xB8,
	0x00, 0x11, 0x00, 0x49, 0xFF, 0xB8, 0x00, 0x11, 0x00, 0x4A, 0xFF, 0xCF,
	0x00, 0x11, 0x00, 0x4B, 0xFF, 0x5C, 0x00, 0x11, 0x00, 0x4C, 0xFF, 0x5C,
	0x00, 0x11, 0x00, 0x4F, 0xFF, 0xCB, 0x00, 0x11, 0x00, 0x50, 0xFF, 0xCB,
	0x00, 0x11, 0x00, 0x6A, 0x00, 0x2B, 0x00, 0x11, 0x00, 0x6E, 0xFF, 0xC1,
	0x00, 0x11, 0x00, 0x6F, 0xFF, 0xDB, 0x00, 0x11, 0x00, 0x70, 0xFF, 0xC1,
	0x00, 0x11, 0x00, 0x71, 0xFF, 0xDB, 0x00, 0x11, 0x00, 0x86, 0xFF, 0xE7,
	0x00, 0x12, 0x00, 0x08, 0xFF, 0xE5, 0x00, 0x12, 0x00, 0x1F, 0xFF, 0xEC,
	0x00, 0x12, 0x00, 0x2E, 0xFF, 0xEE, 0x00, 0x12, 0x00, 0x35, 0xFF, 0xF6,
	0x00, 0x12, 0x00, 0x36, 0xFF, 0xF6, 0x00, 0x12, 0x00, 0x38, 0xFF, 0xF6,
	0x00, 0x12, 0x00, 0x3A, 0xFF, 0xF6, 0x00, 0x12, 0x00, 0x3C, 0xFF, 0xF0,
	0x00, 0x12, 0x00, 0x3D, 0xFF, 0xF6, 0x00, 0x12, 0x00, 0x3E, 0xFF, 0xDF,
	0x00, 0x12, 0x00, 0x3F, 0xFF, 0xF6, 0x00, 0x12, 0x00, 0x40, 0xFF, 0xF0,
	0x00, 0x12, 0x00, 0x41, 0xFF, 0xF6, 0x00, 0x12, 0x00, 0x42, 0xFF, 0xF2,
	0x00, 0x12, 0x00, 0x6A, 0x00, 0x12, 0x00, 0x12, 0x00, 0x86, 0xFF, 0xEE,
	0x00, 0x13, 0x00, 0x29, 0xFF, 0xF0, 0x00, 0x13, 0x00, 0x2A, 0xFF, 0xF6,
	0x00, 0x13, 0x00, 0x2B, 0xFF, 0xF0, 0x00, 0x13, 0x00, 0x2C, 0xFF, 0xF0,
	0x00, 0x13, 0x00, 0x2D, 0xFF, 0xF0, 0x00, 0x13, 0x00, 0x2E, 0xFF, 0xF2,
	0x00, 0x13, 0x00, 0x2F, 0xFF, 0xF0, 0x00, 0x13, 0x00, 0x37, 0xFF, 0xF0,
	0x00, 0x13, 0x00, 0x39, 0xFF, 0xF0, 0x00, 0x13, 0x00, 0x3B, 0xFF, 0xF6,
	0x00, 0x13, 0x00, 0x3D, 0xFF, 0xF2, 0x00, 0x13, 0x00, 0x3E, 0xFF, 0xF6,
	0x00, 0x13, 0x00, 0x3F, 0xFF, 0xF2, 0x00, 0x13, 0x00, 0x41, 0xFF, 0xF2,
	0x00, 0x13, 0x00, 0x86, 0xFF, 0xF2, 0x00, 0x14, 0x00, 0x29, 0xFF, 0xF0,
	0x00, 0x14, 0x00, 0x2A, 0xFF, 0xF6, 0x00, 0x14, 0x00, 0x2B, 0xFF, 0xF0,
	0x00, 0x14, 0x00, 0x2C, 0xFF, 0xF0, 0x00, 0x14, 0x00, 0x2D, 0xFF, 0xF0,
	0x00, 0x14, 0x00, 0x2E, 0xFF, 0xF2, 0x00, 0x14, 0x00, 0x2F, 0xFF, 0xF0,
	0x00, 0x14, 0x00, 0x37, 0xFF, 0xF0, 0x00, 0x14, 0x00, 0x39, 0xFF, 0xF0,
	0x00, 0x14, 0x00, 0x3B, 0xFF, 0xF6, 0x00, 0x14, 0x00, 0x3D, 0xFF, 0xF2,
	0x00, 0x14, 0x00, 0x3E, 0xFF, 0xF6, 0x00, 0x14, 0x00, 0x3F, 0xFF, 0xF2,
	0x00, 0x14, 0x00, 0x41, 0xFF, 0xF2, 0x00, 0x14, 0x00, 0x86, 0xFF, 0xF2,
	0x00, 0x15, 0x00, 0x08, 0xFF, 0xE5, 0x00, 0x15, 0x00, 0x0B, 0xFF, 0xE7,
	0x00, 0x15, 0x00, 0x0C, 0xFF, 0xF6, 0x00, 0x15, 0x00, 0x15, 0xFF, 0xDB,
	0x00, 0x15, 0x00, 0x29, 0xFF, 0xF0, 0x00, 0x15, 0x00, 0x2B, 0xFF, 0xF0,
	0x00, 0x15, 0x00, 0x2C, 0xFF, 0xF0, 0x00, 0x15, 0x00, 0x2D, 0xFF, 0xF0,
	0x00, 0x15, 0x00, 0x2E, 0xFF, 0xF4, 0x00, 0x15, 0x00, 0x2F, 0xFF, 0xF0,
	0x00, 0x15, 0x00, 0x30, 0xFF, 0xF4, 0x00, 0x15, 0x00, 0x31, 0xFF, 0xF6,
	0x00, 0x15, 0x00, 0x32, 0xFF, 0xF4, 0x00, 0x15, 0x00, 0x33, 0xFF, 0xF4,
	0x00, 0x15, 0x00, 0x34, 0xFF, 0xF4, 0x00, 0x15, 0x00, 0x35, 0xFF, 0xEC,
	0x00, 0x15, 0x00, 0x36, 0xFF, 0xEC, 0x00, 0x15, 0x00, 0x37, 0xFF, 0xF0,
	0x00, 0x15, 0x00, 0x38, 0xFF, 0xEC, 0x00, 0x15, 0x00, 0x39, 0xFF, 0xF0,
	0x00, 0x15, 0x00, 0x3A, 0xFF, 0xEC, 0x00, 0x15, 0x00, 0x3B, 0xFF, 0xEC,
	0x00, 0x15, 0x00, 0x3D, 0xFF, 0xF0, 0x00, 0x15, 0x00, 0x3E, 0xFF, 0xF4,
	0x00, 0x15, 0x00, 0x3F, 0xFF, 0xEE, 0x00, 0x15, 0x00, 0x40, 0xFF, 0xF6,
	0x00, 0x15, 0x00, 0x41, 0xFF, 0xF0, 0x00, 0x15, 0x00, 0x42, 0xFF, 0xF4,
	0x00, 0x15, 0x00, 0x46, 0xFF, 0xE1, 0x00, 0x15, 0x00, 0x47, 0xFF, 0xE1,
	0x00, 0x15, 0x00, 0x4B, 0xFF, 0xE1, 0x00, 0x15, 0x00, 0x4C, 0xFF, 0xE1,
	0x00, 0x15, 0x00, 0x86, 0xFF, 0xF4, 0x00, 0x16, 0x00, 0x0A, 0xFF, 0xBE,
	0x00, 0x16, 0x00, 0x0E, 0xFF, 0xD1, 0x00, 0x16, 0x00, 0x12, 0xFF, 0xD1,
	0x00, 0x16, 0x00, 0x15, 0x00, 0x12, 0x00, 0x16, 0x00, 0x1A, 0xFF, 0xD1,
	0x00, 0x16, 0x00, 0x1C, 0xFF, 0xD1, 0x00, 0x16, 0x00, 0x29, 0xFF, 0xBC,
	0x00, 0x16, 0x00, 0x2A, 0xFF, 0xF6, 0x00, 0x16, 0x00, 0x2B, 0xFF, 0xBC,
	0x00, 0x16, 0x00, 0x2C, 0xFF, 0xBC, 0x00, 0x16, 0x00, 0x2D, 0xFF, 0xBC,
	0x00, 0x16, 0x00, 0x2E, 0xFF, 0xD9, 0x00, 0x16, 0x00, 0x2F, 0xFF, 0xBC,
	0x00, 0x16, 0x00, 0x31, 0x00, 0x0A, 0x00, 0x16, 0x00, 0x35, 0xFF, 0xEE,
	0x00, 0x16, 0x00, 0x36, 0xFF, 0xEE, 0x00, 0x16, 0x00, 0x37, 0xFF, 0xBC,
	0x00, 0x16, 0x00, 0x38, 0xFF, 0xEE, 0x00, 0x16, 0x00, 0x39, 0xFF, 0xBC,
	0x00, 0x16, 0x00, 0x3A, 0xFF, 0xEE, 0x00, 0x16, 0x00, 0x3C, 0xFF, 0xE1,
	0x00, 0x16, 0x00, 0x3D, 0xFF, 0xBE, 0x00, 0x16, 0x00, 0x3E, 0xFF, 0xAA,
	0x00, 0x16, 0x00, 0x3F, 0xFF, 0xC5, 0x00, 0x16, 0x00, 0x41, 0xFF, 0xBE,
	0x00, 0x16, 0x00, 0x4F, 0xFF, 0xBE, 0x00, 0x16, 0x00, 0x50, 0xFF, 0xBE,
	0x00, 0x16, 0x00, 0x6A, 0x00, 0x17, 0x00, 0x16, 0x00, 0x6E, 0xFF, 0xD9,
	0x00, 0x16, 0x00, 0x70, 0xFF, 0xD9, 0x00, 0x16, 0x00, 0x7A, 0x00, 0x0C,
	0x00, 0x16, 0x00, 0x86, 0xFF, 0xD9, 0x00, 0x16, 0x00, 0xDC, 0x00, 0x10,
	0x00, 0x17, 0x00, 0x05, 0xFF, 0x35, 0x00, 0x17, 0x00, 0x06, 0xFF, 0x35,
	0x00, 0x17, 0x00, 0x08, 0xFF, 0xEC, 0x00, 0x17, 0x00, 0x0A, 0xFF, 0x62,
	0x00, 0x17, 0x00, 0x0E, 0xFF, 0xCF, 0x00, 0x17, 0x00, 0x12, 0xFF, 0xCF,
	0x00, 0x17, 0x00, 0x1A, 0xFF, 0xCF, 0x00, 0x17, 0x00, 0x1C, 0xFF, 0xCF,
	0x00, 0x17, 0x00, 0x1E, 0xFF, 0xE3, 0x00, 0x17, 0x00, 0x1F, 0xFF, 0x3B,
	0x00, 0x17, 0x00, 0x20, 0xFF, 0xCF, 0x00, 0x17, 0x00, 0x21, 0xFF, 0x71,
	0x00, 0x17, 0x00, 0x22, 0xFF, 0xEE, 0x00, 0x17, 0x00, 0x24, 0xFF, 0x48,
	0x00, 0x17, 0x00, 0x25, 0xFF, 0xF0, 0x00, 0x17, 0x00, 0x27, 0xFF, 0x8F,
	0x00, 0x17, 0x00, 0x29, 0xFF, 0xE5, 0x00, 0x17, 0x00, 0x2A, 0xFF, 0xCB,
	0x00, 0x17, 0x00, 0x2B, 0xFF, 0xE5, 0x00, 0x17, 0x00, 0x2C, 0xFF, 0xE5,
	0x00, 0x17, 0x00, 0x2D, 0xFF, 0xE5, 0x00, 0x17, 0x00, 0x2E, 0xFF, 0xD7,
	0x00, 0x17, 0x00, 0x2F, 0xFF, 0xE5, 0x00, 0x17, 0x00, 0x37, 0xFF, 0xE5,
	0x00, 0x17, 0x00, 0x39, 0xFF, 0xE5, 0x00, 0x17, 0x00, 0x3B, 0xFF, 0xEC,
	0x00, 0x17, 0x00, 0x3C, 0xFF, 0xA4, 0x00, 0x17, 0x00, 0x3D, 0xFF, 0xE1,
	0x00, 0x17, 0x00, 0x3E, 0xFF, 0x6F, 0x00, 0x17, 0x00, 0x3F, 0xFF, 0xF0,
	0x00, 0x17, 0x00, 0x41, 0xFF, 0xE1, 0x00, 0x17, 0x00, 0x42, 0xFF, 0xEC,
	0x00, 0x17, 0x00, 0x4D, 0xFF, 0x5E, 0x00, 0x17, 0x00, 0x4F, 0xFF, 0x62,
	0x00, 0x17, 0x00, 0x50, 0xFF, 0x62, 0x00, 0x17, 0x00, 0x51, 0xFF, 0x33,
	0x00, 0x17, 0x00, 0x52, 0xFF, 0x33, 0x00, 0x17, 0x00, 0x53, 0xFF, 0x33,
	0x00, 0x17, 0x00, 0x54, 0xFF, 0x33, 0x00, 0x17, 0x00, 0x6A, 0xFF, 0x31,
	0x00, 0x17, 0x00, 0x6E, 0xFF, 0xE5, 0x00, 0x17, 0x00, 0x70, 0xFF, 0xE5,
	0x00, 0x17, 0x00, 0x7A, 0xFF, 0x2F, 0x00, 0x17, 0x00, 0x7B, 0xFF, 0x2F,
	0x00, 0x17, 0x00, 0x86, 0xFF, 0xD7, 0x00, 0x17, 0x00, 0x95, 0xFF, 0xD1,
	0x00, 0x17, 0x00, 0xD3, 0xFF, 0xE9, 0x00, 0x17, 0x00, 0xD5, 0xFF, 0xE9,
	0x00, 0x17, 0x00, 0xD6, 0xFF, 0xE5, 0x00, 0x17, 0x00, 0xDC, 0xFF, 0xCF,
	0x00, 0x17, 0x00, 0xDE, 0xFF, 0xA6, 0x00, 0x18, 0x00, 0x08, 0xFF, 0xE9,
	0x00, 0x18, 0x00, 0x1F, 0xFF, 0xF0, 0x00, 0x18, 0x00, 0x21, 0xFF, 0xF4,
	0x00, 0x18, 0x00, 0x24, 0xFF, 0xF6, 0x00, 0x18, 0x00, 0x29, 0xFF, 0xF4,
	0x00, 0x18, 0x00, 0x2A, 0xFF, 0xF4, 0x00, 0x18, 0x00, 0x2B, 0xFF, 0xF4,
	0x00, 0x18, 0x00, 0x2C, 0xFF, 0xF4, 0x00, 0x18, 0x00, 0x2D, 0xFF, 0xF4,
	0x00, 0x18, 0x00, 0x2E, 0xFF, 0xF6, 0x00, 0x18, 0x00, 0x2F, 0xFF, 0xF4,
	0x00, 0x18, 0x00, 0x37, 0xFF, 0xF4, 0x00, 0x18, 0x00, 0x39, 0xFF, 0xF4,
	0x00, 0x18, 0x00, 0x3D, 0xFF, 0xF4, 0x00, 0x18, 0x00, 0x3F, 0xFF, 0xF6,
	0x00, 0x18, 0x00, 0x41, 0xFF, 0xF4, 0x00, 0x18, 0x00, 0x86, 0xFF, 0xF6,
	0x00, 0x19, 0x00, 0x29, 0xFF, 0xF0, 0x00, 0x19, 0x00, 0x2A, 0xFF, 0xF6,
	0x00, 0x19, 0x00, 0x2B, 0xFF, 0xF0, 0x00, 0x19, 0x00, 0x2C, 0xFF, 0xF0,
	0x00, 0x19, 0x00, 0x2D, 0xFF, 0xF0, 0x00, 0x19, 0x00, 0x2E, 0xFF, 0xF2,
	0x00, 0x19, 0x00, 0x2F, 0xFF, 0xF0, 0x00, 0x19, 0x00, 0x37, 0xFF, 0xF0,
	0x00, 0x19, 0x00, 0x39, 0xFF, 0xF0, 0x00, 0x19, 0x00, 0x3B, 0xFF, 0xF6,
	0x00, 0x19, 0x00, 0x3D, 0xFF, 0xF2, 0x00, 0x19, 0x00, 0x3E, 0xFF, 0xF6,
	0x00, 0x19, 0x00, 0x3F, 0xFF, 0xF2, 0x00, 0x19, 0x00, 0x41, 0xFF, 0xF2,
	0x00, 0x19, 0x00, 0x86, 0xFF, 0xF2, 0x00, 0x1A, 0x00, 0x08, 0xFF, 0xC5,
	0x00, 0x1A, 0x00, 0x15, 0xFF, 0xDD, 0x00, 0x1A, 0x00, 0x1F, 0xFF, 0xD3,
	0x00, 0x1A, 0x00, 0x21, 0xFF, 0xE7, 0x00, 0x1A, 0x00, 0x23, 0xFF, 0xD5,
	0x00, 0x1A, 0x00, 0x25, 0xFF, 0xE3, 0x00, 0x1A, 0x00, 0x27, 0xFF, 0xEC,
	0x00, 0x1A, 0x00, 0x28, 0xFF, 0xCD, 0x00, 0x1A, 0x00, 0x3E, 0xFF, 0xF0,
	0x00, 0x1A, 0x00, 0x40, 0xFF, 0xEC, 0x00, 0x1A, 0x00, 0x46, 0xFF, 0xE3,
	0x00, 0x1A, 0x00, 0x47, 0xFF, 0xE3, 0x00, 0x1A, 0x00, 0x4B, 0xFF, 0xE3,
	0x00, 0x1A, 0x00, 0x4C, 0xFF, 0xE3, 0x00, 0x1A, 0x00, 0x93, 0xFF, 0xCB,
	0x00, 0x1B, 0x00, 0x08, 0xFF, 0xC9, 0x00, 0x1B, 0x00, 0x0B, 0xFF, 0xD5,
	0x00, 0x1B, 0x00, 0x15, 0xFF, 0x85, 0x00, 0x1B, 0x00, 0x1F, 0xFF, 0xF4,
	0x00, 0x1B, 0x00, 0x21, 0xFF, 0xF6, 0x00, 0x1B, 0x00, 0x23, 0xFF, 0xDD,
	0x00, 0x1B, 0x00, 0x28, 0xFF, 0xDD, 0x00, 0x1B, 0x00, 0x46, 0xFF, 0x9E,
	0x00, 0x1B, 0x00, 0x47, 0xFF, 0x9E, 0x00, 0x1B, 0x00, 0x4B, 0xFF, 0x9E,
	0x00, 0x1B, 0x00, 0x4C, 0xFF, 0x9E, 0x00, 0x1B, 0x00, 0x93, 0xFF, 0xDD,
	0x00, 0x1C, 0x00, 0x08, 0xFF, 0xC5, 0x00, 0x1C, 0x00, 0x15, 0xFF, 0xDD,
	0x00, 0x1C, 0x00, 0x1F, 0xFF, 0xD3, 0x00, 0x1C, 0x00, 0x21, 0xFF, 0xE7,
	0x00, 0x1C, 0x00, 0x23, 0xFF, 0xD5, 0x00, 0x1C, 0x00, 0x25, 0xFF, 0xE3,
	0x00, 0x1C, 0x00, 0x27, 0xFF, 0xEC, 0x00, 0x1C, 0x00, 0x28, 0xFF, 0xCD,
	0x00, 0x1C, 0x00, 0x32, 0x00, 0x6A, 0x00, 0x1C, 0x00, 0x3E, 0xFF, 0xF0,
	0x00, 0x1C, 0x00, 0x40, 0xFF, 0xEC, 0x00, 0x1C, 0x00, 0x46, 0xFF, 0xE3,
	0x00, 0x1C, 0x00, 0x47, 0xFF, 0xE3, 0x00, 0x1C, 0x00, 0x4B, 0xFF, 0xE3,
	0x00, 0x1C, 0x00, 0x4C, 0xFF, 0xE3, 0x00, 0x1C, 0x00, 0x93, 0xFF, 0xCB,
	0x00, 0x1D, 0x00, 0x08, 0xFF, 0xDD, 0x00, 0x1D, 0x00, 0x15, 0xFF, 0xD5,
	0x00, 0x1D, 0x00, 0x1F, 0xFF, 0xE7, 0x00, 0x1D, 0x00, 0x21, 0xFF, 0xF2,
	0x00, 0x1D, 0x00, 0x23, 0xFF, 0xEE, 0x00, 0x1D, 0x00, 0x25, 0xFF, 0xF6,
	0x00, 0x1D, 0x00, 0x29, 0xFF, 0xF4, 0x00, 0x1D, 0x00, 0x2B, 0xFF, 0xF4,
	0x00, 0x1D, 0x00, 0x2C, 0xFF, 0xF4, 0x00, 0x1D, 0x00, 0x2D, 0xFF, 0xF4,
	0x00, 0x1D, 0x00, 0x2F, 0xFF, 0xF4, 0x00, 0x1D, 0x00, 0x35, 0xFF, 0xF6,
	0x00, 0x1D, 0x00, 0x36, 0xFF, 0xF6, 0x00, 0x1D, 0x00, 0x37, 0xFF, 0xF4,
	0x00, 0x1D, 0x00, 0x38, 0xFF, 0xF6, 0x00, 0x1D, 0x00, 0x39, 0xFF, 0xF4,
	0x00, 0x1D, 0x00, 0x3A, 0xFF, 0xF6, 0x00, 0x1D, 0x00, 0x3E, 0xFF, 0xF2,
	0x00, 0x1E, 0x00, 0x15, 0xFF, 0xF6, 0x00, 0x1E, 0x00, 0x1F, 0xFF, 0xEC,
	0x00, 0x1E, 0x00, 0x2E, 0xFF, 0xEC, 0x00, 0x1E, 0x00, 0x35, 0xFF, 0xF6,
	0x00, 0x1E, 0x00, 0x36, 0xFF, 0xF6, 0x00, 0x1E, 0x00, 0x38, 0xFF, 0xF6,
	0x00, 0x1E, 0x00, 0x3A, 0xFF, 0xF6, 0x00, 0x1E, 0x00, 0x3C, 0xFF, 0xEE,
	0x00, 0x1E, 0x00, 0x3D, 0xFF, 0xF6, 0x00, 0x1E, 0x00, 0x3E, 0xFF, 0xDF,
	0x00, 0x1E, 0x00, 0x3F, 0xFF, 0xF6, 0x00, 0x1E, 0x00, 0x40, 0xFF, 0xE7,
	0x00, 0x1E, 0x00, 0x41, 0xFF, 0xF6, 0x00, 0x1E, 0x00, 0x42, 0xFF, 0xEC,
	0x00, 0x1E, 0x00, 0x86, 0xFF, 0xEC, 0x00, 0x1F, 0x00, 0x08, 0xFF, 0xEC,
	0x00, 0x1F, 0x00, 0x0A, 0xFF, 0x83, 0x00, 0x1F, 0x00, 0x0B, 0xFF, 0xA6,
	0x00, 0x1F, 0x00, 0x0C, 0xFF, 0xD5, 0x00, 0x1F, 0x00, 0x0E, 0xFF, 0xD3,
	0x00, 0x1F, 0x00, 0x12, 0xFF, 0xD3, 0x00, 0x1F, 0x00, 0x15, 0xFF, 0x77,
	0x00, 0x1F, 0x00, 0x18, 0xFF, 0xF0, 0x00, 0x1F, 0x00, 0x1A, 0xFF, 0xD3,
	0x00, 0x1F, 0x00, 0x1C, 0xFF, 0xD3, 0x00, 0x1F, 0x00, 0x1E, 0xFF, 0xF6,
	0x00, 0x1F, 0x00, 0x29, 0xFF, 0x58, 0x00, 0x1F, 0x00, 0x2A, 0xFF, 0xF0,
	0x00, 0x1F, 0x00, 0x2B, 0xFF, 0x58, 0x00, 0x1F, 0x00, 0x2C, 0xFF, 0x58,
	0x00, 0x1F, 0x00, 0x2D, 0xFF, 0x58, 0x00, 0x1F, 0x00, 0x2E, 0xFF, 0xDD,
	0x00, 0x1F, 0x00, 0x2F, 0xFF, 0x58, 0x00, 0x1F, 0x00, 0x35, 0xFF, 0xA2,
	0x00, 0x1F, 0x00, 0x36, 0xFF, 0xA2, 0x00, 0x1F, 0x00, 0x37, 0xFF, 0x58,
	0x00, 0x1F, 0x00, 0x38, 0xFF, 0xA2, 0x00, 0x1F, 0x00, 0x39, 0xFF, 0x58,
	0x00, 0x1F, 0x00, 0x3A, 0xFF, 0xA2, 0x00, 0x1F, 0x00, 0x3B, 0xFF, 0x54,
	0x00, 0x1F, 0x00, 0x3C, 0xFF, 0xE5, 0x00, 0x1F, 0x00, 0x3D, 0xFF, 0x6D,
	0x00, 0x1F, 0x00, 0x3E, 0xFF, 0xB4, 0x00, 0x1F, 0x00, 0x3F, 0xFF, 0x6A,
	0x00, 0x1F, 0x00, 0x40, 0xFF, 0xA6, 0x00, 0x1F, 0x00, 0x41, 0xFF, 0x6D,
	0x00, 0x1F, 0x00, 0x42, 0xFF, 0x9A, 0x00, 0x1F, 0x00, 0x46, 0xFF, 0x87,
	0x00, 0x1F, 0x00, 0x47, 0xFF, 0x87, 0x00, 0x1F, 0x00, 0x48, 0xFF, 0x85,
	0x00, 0x1F, 0x00, 0x49, 0xFF, 0x85, 0x00, 0x1F, 0x00, 0x4A, 0xFF, 0xAC,
	0x00, 0x1F, 0x00, 0x4B, 0xFF, 0x87, 0x00, 0x1F, 0x00, 0x4C, 0xFF, 0x87,
	0x00, 0x1F, 0x00, 0x4F, 0xFF, 0x83, 0x00, 0x1F, 0x00, 0x50, 0xFF, 0x83,
	0x00, 0x1F, 0x00, 0x6A, 0x00, 0x27, 0x00, 0x1F, 0x00, 0x6E, 0xFF, 0x91,
	0x00, 0x1F, 0x00, 0x6F, 0xFF, 0xBE, 0x00, 0x1F, 0x00, 0x70, 0xFF, 0x91,
	0x00, 0x1F, 0x00, 0x71, 0xFF, 0xBE, 0x00, 0x1F, 0x00, 0x86, 0xFF, 0xDD,
	0x00, 0x1F, 0x00, 0xD3, 0xFF, 0xEC, 0x00, 0x1F, 0x00, 0xDB, 0xFF, 0xE3,
	0x00, 0x1F, 0x00, 0xDD, 0xFF, 0xEC, 0x00, 0x20, 0x00, 0x08, 0xFF, 0xE5,
	0x00, 0x20, 0x00, 0x0B, 0xFF, 0xE7, 0x00, 0x20, 0x00, 0x0C, 0xFF, 0xF6,
	0x00, 0x20, 0x00, 0x15, 0xFF, 0xDB, 0x00, 0x20, 0x00, 0x29, 0xFF, 0xF0,
	0x00, 0x20, 0x00, 0x2B, 0xFF, 0xF0, 0x00, 0x20, 0x00, 0x2C, 0xFF, 0xF0,
	0x00, 0x20, 0x00, 0x2D, 0xFF, 0xF0, 0x00, 0x20, 0x00, 0x2E, 0xFF, 0xF4,
	0x00, 0x20, 0x00, 0x2F, 0xFF, 0xF0, 0x00, 0x20, 0x00, 0x30, 0xFF, 0xF4,
	0x00, 0x20, 0x00, 0x31, 0xFF, 0xF6, 0x00, 0x20, 0x00, 0x32, 0xFF, 0xF4,
	0x00, 0x20, 0x00, 0x33, 0xFF, 0xF4, 0x00, 0x20, 0x00, 0x34, 0xFF, 0xF4,
	0x00, 0x20, 0x00, 0x35, 0xFF, 0xEC, 0x00, 0x20, 0x00, 0x36, 0xFF, 0xEC,
	0x00, 0x20, 0x00, 0x37, 0xFF, 0xF0, 0x00, 0x20, 0x00, 0x38, 0xFF, 0xEC,
	0x00, 0x20, 0x00, 0x39, 0xFF, 0xF0, 0x00, 0x20, 0x00, 0x3A, 0xFF, 0xEC,
	0x00, 0x20, 0x00, 0x3B, 0xFF, 0xEC, 0x00, 0x20, 0x00, 0x3D, 0xFF, 0xF0,
	0x00, 0x20, 0x00, 0x3E, 0xFF, 0xF4, 0x00, 0x20, 0x00, 0x3F, 0xFF, 0xEE,
	0x00, 0x20, 0x00, 0x40, 0xFF, 0xF6, 0x00, 0x20, 0x00, 0x41, 0xFF, 0xF0,
	0x00, 0x20, 0x00, 0x42, 0xFF, 0xF4, 0x00, 0x20, 0x00, 0x46, 0xFF, 0xE1,
	0x00, 0x20, 0x00, 0x47, 0xFF, 0xE1, 0x00, 0x20, 0x00, 0x4B, 0xFF, 0xE1,
	0x00, 0x20, 0x00, 0x4C, 0xFF, 0xE1, 0x00, 0x20, 0x00, 0x86, 0xFF, 0xF4,
	0x00, 0x21, 0x00, 0x0A, 0xFF, 0xE7, 0x00, 0x21, 0x00, 0x0B, 0xFF, 0xBC,
	0x00, 0x21, 0x00, 0x0C, 0xFF, 0xE1, 0x00, 0x21, 0x00, 0x0E, 0xFF, 0xE7,
	0x00, 0x21, 0x00, 0x12, 0xFF, 0xE7, 0x00, 0x21, 0x00, 0x15, 0xFF, 0x87,
	0x00, 0x21, 0x00, 0x18, 0xFF, 0xF4, 0x00, 0x21, 0x00, 0x1A, 0xFF, 0xE7,
	0x00, 0x21, 0x00, 0x1C, 0xFF, 0xE7, 0x00, 0x21, 0x00, 0x29, 0xFF, 0xA4,
	0x00, 0x21, 0x00, 0x2B, 0xFF, 0xA4, 0x00, 0x21, 0x00, 0x2C, 0xFF, 0xA4,
	0x00, 0x21, 0x00, 0x2D, 0xFF, 0xA4, 0x00, 0x21, 0x00, 0x2E, 0xFF, 0xF0,
	0x00, 0x21, 0x00, 0x2F, 0xFF, 0xA4, 0x00, 0x21, 0x00, 0x35, 0xFF, 0xD1,
	0x00, 0x21, 0x00, 0x36, 0xFF, 0xD1, 0x00, 0x21, 0x00, 0x37, 0xFF, 0xA4,
	0x00, 0x21, 0x00, 0x38, 0xFF, 0xD1, 0x00, 0x21, 0x00, 0x39, 0xFF, 0xA4,
	0x00, 0x21, 0x00, 0x3A, 0xFF, 0xD1, 0x00, 0x21, 0x00, 0x3B, 0xFF, 0xB0,
	0x00, 0x21, 0x00, 0x3C, 0xFF, 0xF6, 0x00, 0x21, 0x00, 0x3D, 0xFF, 0xD9,
	0x00, 0x21, 0x00, 0x3E, 0xFF, 0xE7, 0x00, 0x21, 0x00, 0x3F, 0xFF, 0xD7,
	0x00, 0x21, 0x00, 0x41, 0xFF, 0xD9, 0x00, 0x21, 0x00, 0x42, 0xFF, 0xEE,
	0x00, 0x21, 0x00, 0x46, 0xFF, 0xA4, 0x00, 0x21, 0x00, 0x47, 0xFF, 0xA4,
	0x00, 0x21, 0x00, 0x48, 0xFF, 0xD3, 0x00, 0x21, 0x00, 0x49, 0xFF, 0xD3,
	0x00, 0x21, 0x00, 0x4A, 0xFF, 0xD9, 0x00, 0x21, 0x00, 0x4B, 0xFF, 0xA4,
	0x00, 0x21, 0x00, 0x4C, 0xFF, 0xA4, 0x00, 0x21, 0x00, 0x4F, 0xFF, 0xE7,
	0x00, 0x21, 0x00, 0x50, 0xFF, 0xE7, 0x00, 0x21, 0x00, 0x6A, 0x00, 0x2D,
	0x00, 0x21, 0x00, 0x6E, 0xFF, 0xCD, 0x00, 0x21, 0x00, 0x6F, 0xFF, 0xEC,
	0x00, 0x21, 0x00, 0x70, 0xFF, 0xCD, 0x00, 0x21, 0x00, 0x71, 0xFF, 0xEC,
	0x00, 0x21, 0x00, 0x7A, 0x00, 0x0A, 0x00, 0x21, 0x00, 0x86, 0xFF, 0xF0,
	0x00, 0x21, 0x00, 0xDC, 0x00, 0x0E, 0x00, 0x22, 0x00, 0x08, 0xFF, 0xE5,
	0x00, 0x22, 0x00, 0x15, 0xFF, 0xF4, 0x00, 0x22, 0x00, 0x29, 0xFF, 0xF2,
	0x00, 0x22, 0x00, 0x2B, 0xFF, 0xF2, 0x00, 0x22, 0x00, 0x2C, 0xFF, 0xF2,
	0x00, 0x22, 0x00, 0x2D, 0xFF, 0xF2, 0x00, 0x22, 0x00, 0x2E, 0xFF, 0xF4,
	0x00, 0x22, 0x00, 0x2F, 0xFF, 0xF2, 0x00, 0x22, 0x00, 0x30, 0xFF, 0xF6,
	0x00, 0x22, 0x00, 0x32, 0xFF, 0xF6, 0x00, 0x22, 0x00, 0x33, 0xFF, 0xF6,
	0x00, 0x22, 0x00, 0x34, 0xFF, 0xF6, 0x00, 0x22, 0x00, 0x35, 0xFF, 0xF2,
	0x00, 0x22, 0x00, 0x36, 0xFF, 0xF2, 0x00, 0x22, 0x00, 0x37, 0xFF, 0xF2,
	0x00, 0x22, 0x00, 0x38, 0xFF, 0xF2, 0x00, 0x22, 0x00, 0x39, 0xFF, 0xF2,
	0x00, 0x22, 0x00, 0x3A, 0xFF, 0xF2, 0x00, 0x22, 0x00, 0x3B, 0xFF, 0xF0,
	0x00, 0x22, 0x00, 0x3D, 0xFF, 0xF0, 0x00, 0x22, 0x00, 0x3F, 0xFF, 0xF0,
	0x00, 0x22, 0x00, 0x41, 0xFF, 0xF0, 0x00, 0x22, 0x00, 0x42, 0xFF, 0xF6,
	0x00, 0x22, 0x00, 0x86, 0xFF, 0xF4, 0x00, 0x23, 0x00, 0x0A, 0xFF, 0xBA,
	0x00, 0x23, 0x00, 0x0E, 0xFF, 0xD5, 0x00, 0x23, 0x00, 0x12, 0xFF, 0xD5,
	0x00, 0x23, 0x00, 0x15, 0x00, 0x0A, 0x00, 0x23, 0x00, 0x1A, 0xFF, 0xD5,
	0x00, 0x23, 0x00, 0x1C, 0xFF, 0xD5, 0x00, 0x23, 0x00, 0x29, 0xFF, 0xB2,
	0x00, 0x23, 0x00, 0x2B, 0xFF, 0xB2, 0x00, 0x23, 0x00, 0x2C, 0xFF, 0xB2,
	0x00, 0x23, 0x00, 0x2D, 0xFF, 0xB2, 0x00, 0x23, 0x00, 0x2E, 0xFF, 0xDF,
	0x00, 0x23, 0x00, 0x2F, 0xFF, 0xB2, 0x00, 0x23, 0x00, 0x35, 0xFF, 0xEC,
	0x00, 0x23, 0x00, 0x36, 0xFF, 0xEC, 0x00, 0x23, 0x00, 0x37, 0xFF, 0xB2,
	0x00, 0x23, 0x00, 0x38, 0xFF, 0xEC, 0x00, 0x23, 0x00, 0x39, 0xFF, 0xB2,
	0x00, 0x23, 0x00, 0x3A, 0xFF, 0xEC, 0x00, 0x23, 0x00, 0x3C, 0xFF, 0xE5,
	0x00, 0x23, 0x00, 0x3D, 0xFF, 0xBE, 0x00, 0x23, 0x00, 0x3E, 0xFF, 0xC5,
	0x00, 0x23, 0x00, 0x3F, 0xFF, 0xC7, 0x00, 0x23, 0x00, 0x41, 0xFF, 0xBE,
	0x00, 0x23, 0x00, 0x4F, 0xFF, 0xBA, 0x00, 0x23, 0x00, 0x50, 0xFF, 0xBA,
	0x00, 0x23, 0x00, 0x6A, 0x00, 0x1F, 0x00, 0x23, 0x00, 0x6E, 0xFF, 0xD1,
	0x00, 0x23, 0x00, 0x70, 0xFF, 0xD1, 0x00, 0x23, 0x00, 0x7A, 0x00, 0x0C,
	0x00, 0x23, 0x00, 0x86, 0xFF, 0xDF, 0x00, 0x23, 0x00, 0xD3, 0xFF, 0xEC,
	0x00, 0x23, 0x00, 0xDC, 0x00, 0x0E, 0x00, 0x24, 0x00, 0x0B, 0xFF, 0xC1,
	0x00, 0x24, 0x00, 0x0C, 0xFF, 0xF0, 0x00, 0x24, 0x00, 0x15, 0xFF, 0x83,
	0x00, 0x24, 0x00, 0x18, 0xFF, 0xF6, 0x00, 0x24, 0x00, 0x29, 0xFF, 0xD7,
	0x00, 0x24, 0x00, 0x2B, 0xFF, 0xD7, 0x00, 0x24, 0x00, 0x2C, 0xFF, 0xD7,
	0x00, 0x24, 0x00, 0x2D, 0xFF, 0xD7, 0x00, 0x24, 0x00, 0x2F, 0xFF, 0xD7,
	0x00, 0x24, 0x00, 0x35, 0xFF, 0xEC, 0x00, 0x24, 0x00, 0x36, 0xFF, 0xEC,
	0x00, 0x24, 0x00, 0x37, 0xFF, 0xD7, 0x00, 0x24, 0x00, 0x38, 0xFF, 0xEC,
	0x00, 0x24, 0x00, 0x39, 0xFF, 0xD7, 0x00, 0x24, 0x00, 0x3A, 0xFF, 0xEC,
	0x00, 0x24, 0x00, 0x3B, 0xFF, 0xE3, 0x00, 0x24, 0x00, 0x3D, 0xFF, 0xF2,
	0x00, 0x24, 0x00, 0x3E, 0xFF, 0xF0, 0x00, 0x24, 0x00, 0x3F, 0xFF, 0xF0,
	0x00, 0x24, 0x00, 0x41, 0xFF, 0xF2, 0x00, 0x24, 0x00, 0x46, 0xFF, 0x85,
	0x00, 0x24, 0x00, 0x47, 0xFF, 0x85, 0x00, 0x24, 0x00, 0x4B, 0xFF, 0x85,
	0x00, 0x24, 0x00, 0x4C, 0xFF, 0x85, 0x00, 0x24, 0x00, 0x6E, 0xFF, 0xD9,
	0x00, 0x24, 0x00, 0x70, 0xFF, 0xD9, 0x00, 0x25, 0x00, 0x0A, 0xFF, 0xC1,
	0x00, 0x25, 0x00, 0x0E, 0xFF, 0xE3, 0x00, 0x25, 0x00, 0x12, 0xFF, 0xE3,
	0x00, 0x25, 0x00, 0x1A, 0xFF, 0xE3, 0x00, 0x25, 0x00, 0x1C, 0xFF, 0xE3,
	0x00, 0x25, 0x00, 0x1F, 0xFF, 0xF4, 0x00, 0x25, 0x00, 0x20, 0xFF, 0xF6,
	0x00, 0x25, 0x00, 0x24, 0xFF, 0xF4, 0x00, 0x25, 0x00, 0x29, 0xFF, 0xEC,
	0x00, 0x25, 0x00, 0x2A, 0xFF, 0xF6, 0x00, 0x25, 0x00, 0x2B, 0xFF, 0xEC,
	0x00, 0x25, 0x00, 0x2C, 0xFF, 0xEC, 0x00, 0x25, 0x00, 0x2D, 0xFF, 0xEC,
	0x00, 0x25, 0x00, 0x2E, 0xFF, 0xDF, 0x00, 0x25, 0x00, 0x2F, 0xFF, 0xEC,
	0x00, 0x25, 0x00, 0x35, 0xFF, 0xF6, 0x00, 0x25, 0x00, 0x36, 0xFF, 0xF6,
	0x00, 0x25, 0x00, 0x37, 0xFF, 0xEC, 0x00, 0x25, 0x00, 0x38, 0xFF, 0xF6,
	0x00, 0x25, 0x00, 0x39, 0xFF, 0xEC, 0x00, 0x25, 0x00, 0x3A, 0xFF, 0xF6,
	0x00, 0x25, 0x00, 0x3C, 0xFF, 0xE1, 0x00, 0x25, 0x00, 0x3D, 0xFF, 0xE3,
	0x00, 0x25, 0x00, 0x3E, 0xFF, 0xBE, 0x00, 0x25, 0x00, 0x3F, 0xFF, 0xE9,
	0x00, 0x25, 0x00, 0x41, 0xFF, 0xE3, 0x00, 0x25, 0x00, 0x42, 0xFF, 0xF6,
	0x00, 0x25, 0x00, 0x4F, 0xFF, 0xC1, 0x00, 0x25, 0x00, 0x50, 0xFF, 0xC1,
	0x00, 0x25, 0x00, 0x86, 0xFF, 0xDF, 0x00, 0x25, 0x00, 0xDE, 0xFF, 0xEC,
	0x00, 0x26, 0x00, 0x0E, 0xFF, 0xCD, 0x00, 0x26, 0x00, 0x12, 0xFF, 0xCD,
	0x00, 0x26, 0x00, 0x1A, 0xFF, 0xCD, 0x00, 0x26, 0x00, 0x1C, 0xFF, 0xCD,
	0x00, 0x26, 0x00, 0x29, 0xFF, 0xD3, 0x00, 0x26, 0x00, 0x2B, 0xFF, 0xD3,
	0x00, 0x26, 0x00, 0x2C, 0xFF, 0xD3, 0x00, 0x26, 0x00, 0x2D, 0xFF, 0xD3,
	0x00, 0x26, 0x00, 0x2E, 0xFF, 0xEC, 0x00, 0x26, 0x00, 0x2F, 0xFF, 0xD3,
	0x00, 0x26, 0x00, 0x32, 0x01, 0x14, 0x00, 0x26, 0x00, 0x37, 0xFF, 0xD3,
	0x00, 0x26, 0x00, 0x39, 0xFF, 0xD3, 0x00, 0x26, 0x00, 0x3D, 0xFF, 0xD7,
	0x00, 0x26, 0x00, 0x3E, 0xFF, 0xC5, 0x00, 0x26, 0x00, 0x3F, 0xFF, 0xDD,
	0x00, 0x26, 0x00, 0x41, 0xFF, 0xD7, 0x00, 0x26, 0x00, 0x86, 0xFF, 0xEC,
	0x00, 0x26, 0x00, 0x92, 0xFF, 0xD1, 0x00, 0x26, 0x00, 0xD5, 0xFF, 0xDB,
	0x00, 0x26, 0x00, 0xD9, 0xFF, 0xE9, 0x00, 0x26, 0x00, 0xDB, 0xFF, 0xD7,
	0x00, 0x26, 0x00, 0xDD, 0xFF, 0xE9, 0x00, 0x26, 0x00, 0xDE, 0xFF, 0xD9,
	0x00, 0x27, 0x00, 0x05, 0xFF, 0xA0, 0x00, 0x27, 0x00, 0x06, 0xFF, 0xA0,
	0x00, 0x27, 0x00, 0x0E, 0xFF, 0xEC, 0x00, 0x27, 0x00, 0x12, 0xFF, 0xEC,
	0x00, 0x27, 0x00, 0x15, 0x00, 0x0C, 0x00, 0x27, 0x00, 0x1A, 0xFF, 0xEC,
	0x00, 0x27, 0x00, 0x1C, 0xFF, 0xEC, 0x00, 0x27, 0x00, 0x1F, 0xFF, 0xA6,
	0x00, 0x27, 0x00, 0x20, 0xFF, 0xE3, 0x00, 0x27, 0x00, 0x21, 0xFF, 0xBC,
	0x00, 0x27, 0x00, 0x24, 0xFF, 0xC1, 0x00, 0x27, 0x00, 0x3C, 0xFF, 0xDB,
	0x00, 0x27, 0x00, 0x3E, 0xFF, 0xC5, 0x00, 0x27, 0x00, 0x51, 0xFF, 0x9A,
	0x00, 0x27, 0x00, 0x52, 0xFF, 0x9A, 0x00, 0x27, 0x00, 0xDC, 0xFF, 0xE1,
	0x00, 0x27, 0x00, 0xDE, 0xFF, 0xCF, 0x00, 0x29, 0x00, 0x08, 0xFF, 0xE3,
	0x00, 0x29, 0x00, 0x27, 0xFF, 0xE7, 0x00, 0x2A, 0x00, 0x05, 0xFF, 0xEC,
	0x00, 0x2A, 0x00, 0x06, 0xFF, 0xEC, 0x00, 0x2A, 0x00, 0x08, 0xFF, 0xC1,
	0x00, 0x2A, 0x00, 0x27, 0xFF, 0xC9, 0x00, 0x2A, 0x00, 0x28, 0xFF, 0xD3,
	0x00, 0x2A, 0x00, 0x2E, 0xFF, 0xF4, 0x00, 0x2A, 0x00, 0x3C, 0xFF, 0xF8,
	0x00, 0x2A, 0x00, 0x3E, 0xFF, 0xE1, 0x00, 0x2A, 0x00, 0x40, 0xFF, 0xD5,
	0x00, 0x2A, 0x00, 0x42, 0xFF, 0xF4, 0x00, 0x2A, 0x00, 0x51, 0xFF, 0xDD,
	0x00, 0x2A, 0x00, 0x52, 0xFF, 0xDD, 0x00, 0x2A, 0x00, 0x6A, 0xFF, 0xEC,
	0x00, 0x2A, 0x00, 0x7A, 0xFF, 0xD7, 0x00, 0x2A, 0x00, 0x86, 0xFF, 0xF4,
	0x00, 0x2A, 0x00, 0x93, 0xFF, 0xD3, 0x00, 0x2A, 0x00, 0x95, 0xFF, 0xD3,
	0x00, 0x2B, 0x00, 0x08, 0xFF, 0xDD, 0x00, 0x2B, 0x00, 0x27, 0xFF, 0xE5,
	0x00, 0x2B, 0x00, 0x29, 0xFF, 0xF0, 0x00, 0x2B, 0x00, 0x2B, 0xFF, 0xF0,
	0x00, 0x2B, 0x00, 0x2C, 0xFF, 0xF0, 0x00, 0x2B, 0x00, 0x2D, 0xFF, 0xF0,
	0x00, 0x2B, 0x00, 0x2F, 0xFF, 0xF0, 0x00, 0x2B, 0x00, 0x37, 0xFF, 0xF0,
	0x00, 0x2B, 0x00, 0x39, 0xFF, 0xF0, 0x00, 0x2B, 0x00, 0x3E, 0xFF, 0xF8,
	0x00, 0x2B, 0x00, 0x40, 0xFF, 0xE1, 0x00, 0x2B, 0x00, 0x6E, 0xFF, 0xE7,
	0x00, 0x2B, 0x00, 0x70, 0xFF, 0xE7, 0x00, 0x2D, 0x00, 0x08, 0xFF, 0xD7,
	0x00, 0x2D, 0x00, 0x27, 0xFF, 0xE1, 0x00, 0x2D, 0x00, 0x29, 0xFF, 0xF8,
	0x00, 0x2D, 0x00, 0x2B, 0xFF, 0xF8, 0x00, 0x2D, 0x00, 0x2C, 0xFF, 0xF8,
	0x00, 0x2D, 0x00, 0x2D, 0xFF, 0xF8, 0x00, 0x2D, 0x00, 0x2F, 0xFF, 0xF8,
	0x00, 0x2D, 0x00, 0x37, 0xFF, 0xF8, 0x00, 0x2D, 0x00, 0x39, 0xFF, 0xF8,
	0x00, 0x2D, 0x00, 0x3E, 0xFF, 0xF2, 0x00, 0x2D, 0x00, 0x40, 0xFF, 0xF6,
	0x00, 0x2D, 0x00, 0x6E, 0xFF, 0xE1, 0x00, 0x2D, 0x00, 0x70, 0xFF, 0xE1,
	0x00, 0x2D, 0x00, 0x95, 0xFF, 0xE9, 0x00, 0x2E, 0x00, 0x08, 0x00, 0x2B,
	0x00, 0x2E, 0x00, 0x0B, 0xFF, 0xC9, 0x00, 0x2E, 0x00, 0x27, 0x00, 0x31,
	0x00, 0x2E, 0x00, 0x28, 0x00, 0x19, 0x00, 0x2E, 0x00, 0x29, 0xFF, 0xEC,
	0x00, 0x2E, 0x00, 0x2A, 0xFF, 0xF8, 0x00, 0x2E, 0x00, 0x2B, 0xFF, 0xEC,
	0x00, 0x2E, 0x00, 0x2C, 0xFF, 0xEC, 0x00, 0x2E, 0x00, 0x2D, 0xFF, 0xEC,
	0x00, 0x2E, 0x00, 0x2F, 0xFF, 0xEC, 0x00, 0x2E, 0x00, 0x31, 0x00, 0x27,
	0x00, 0x2E, 0x00, 0x32, 0x00, 0x25, 0x00, 0x2E, 0x00, 0x37, 0xFF, 0xEC,
	0x00, 0x2E, 0x00, 0x39, 0xFF, 0xEC, 0x00, 0x2E, 0x00, 0x3B, 0xFF, 0xF4,
	0x00, 0x2E, 0x00, 0x3D, 0xFF, 0xF8, 0x00, 0x2E, 0x00, 0x41, 0xFF, 0xF8,
	0x00, 0x2E, 0x00, 0x46, 0xFF, 0xA8, 0x00, 0x2E, 0x00, 0x47, 0xFF, 0xA8,
	0x00, 0x2E, 0x00, 0x4B, 0xFF, 0xA8, 0x00, 0x2E, 0x00, 0x4C, 0xFF, 0xA8,
	0x00, 0x2E, 0x00, 0x51, 0x00, 0x0E, 0x00, 0x2E, 0x00, 0x52, 0x00, 0x0E,
	0x00, 0x2E, 0x00, 0x6A, 0x00, 0x5A, 0x00, 0x2E, 0x00, 0x6E, 0xFF, 0xCF,
	0x00, 0x2E, 0x00, 0x70, 0xFF, 0xCF, 0x00, 0x2E, 0x00, 0x7A, 0x00, 0x2D,
	0x00, 0x2E, 0x00, 0x93, 0x00, 0x19, 0x00, 0x2E, 0x00, 0x95, 0x00, 0x1D,
	0x00, 0x2F, 0x00, 0x08, 0xFF, 0xE3, 0x00, 0x2F, 0x00, 0x27, 0xFF, 0xE7,
	0x00, 0x2F, 0x00, 0x32, 0x00, 0xAE, 0x00, 0x30, 0x00, 0x05, 0xFF, 0xE3,
	0x00, 0x30, 0x00, 0x06, 0xFF, 0xE3, 0x00, 0x30, 0x00, 0x08, 0xFF, 0xE3,
	0x00, 0x30, 0x00, 0x27, 0xFF, 0xC1, 0x00, 0x30, 0x00, 0x2A, 0xFF, 0xF8,
	0x00, 0x30, 0x00, 0x2E, 0xFF, 0xF0, 0x00, 0x30, 0x00, 0x3C, 0xFF, 0xF2,
	0x00, 0x30, 0x00, 0x3D, 0xFF, 0xF8, 0x00, 0x30, 0x00, 0x3E, 0xFF, 0xD5,
	0x00, 0x30, 0x00, 0x41, 0xFF, 0xF8, 0x00, 0x30, 0x00, 0x51, 0xFF, 0xD7,
	0x00, 0x30, 0x00, 0x52, 0xFF, 0xD7, 0x00, 0x30, 0x00, 0x53, 0xFF, 0xE9,
	0x00, 0x30, 0x00, 0x54, 0xFF, 0xE9, 0x00, 0x30, 0x00, 0x6A, 0xFF, 0xE1,
	0x00, 0x30, 0x00, 0x7A, 0xFF, 0xD1, 0x00, 0x30, 0x00, 0x7B, 0xFF, 0xF0,
	0x00, 0x30, 0x00, 0x86, 0xFF, 0xF0, 0x00, 0x30, 0x00, 0x95, 0xFF, 0xD5,
	0x00, 0x31, 0x00, 0x6A, 0x00, 0x12, 0x00, 0x32, 0x00, 0x32, 0x00, 0xAA,
	0x00, 0x33, 0x00, 0x0A, 0xFF, 0xF0, 0x00, 0x33, 0x00, 0x29, 0xFF, 0xDF,
	0x00, 0x33, 0x00, 0x2B, 0xFF, 0xDF, 0x00, 0x33, 0x00, 0x2C, 0xFF, 0xDF,
	0x00, 0x33, 0x00, 0x2D, 0xFF, 0xDF, 0x00, 0x33, 0x00, 0x2F, 0xFF, 0xDF,
	0x00, 0x33, 0x00, 0x37, 0xFF, 0xDF, 0x00, 0x33, 0x00, 0x39, 0xFF, 0xDF,
	0x00, 0x33, 0x00, 0x40, 0x00, 0x0C, 0x00, 0x33, 0x00, 0x4F, 0xFF, 0xF0,
	0x00, 0x33, 0x00, 0x50, 0xFF, 0xF0, 0x00, 0x33, 0x00, 0x6E, 0xFF, 0xD9,
	0x00, 0x33, 0x00, 0x70, 0xFF, 0xD9, 0x00, 0x34, 0x00, 0x4D, 0xFF, 0xBC,
	0x00, 0x35, 0x00, 0x05, 0xFF, 0xEE, 0x00, 0x35, 0x00, 0x06, 0xFF, 0xEE,
	0x00, 0x35, 0x00, 0x08, 0xFF, 0xE3, 0x00, 0x35, 0x00, 0x27, 0xFF, 0xC7,
	0x00, 0x35, 0x00, 0x2A, 0xFF, 0xF8, 0x00, 0x35, 0x00, 0x2E, 0xFF, 0xF4,
	0x00, 0x35, 0x00, 0x3C, 0xFF, 0xF6, 0x00, 0x35, 0x00, 0x3E, 0xFF, 0xDF,
	0x00, 0x35, 0x00, 0x51, 0xFF, 0xDF, 0x00, 0x35, 0x00, 0x52, 0xFF, 0xDF,
	0x00, 0x35, 0x00, 0x6A, 0xFF, 0xE7, 0x00, 0x35, 0x00, 0x7A, 0xFF, 0xD7,
	0x00, 0x35, 0x00, 0x86, 0xFF, 0xF4, 0x00, 0x35, 0x00, 0x95, 0xFF, 0xD7,
	0x00, 0x36, 0x00, 0x05, 0xFF, 0xE3, 0x00, 0x36, 0x00, 0x06, 0xFF, 0xE3,
	0x00, 0x36, 0x00, 0x08, 0xFF, 0xE3, 0x00, 0x36, 0x00, 0x27, 0xFF, 0xC1,
	0x00, 0x36, 0x00, 0x2A, 0xFF, 0xF8, 0x00, 0x36, 0x00, 0x2E, 0xFF, 0xF0,
	0x00, 0x36, 0x00, 0x3C, 0xFF, 0xF2, 0x00, 0x36, 0x00, 0x3D, 0xFF, 0xF8,
	0x00, 0x36, 0x00, 0x3E, 0xFF, 0xD5, 0x00, 0x36, 0x00, 0x41, 0xFF, 0xF8,
	0x00, 0x36, 0x00, 0x51, 0xFF, 0xD7, 0x00, 0x36, 0x00, 0x52, 0xFF, 0xD7,
	0x00, 0x36, 0x00, 0x53, 0xFF, 0xE9, 0x00, 0x36, 0x00, 0x54, 0xFF, 0xE9,
	0x00, 0x36, 0x00, 0x6A, 0xFF, 0xE1, 0x00, 0x36, 0x00, 0x7A, 0xFF, 0xD1,
	0x00, 0x36, 0x00, 0x7B, 0xFF, 0xF0, 0x00, 0x36, 0x00, 0x86, 0xFF, 0xF0,
	0x00, 0x36, 0x00, 0x95, 0xFF, 0xD5, 0x00, 0x37, 0x00, 0x05, 0xFF, 0xEC,
	0x00, 0x37, 0x00, 0x06, 0xFF, 0xEC, 0x00, 0x37, 0x00, 0x08, 0xFF, 0xC1,
	0x00, 0x37, 0x00, 0x27, 0xFF, 0xC9, 0x00, 0x37, 0x00, 0x28, 0xFF, 0xD3,
	0x00, 0x37, 0x00, 0x2E, 0xFF, 0xF4, 0x00, 0x37, 0x00, 0x3C, 0xFF, 0xF8,
	0x00, 0x37, 0x00, 0x3E, 0xFF, 0xE1, 0x00, 0x37, 0x00, 0x40, 0xFF, 0xD5,
	0x00, 0x37, 0x00, 0x42, 0xFF, 0xF4, 0x00, 0x37, 0x00, 0x51, 0xFF, 0xDD,
	0x00, 0x37, 0x00, 0x52, 0xFF, 0xDD, 0x00, 0x37, 0x00, 0x6A, 0xFF, 0xEC,
	0x00, 0x37, 0x00, 0x7A, 0xFF, 0xD7, 0x00, 0x37, 0x00, 0x86, 0xFF, 0xF4,
	0x00, 0x37, 0x00, 0x93, 0xFF, 0xD3, 0x00, 0x37, 0x00, 0x95, 0xFF, 0xD3,
	0x00, 0x38, 0x00, 0x05, 0xFF, 0xEC, 0x00, 0x38, 0x00, 0x06, 0xFF, 0xEC,
	0x00, 0x38, 0x00, 0x08, 0xFF, 0xC1, 0x00, 0x38, 0x00, 0x27, 0xFF, 0xC9,
	0x00, 0x38, 0x00, 0x28, 0xFF, 0xD3, 0x00, 0x38, 0x00, 0x2E, 0xFF, 0xF4,
	0x00, 0x38, 0x00, 0x3C, 0xFF, 0xF8, 0x00, 0x38, 0x00, 0x3E, 0xFF, 0xE1,
	0x00, 0x38, 0x00, 0x40, 0xFF, 0xD5, 0x00, 0x38, 0x00, 0x42, 0xFF, 0xF4,
	0x00, 0x38, 0x00, 0x51, 0xFF, 0xDD, 0x00, 0x38, 0x00, 0x52, 0xFF, 0xDD,
	0x00, 0x38, 0x00, 0x6A, 0xFF, 0xEC, 0x00, 0x38, 0x00, 0x7A, 0xFF, 0xD7,
	0x00, 0x38, 0x00, 0x86, 0xFF, 0xF4, 0x00, 0x38, 0x00, 0x93, 0xFF, 0xD3,
	0x00, 0x38, 0x00, 0x95, 0xFF, 0xD3, 0x00, 0x39, 0x00, 0x08, 0xFF, 0xE3,
	0x00, 0x39, 0x00, 0x27, 0xFF, 0xE7, 0x00, 0x39, 0x00, 0x32, 0x00, 0xF8,
	0x00, 0x3A, 0x00, 0x08, 0xFF, 0xBC, 0x00, 0x3A, 0x00, 0x0B, 0xFF, 0xC1,
	0x00, 0x3A, 0x00, 0x28, 0xFF, 0xC1, 0x00, 0x3A, 0x00, 0x29, 0xFF, 0xEC,
	0x00, 0x3A, 0x00, 0x2B, 0xFF, 0xEC, 0x00, 0x3A, 0x00, 0x2C, 0xFF, 0xEC,
	0x00, 0x3A, 0x00, 0x2D, 0xFF, 0xEC, 0x00, 0x3A, 0x00, 0x2F, 0xFF, 0xEC,
	0x00, 0x3A, 0x00, 0x37, 0xFF, 0xEC, 0x00, 0x3A, 0x00, 0x39, 0xFF, 0xEC,
	0x00, 0x3A, 0x00, 0x3B, 0xFF, 0xF4, 0x00, 0x3A, 0x00, 0x3D, 0xFF, 0xF8,
	0x00, 0x3A, 0x00, 0x40, 0x00, 0x0A, 0x00, 0x3A, 0x00, 0x41, 0xFF, 0xF8,
	0x00, 0x3A, 0x00, 0x46, 0xFF, 0x7F, 0x00, 0x3A, 0x00, 0x47, 0xFF, 0x7F,
	0x00, 0x3A, 0x00, 0x4B, 0xFF, 0x7F, 0x00, 0x3A, 0x00, 0x4C, 0xFF, 0x7F,
	0x00, 0x3A, 0x00, 0x6E, 0xFF, 0xCF, 0x00, 0x3A, 0x00, 0x70, 0xFF, 0xCF,
	0x00, 0x3A, 0x00, 0x93, 0xFF, 0xBE, 0x00, 0x3B, 0x00, 0x08, 0xFF, 0xD5,
	0x00, 0x3B, 0x00, 0x27, 0xFF, 0xE5, 0x00, 0x3B, 0x00, 0x3E, 0xFF, 0xEC,
	0x00, 0x3B, 0x00, 0x40, 0xFF, 0xF4, 0x00, 0x3C, 0x00, 0x6E, 0xFF, 0xE7,
	0x00, 0x3C, 0x00, 0x70, 0xFF, 0xE7, 0x00, 0x3D, 0x00, 0x08, 0xFF, 0xE3,
	0x00, 0x3D, 0x00, 0x27, 0xFF, 0xE7, 0x00, 0x3E, 0x00, 0x08, 0xFF, 0xBE,
	0x00, 0x3E, 0x00, 0x0A, 0xFF, 0xF0, 0x00, 0x3E, 0x00, 0x0B, 0xFF, 0xC5,
	0x00, 0x3E, 0x00, 0x28, 0xFF, 0xC5, 0x00, 0x3E, 0x00, 0x29, 0xFF, 0xE1,
	0x00, 0x3E, 0x00, 0x2A, 0xFF, 0xF4, 0x00, 0x3E, 0x00, 0x2B, 0xFF, 0xE1,
	0x00, 0x3E, 0x00, 0x2C, 0xFF, 0xE1, 0x00, 0x3E, 0x00, 0x2D, 0xFF, 0xE1,
	0x00, 0x3E, 0x00, 0x2F, 0xFF, 0xE1, 0x00, 0x3E, 0x00, 0x37, 0xFF, 0xE1,
	0x00, 0x3E, 0x00, 0x39, 0xFF, 0xE1, 0x00, 0x3E, 0x00, 0x3B, 0xFF, 0xE7,
	0x00, 0x3E, 0x00, 0x3D, 0xFF, 0xF4, 0x00, 0x3E, 0x00, 0x40, 0x00, 0x0C,
	0x00, 0x3E, 0x00, 0x41, 0xFF, 0xF4, 0x00, 0x3E, 0x00, 0x46, 0xFF, 0xB0,
	0x00, 0x3E, 0x00, 0x47, 0xFF, 0xB0, 0x00, 0x3E, 0x00, 0x48, 0xFF, 0xE5,
	0x00, 0x3E, 0x00, 0x49, 0xFF, 0xE5, 0x00, 0x3E, 0x00, 0x4A, 0xFF, 0xE9,
	0x00, 0x3E, 0x00, 0x4B, 0xFF, 0xB0, 0x00, 0x3E, 0x00, 0x4C, 0xFF, 0xB0,
	0x00, 0x3E, 0x00, 0x4F, 0xFF, 0xF0, 0x00, 0x3E, 0x00, 0x50, 0xFF, 0xF0,
	0x00, 0x3E, 0x00, 0x6E, 0xFF, 0xDF, 0x00, 0x3E, 0x00, 0x70, 0xFF, 0xDF,
	0x00, 0x3E, 0x00, 0x93, 0xFF, 0xC5, 0x00, 0x3F, 0x00, 0x08, 0xFF, 0xC7,
	0x00, 0x3F, 0x00, 0x27, 0xFF, 0xE9, 0x00, 0x3F, 0x00, 0x28, 0xFF, 0xDD,
	0x00, 0x3F, 0x00, 0x93, 0xFF, 0xDB, 0x00, 0x40, 0x00, 0x29, 0xFF, 0xD3,
	0x00, 0x40, 0x00, 0x2B, 0xFF, 0xD3, 0x00, 0x40, 0x00, 0x2C, 0xFF, 0xD3,
	0x00, 0x40, 0x00, 0x2D, 0xFF, 0xD3, 0x00, 0x40, 0x00, 0x2F, 0xFF, 0xD3,
	0x00, 0x40, 0x00, 0x37, 0xFF, 0xD3, 0x00, 0x40, 0x00, 0x39, 0xFF, 0xD3,
	0x00, 0x40, 0x00, 0x3E, 0x00, 0x0C, 0x00, 0x40, 0x00, 0x6E, 0xFF, 0xD1,
	0x00, 0x40, 0x00, 0x70, 0xFF, 0xD1, 0x00, 0x41, 0x00, 0x08, 0xFF, 0xE3,
	0x00, 0x41, 0x00, 0x27, 0xFF, 0xE7, 0x00, 0x41, 0x00, 0x32, 0x00, 0xAE,
	0x00, 0x42, 0x00, 0x0A, 0xFF, 0xE9, 0x00, 0x42, 0x00, 0x29, 0xFF, 0xF0,
	0x00, 0x42, 0x00, 0x2A, 0xFF, 0xF8, 0x00, 0x42, 0x00, 0x2B, 0xFF, 0xF0,
	0x00, 0x42, 0x00, 0x2C, 0xFF, 0xF0, 0x00, 0x42, 0x00, 0x2D, 0xFF, 0xF0,
	0x00, 0x42, 0x00, 0x2F, 0xFF, 0xF0, 0x00, 0x42, 0x00, 0x37, 0xFF, 0xF0,
	0x00, 0x42, 0x00, 0x39, 0xFF, 0xF0, 0x00, 0x42, 0x00, 0x3D, 0xFF, 0xF8,
	0x00, 0x42, 0x00, 0x3E, 0xFF, 0xF6, 0x00, 0x42, 0x00, 0x41, 0xFF, 0xF8,
	0x00, 0x42, 0x00, 0x4F, 0xFF, 0xE9, 0x00, 0x42, 0x00, 0x50, 0xFF, 0xE9,
	0x00, 0x42, 0x00, 0x6E, 0xFF, 0xDF, 0x00, 0x42, 0x00, 0x70, 0xFF, 0xDF,
	0x00, 0x43, 0x00, 0x32, 0x00, 0xE1, 0x00, 0x46, 0x00, 0x05, 0xFF, 0x0A,
	0x00, 0x46, 0x00, 0x06, 0xFF, 0x0A, 0x00, 0x46, 0x00, 0x0E, 0xFF, 0xE3,
	0x00, 0x46, 0x00, 0x12, 0xFF, 0xE3, 0x00, 0x46, 0x00, 0x1A, 0xFF, 0xE3,
	0x00, 0x46, 0x00, 0x1C, 0xFF, 0xE3, 0x00, 0x46, 0x00, 0x1F, 0xFF, 0x87,
	0x00, 0x46, 0x00, 0x20, 0xFF, 0xE1, 0x00, 0x46, 0x00, 0x21, 0xFF, 0xA6,
	0x00, 0x46, 0x00, 0x24, 0xFF, 0x85, 0x00, 0x46, 0x00, 0x2A, 0xFF, 0xF0,
	0x00, 0x46, 0x00, 0x3C, 0xFF, 0xD7, 0x00, 0x46, 0x00, 0x3E, 0xFF, 0xB0,
	0x00, 0x46, 0x00, 0x51, 0xFF, 0x04, 0x00, 0x46, 0x00, 0x52, 0xFE, 0xF6,
	0x00, 0x46, 0x00, 0x53, 0xFF, 0x04, 0x00, 0x46, 0x00, 0x54, 0xFF, 0x04,
	0x00, 0x46, 0x00, 0xD6, 0xFF, 0xEC, 0x00, 0x46, 0x00, 0xDC, 0xFF, 0xD7,
	0x00, 0x46, 0x00, 0xDE, 0xFF, 0xAE, 0x00, 0x47, 0x00, 0x05, 0xFF, 0x0A,
	0x00, 0x47, 0x00, 0x06, 0xFF, 0x0A, 0x00, 0x47, 0x00, 0x0E, 0xFF, 0xE3,
	0x00, 0x47, 0x00, 0x12, 0xFF, 0xE3, 0x00, 0x47, 0x00, 0x1A, 0xFF, 0xE3,
	0x00, 0x47, 0x00, 0x1C, 0xFF, 0xE3, 0x00, 0x47, 0x00, 0x1F, 0xFF, 0x87,
	0x00, 0x47, 0x00, 0x20, 0xFF, 0xE1, 0x00, 0x47, 0x00, 0x21, 0xFF, 0xA6,
	0x00, 0x47, 0x00, 0x24, 0xFF, 0x85, 0x00, 0x47, 0x00, 0x2A, 0xFF, 0xF0,
	0x00, 0x47, 0x00, 0x32, 0x00, 0xC5, 0x00, 0x47, 0x00, 0x3C, 0xFF, 0xD7,
	0x00, 0x47, 0x00, 0x3E, 0xFF, 0xB0, 0x00, 0x47, 0x00, 0x51, 0xFF, 0x04,
	0x00, 0x47, 0x00, 0x52, 0xFE, 0xF6, 0x00, 0x47, 0x00, 0x53, 0xFF, 0x04,
	0x00, 0x47, 0x00, 0x54, 0xFF, 0x04, 0x00, 0x47, 0x00, 0xD6, 0xFF, 0xEC,
	0x00, 0x47, 0x00, 0xDC, 0xFF, 0xD7, 0x00, 0x47, 0x00, 0xDE, 0xFF, 0xAE,
	0x00, 0x48, 0x00, 0x1F, 0xFF, 0x85, 0x00, 0x48, 0x00, 0x21, 0xFF, 0xD3,
	0x00, 0x48, 0x00, 0x3E, 0xFF, 0xE5, 0x00, 0x48, 0x00, 0x51, 0xFF, 0xF0,
	0x00, 0x48, 0x00, 0x52, 0xFF, 0xF0, 0x00, 0x49, 0x00, 0x1F, 0xFF, 0x85,
	0x00, 0x49, 0x00, 0x21, 0xFF, 0xD3, 0x00, 0x49, 0x00, 0x32, 0x00, 0xB6,
	0x00, 0x49, 0x00, 0x3E, 0xFF, 0xE5, 0x00, 0x49, 0x00, 0x51, 0xFF, 0xF0,
	0x00, 0x49, 0x00, 0x52, 0xFF, 0xF0, 0x00, 0x4A, 0x00, 0x1F, 0xFF, 0xB0,
	0x00, 0x4A, 0x00, 0x21, 0xFF, 0xE1, 0x00, 0x4A, 0x00, 0x23, 0xFF, 0xEC,
	0x00, 0x4A, 0x00, 0x25, 0xFF, 0xEC, 0x00, 0x4A, 0x00, 0x3E, 0xFF, 0xEC,
	0x00, 0x4A, 0x00, 0x51, 0xFF, 0xE5, 0x00, 0x4A, 0x00, 0x52, 0xFF, 0xE5,
	0x00, 0x4B, 0x00, 0x05, 0xFF, 0x0A, 0x00, 0x4B, 0x00, 0x06, 0xFF, 0x0A,
	0x00, 0x4B, 0x00, 0x0E, 0xFF, 0xE3, 0x00, 0x4B, 0x00, 0x12, 0xFF, 0xE3,
	0x00, 0x4B, 0x00, 0x1A, 0xFF, 0xE3, 0x00, 0x4B, 0x00, 0x1C, 0xFF, 0xE3,
	0x00, 0x4B, 0x00, 0x1F, 0xFF, 0x87, 0x00, 0x4B, 0x00, 0x20, 0xFF, 0xE1,
	0x00, 0x4B, 0x00, 0x21, 0xFF, 0xA6, 0x00, 0x4B, 0x00, 0x24, 0xFF, 0x85,
	0x00, 0x4B, 0x00, 0x2A, 0xFF, 0xF0, 0x00, 0x4B, 0x00, 0x32, 0x00, 0xC5,
	0x00, 0x4B, 0x00, 0x3C, 0xFF, 0xD7, 0x00, 0x4B, 0x00, 0x3E, 0xFF, 0xB0,
	0x00, 0x4B, 0x00, 0x51, 0xFF, 0x04, 0x00, 0x4B, 0x00, 0x52, 0xFE, 0xF6,
	0x00, 0x4B, 0x00, 0x53, 0xFF, 0x04, 0x00, 0x4B, 0x00, 0x54, 0xFF, 0x04,
	0x00, 0x4B, 0x00, 0xD6, 0xFF, 0xEC, 0x00, 0x4B, 0x00, 0xDC, 0xFF, 0xD7,
	0x00, 0x4B, 0x00, 0xDE, 0xFF, 0xAE, 0x00, 0x4C, 0x00, 0x05, 0xFF, 0x0A,
	0x00, 0x4C, 0x00, 0x06, 0xFF, 0x0A, 0x00, 0x4C, 0x00, 0x0E, 0xFF, 0xE3,
	0x00, 0x4C, 0x00, 0x12, 0xFF, 0xE3, 0x00, 0x4C, 0x00, 0x1A, 0xFF, 0xE3,
	0x00, 0x4C, 0x00, 0x1C, 0xFF, 0xE3, 0x00, 0x4C, 0x00, 0x1F, 0xFF, 0x87,
	0x00, 0x4C, 0x00, 0x20, 0xFF, 0xE1, 0x00, 0x4C, 0x00, 0x21, 0xFF, 0xA6,
	0x00, 0x4C, 0x00, 0x24, 0xFF, 0x85, 0x00, 0x4C, 0x00, 0x2A, 0xFF, 0xF0,
	0x00, 0x4C, 0x00, 0x32, 0x00, 0xC5, 0x00, 0x4C, 0x00, 0x3C, 0xFF, 0xD7,
	0x00, 0x4C, 0x00, 0x3E, 0xFF, 0xB0, 0x00, 0x4C, 0x00, 0x51, 0xFF, 0x04,
	0x00, 0x4C, 0x00, 0x52, 0xFE, 0xF6, 0x00, 0x4C, 0x00, 0x53, 0xFF, 0x04,
	0x00, 0x4C, 0x00, 0x54, 0xFF, 0x04, 0x00, 0x4C, 0x00, 0xD6, 0xFF, 0xEC,
	0x00, 0x4C, 0x00, 0xDC, 0xFF, 0xD7, 0x00, 0x4C, 0x00, 0xDE, 0xFF, 0xAE,
	0x00, 0x4D, 0x00, 0x34, 0xFF, 0xBC, 0x00, 0x4D, 0x00, 0xD6, 0xFF, 0xDF,
	0x00, 0x4D, 0x00, 0xD8, 0xFF, 0xCF, 0x00, 0x4D, 0x00, 0xDC, 0xFF, 0xBE,
	0x00, 0x4F, 0x00, 0x15, 0xFF, 0x87, 0x00, 0x4F, 0x00, 0x1F, 0xFF, 0x83,
	0x00, 0x4F, 0x00, 0x21, 0xFF, 0xE7, 0x00, 0x4F, 0x00, 0x23, 0xFF, 0xBA,
	0x00, 0x4F, 0x00, 0x25, 0xFF, 0xC1, 0x00, 0x4F, 0x00, 0x3E, 0xFF, 0xF0,
	0x00, 0x4F, 0x00, 0xD6, 0xFF, 0xE5, 0x00, 0x4F, 0x00, 0xD8, 0xFF, 0xD3,
	0x00, 0x4F, 0x00, 0xDC, 0xFF, 0xC7, 0x00, 0x50, 0x00, 0x15, 0xFF, 0x87,
	0x00, 0x50, 0x00, 0x1F, 0xFF, 0x83, 0x00, 0x50, 0x00, 0x21, 0xFF, 0xE7,
	0x00, 0x50, 0x00, 0x23, 0xFF, 0xBA, 0x00, 0x50, 0x00, 0x25, 0xFF, 0xC1,
	0x00, 0x50, 0x00, 0x3E, 0xFF, 0xF0, 0x00, 0x50, 0x00, 0xD6, 0xFF, 0xE5,
	0x00, 0x50, 0x00, 0xD8, 0xFF, 0xD3, 0x00, 0x50, 0x00, 0xDC, 0xFF, 0xC7,
	0x00, 0x51, 0x00, 0x0B, 0xFF, 0x9E, 0x00, 0x51, 0x00, 0x15, 0xFF, 0x8D,
	0x00, 0x51, 0x00, 0x29, 0xFF, 0xDF, 0x00, 0x51, 0x00, 0x2B, 0xFF, 0xDF,
	0x00, 0x51, 0x00, 0x2C, 0xFF, 0xDF, 0x00, 0x51, 0x00, 0x2D, 0xFF, 0xDF,
	0x00, 0x51, 0x00, 0x2F, 0xFF, 0xDF, 0x00, 0x51, 0x00, 0x37, 0xFF, 0xDF,
	0x00, 0x51, 0x00, 0x39, 0xFF, 0xDF, 0x00, 0x51, 0x00, 0x46, 0xFF, 0x04,
	0x00, 0x51, 0x00, 0x47, 0xFF, 0x04, 0x00, 0x51, 0x00, 0x4A, 0xFF, 0xE3,
	0x00, 0x51, 0x00, 0x4B, 0xFF, 0x04, 0x00, 0x51, 0x00, 0x4C, 0xFF, 0x04,
	0x00, 0x51, 0x00, 0x6E, 0xFF, 0xBE, 0x00, 0x51, 0x00, 0x70, 0xFF, 0xBE,
	0x00, 0x52, 0x00, 0x0B, 0xFF, 0x9E, 0x00, 0x52, 0x00, 0x15, 0xFF, 0x8D,
	0x00, 0x52, 0x00, 0x29, 0xFF, 0xDF, 0x00, 0x52, 0x00, 0x2B, 0xFF, 0xDF,
	0x00, 0x52, 0x00, 0x2C, 0xFF, 0xDF, 0x00, 0x52, 0x00, 0x2D, 0xFF, 0xDF,
	0x00, 0x52, 0x00, 0x2F, 0xFF, 0xDF, 0x00, 0x52, 0x00, 0x37, 0xFF, 0xDF,
	0x00, 0x52, 0x00, 0x39, 0xFF, 0xDF, 0x00, 0x52, 0x00, 0x46, 0xFF, 0x04,
	0x00, 0x52, 0x00, 0x47, 0xFF, 0x04, 0x00, 0x52, 0x00, 0x4A, 0xFF, 0xE3,
	0x00, 0x52, 0x00, 0x4B, 0xFF, 0x04, 0x00, 0x52, 0x00, 0x4C, 0xFF, 0x04,
	0x00, 0x52, 0x00, 0x6E, 0xFF, 0xBE, 0x00, 0x52, 0x00, 0x70, 0xFF, 0xBE,
	0x00, 0x53, 0x00, 0x15, 0xFF, 0x8D, 0x00, 0x53, 0x00, 0x46, 0xFF, 0x06,
	0x00, 0x53, 0x00, 0x47, 0xFF, 0x06, 0x00, 0x53, 0x00, 0x4B, 0xFF, 0x06,
	0x00, 0x53, 0x00, 0x4C, 0xFF, 0x06, 0x00, 0x54, 0x00, 0x15, 0xFF, 0x8D,
	0x00, 0x54, 0x00, 0x46, 0xFF, 0x06, 0x00, 0x54, 0x00, 0x47, 0xFF, 0x06,
	0x00, 0x54, 0x00, 0x4B, 0xFF, 0x06, 0x00, 0x54, 0x00, 0x4C, 0xFF, 0x06,
	0x00, 0x55, 0x00, 0xD5, 0xFF, 0xEC, 0x00, 0x55, 0x00, 0xDB, 0xFF, 0xD5,
	0x00, 0x55, 0x00, 0xDC, 0x00, 0x1D, 0x00, 0x55, 0x00, 0xDD, 0xFF, 0xEC,
	0x00, 0x6A, 0x00, 0x15, 0xFF, 0x91, 0x00, 0x6A, 0x00, 0x1E, 0x00, 0x0A,
	0x00, 0x6A, 0x00, 0x1F, 0x00, 0x25, 0x00, 0x6A, 0x00, 0x21, 0x00, 0x31,
	0x00, 0x6A, 0x00, 0x23, 0x00, 0x27, 0x00, 0x6A, 0x00, 0x29, 0xFF, 0xEE,
	0x00, 0x6A, 0x00, 0x2B, 0xFF, 0xEE, 0x00, 0x6A, 0x00, 0x2C, 0xFF, 0xEE,
	0x00, 0x6A, 0x00, 0x2D, 0xFF, 0xEE, 0x00, 0x6A, 0x00, 0x2F, 0xFF, 0xEE,
	0x00, 0x6A, 0x00, 0x31, 0x00, 0x10, 0x00, 0x6A, 0x00, 0x37, 0xFF, 0xEE,
	0x00, 0x6A, 0x00, 0x39, 0xFF, 0xEE, 0x00, 0x6E, 0x00, 0x1F, 0xFF, 0xBE,
	0x00, 0x6E, 0x00, 0x21, 0xFF, 0xEC, 0x00, 0x6F, 0x00, 0x05, 0xFF, 0xC7,
	0x00, 0x6F, 0x00, 0x06, 0xFF, 0xC7, 0x00, 0x6F, 0x00, 0x1E, 0xFF, 0xEC,
	0x00, 0x6F, 0x00, 0x1F, 0xFF, 0x91, 0x00, 0x6F, 0x00, 0x21, 0xFF, 0xCD,
	0x00, 0x6F, 0x00, 0x23, 0xFF, 0xD1, 0x00, 0x6F, 0x00, 0x24, 0xFF, 0xD9,
	0x00, 0x6F, 0x00, 0x25, 0xFF, 0xD5, 0x00, 0x6F, 0x00, 0x3E, 0xFF, 0xDF,
	0x00, 0x6F, 0x00, 0x40, 0xFF, 0xD1, 0x00, 0x6F, 0x00, 0x42, 0xFF, 0xDB,
	0x00, 0x6F, 0x00, 0x51, 0xFF, 0xBA, 0x00, 0x6F, 0x00, 0x52, 0xFF, 0xBA,
	0x00, 0x70, 0x00, 0x1F, 0xFF, 0xBE, 0x00, 0x70, 0x00, 0x21, 0xFF, 0xEC,
	0x00, 0x71, 0x00, 0x05, 0xFF, 0xC7, 0x00, 0x71, 0x00, 0x06, 0xFF, 0xC7,
	0x00, 0x71, 0x00, 0x1E, 0xFF, 0xEC, 0x00, 0x71, 0x00, 0x1F, 0xFF, 0x91,
	0x00, 0x71, 0x00, 0x21, 0xFF, 0xCD, 0x00, 0x71, 0x00, 0x23, 0xFF, 0xD1,
	0x00, 0x71, 0x00, 0x24, 0xFF, 0xD9, 0x00, 0x71, 0x00, 0x25, 0xFF, 0xD5,
	0x00, 0x71, 0x00, 0x3E, 0xFF, 0xDF, 0x00, 0x71, 0x00, 0x40, 0xFF, 0xD1,
	0x00, 0x71, 0x00, 0x42, 0xFF, 0xDB, 0x00, 0x71, 0x00, 0x51, 0xFF, 0xBA,
	0x00, 0x71, 0x00, 0x52, 0xFF, 0xBA, 0x00, 0x7A, 0x00, 0x15, 0xFF, 0x91,
	0x00, 0x7A, 0x00, 0x21, 0x00, 0x12, 0x00, 0x7A, 0x00, 0x23, 0x00, 0x19,
	0x00, 0x7B, 0x00, 0x15, 0xFF, 0x8F, 0x00, 0x86, 0x00, 0x05, 0xFF, 0xB4,
	0x00, 0x86, 0x00, 0x06, 0xFF, 0xB4, 0x00, 0x86, 0x00, 0x08, 0xFF, 0xDB,
	0x00, 0x86, 0x00, 0x27, 0xFF, 0xC1, 0x00, 0x86, 0x00, 0x2E, 0xFF, 0xE3,
	0x00, 0x86, 0x00, 0x3C, 0xFF, 0xDF, 0x00, 0x86, 0x00, 0x3E, 0xFF, 0xB4,
	0x00, 0x86, 0x00, 0x40, 0xFF, 0xE7, 0x00, 0x86, 0x00, 0x42, 0xFF, 0xE5,
	0x00, 0x86, 0x00, 0x51, 0xFF, 0xB4, 0x00, 0x86, 0x00, 0x52, 0xFF, 0xB4,
	0x00, 0x86, 0x00, 0x53, 0xFF, 0xB6, 0x00, 0x86, 0x00, 0x54, 0xFF, 0xB6,
	0x00, 0x86, 0x00, 0x6A, 0xFF, 0xC3, 0x00, 0x86, 0x00, 0x7A, 0xFF, 0xB0,
	0x00, 0x86, 0x00, 0x7B, 0xFF, 0xC1, 0x00, 0x86, 0x00, 0x86, 0xFF, 0xE3,
	0x00, 0x86, 0x00, 0x95, 0xFF, 0xD7, 0x00, 0x8A, 0x00, 0x0E, 0xFF, 0xD3,
	0x00, 0x8A, 0x00, 0x12, 0xFF, 0xD3, 0x00, 0x8A, 0x00, 0x15, 0x00, 0x0A,
	0x00, 0x8A, 0x00, 0x1A, 0xFF, 0xD3, 0x00, 0x8A, 0x00, 0x1C, 0xFF, 0xD3,
	0x00, 0x8A, 0x00, 0x1F, 0xFF, 0xC7, 0x00, 0x8A, 0x00, 0x20, 0xFF, 0xD1,
	0x00, 0x8A, 0x00, 0x21, 0xFF, 0xC9, 0x00, 0x8A, 0x00, 0x22, 0xFF, 0xDB,
	0x00, 0x8A, 0x00, 0x24, 0xFF, 0xD1, 0x00, 0x8A, 0x00, 0x29, 0xFF, 0xD3,
	0x00, 0x8A, 0x00, 0x2A, 0xFF, 0xD5, 0x00, 0x8A, 0x00, 0x2B, 0xFF, 0xD3,
	0x00, 0x8A, 0x00, 0x2C, 0xFF, 0xD3, 0x00, 0x8A, 0x00, 0x2D, 0xFF, 0xD3,
	0x00, 0x8A, 0x00, 0x2F, 0xFF, 0xD3, 0x00, 0x8A, 0x00, 0x32, 0x01, 0x19,
	0x00, 0x8A, 0x00, 0x37, 0xFF, 0xD3, 0x00, 0x8A, 0x00, 0x39, 0xFF, 0xD3,
	0x00, 0x8A, 0x00, 0x3C, 0xFF, 0xD5, 0x00, 0x8A, 0x00, 0x3D, 0xFF, 0xD7,
	0x00, 0x8A, 0x00, 0x3E, 0xFF, 0xCF, 0x00, 0x8A, 0x00, 0x3F, 0xFF, 0xDB,
	0x00, 0x8A, 0x00, 0x41, 0xFF, 0xD9, 0x00, 0x8B, 0x00, 0x32, 0x00, 0xF6,
	0x00, 0x92, 0x00, 0x0E, 0xFF, 0xCB, 0x00, 0x92, 0x00, 0x12, 0xFF, 0xCB,
	0x00, 0x92, 0x00, 0x1A, 0xFF, 0xCB, 0x00, 0x92, 0x00, 0x1C, 0xFF, 0xCB,
	0x00, 0x92, 0x00, 0x29, 0xFF, 0xD3, 0x00, 0x92, 0x00, 0x2B, 0xFF, 0xD3,
	0x00, 0x92, 0x00, 0x2C, 0xFF, 0xD3, 0x00, 0x92, 0x00, 0x2D, 0xFF, 0xD3,
	0x00, 0x92, 0x00, 0x2E, 0xFF, 0xEC, 0x00, 0x92, 0x00, 0x2F, 0xFF, 0xD3,
	0x00, 0x92, 0x00, 0x32, 0x01, 0x14, 0x00, 0x92, 0x00, 0x37, 0xFF, 0xD3,
	0x00, 0x92, 0x00, 0x39, 0xFF, 0xD3, 0x00, 0x92, 0x00, 0x3D, 0xFF, 0xD7,
	0x00, 0x92, 0x00, 0x3E, 0xFF, 0xC5, 0x00, 0x92, 0x00, 0x3F, 0xFF, 0xDB,
	0x00, 0x92, 0x00, 0x41, 0xFF, 0xD7, 0x00, 0x92, 0x00, 0x86, 0xFF, 0xEC,
	0x00, 0x92, 0x00, 0x92, 0xFF, 0xCF, 0x00, 0x92, 0x00, 0xD5, 0xFF, 0xD9,
	0x00, 0x92, 0x00, 0xD9, 0xFF, 0xE7, 0x00, 0x92, 0x00, 0xDB, 0xFF, 0xD7,
	0x00, 0x92, 0x00, 0xDD, 0xFF, 0xE9, 0x00, 0x92, 0x00, 0xDE, 0xFF, 0xD7,
	0x00, 0x93, 0x00, 0x08, 0xFF, 0xCB, 0x00, 0x93, 0x00, 0x28, 0xFF, 0xD1,
	0x00, 0x93, 0x00, 0x93, 0xFF, 0xCF, 0x00, 0xD5, 0x00, 0x08, 0xFF, 0xCB,
	0x00, 0xD5, 0x00, 0x28, 0xFF, 0xDB, 0x00, 0xD5, 0x00, 0x55, 0xFF, 0xEC,
	0x00, 0xD5, 0x00, 0x93, 0xFF, 0xD9, 0x00, 0xD8, 0x00, 0x08, 0xFF, 0xD1,
	0x00, 0xD8, 0x00, 0x28, 0xFF, 0xE9, 0x00, 0xD8, 0x00, 0x93, 0xFF, 0xE9,
	0x00, 0xD9, 0x00, 0x08, 0xFF, 0xD5, 0x00, 0xD9, 0x00, 0x1F, 0xFF, 0xE3,
	0x00, 0xD9, 0x00, 0x21, 0xFF, 0xEC, 0x00, 0xD9, 0x00, 0x27, 0xFF, 0xE7,
	0x00, 0xD9, 0x00, 0x28, 0xFF, 0xE3, 0x00, 0xD9, 0x00, 0x93, 0xFF, 0xE3,
	0x00, 0xDA, 0x00, 0x08, 0xFF, 0xEC, 0x00, 0xDB, 0x00, 0x05, 0xFF, 0xD9,
	0x00, 0xDB, 0x00, 0x06, 0xFF, 0xD9, 0x00, 0xDB, 0x00, 0x08, 0xFF, 0xC9,
	0x00, 0xDB, 0x00, 0x1F, 0xFF, 0xB4, 0x00, 0xDB, 0x00, 0x21, 0xFF, 0xDD,
	0x00, 0xDB, 0x00, 0x25, 0xFF, 0xE7, 0x00, 0xDB, 0x00, 0x27, 0xFF, 0xCF,
	0x00, 0xDB, 0x00, 0x28, 0xFF, 0xD7, 0x00, 0xDB, 0x00, 0x64, 0xFF, 0xEC,
	0x00, 0xDB, 0x00, 0x93, 0xFF, 0xD5, 0x00, 0xDB, 0x00, 0xD6, 0xFF, 0xEC,
	0x00, 0xDB, 0x00, 0xDC, 0xFF, 0xC7, 0x00, 0xDC, 0x00, 0x09, 0xFF, 0xEC,
	0x00, 0xDC, 0x00, 0x0A, 0xFF, 0xE1, 0x00, 0xDC, 0x00, 0x0B, 0xFF, 0xB6,
	0x00, 0xDC, 0x00, 0x0C, 0xFF, 0xEC, 0x00, 0xDC, 0x00, 0x15, 0xFF, 0xB8,
	0x00, 0xDC, 0x00, 0x1F, 0x00, 0x29, 0x00, 0xDC, 0x00, 0x21, 0x00, 0x39,
	0x00, 0xDC, 0x00, 0x23, 0x00, 0x3B, 0x00, 0xDC, 0x00, 0x25, 0x00, 0x0E,
	0x00, 0xDC, 0x00, 0x46, 0xFF, 0x9E, 0x00, 0xDC, 0x00, 0x47, 0xFF, 0x9E,
	0x00, 0xDC, 0x00, 0x4B, 0xFF, 0x9E, 0x00, 0xDC, 0x00, 0x4C, 0xFF, 0x9E,
	0x00, 0xDC, 0x00, 0x4D, 0xFF, 0xDB, 0x00, 0xDC, 0x00, 0x4F, 0xFF, 0xE1,
	0x00, 0xDC, 0x00, 0x50, 0xFF, 0xE1, 0x00, 0xDC, 0x00, 0x55, 0xFF, 0xAA,
	0x00, 0xDC, 0x00, 0x91, 0xFF, 0xD5, 0x00, 0xDC, 0x00, 0xDB, 0xFF, 0xEC,
	0x00, 0xDC, 0x00, 0xDC, 0x00, 0x0C, 0x00, 0xDD, 0x00, 0x08, 0xFF, 0xD3,
	0x00, 0xDD, 0x00, 0x1F, 0xFF, 0xEC, 0x00, 0xDD, 0x00, 0x28, 0xFF, 0xE9,
	0x00, 0xDD, 0x00, 0x93, 0xFF, 0xE9, 0x00, 0xDE, 0x00, 0x08, 0xFF, 0xC7,
	0x00, 0xDE, 0x00, 0x0B, 0xFF, 0xE1, 0x00, 0xDE, 0x00, 0x15, 0xFF, 0xE5,
	0x00, 0xDE, 0x00, 0x28, 0xFF, 0xD7, 0x00, 0xDE, 0x00, 0x46, 0xFF, 0xD5,
	0x00, 0xDE, 0x00, 0x47, 0xFF, 0xD5, 0x00, 0xDE, 0x00, 0x4B, 0xFF, 0xD5,
	0x00, 0xDE, 0x00, 0x4C, 0xFF, 0xD5, 0x00, 0xDE, 0x00, 0x55, 0xFF, 0xD5,
	0x00, 0xDE, 0x00, 0x93, 0xFF, 0xD7, 0x00, 0xE4, 0x00, 0xDC, 0xFF, 0xC3,
	0x00, 0xE4, 0x00, 0xDE, 0xFF, 0xDF, 0x01, 0x4B, 0x00, 0x0A, 0xFF, 0xF0,
	0x01, 0x4B, 0x00, 0x29, 0xFF, 0xDF, 0x01, 0x4B, 0x00, 0x2B, 0xFF, 0xDF,
	0x01, 0x4B, 0x00, 0x2C, 0xFF, 0xDF, 0x01, 0x4B, 0x00, 0x2D, 0xFF, 0xDF,
	0x01, 0x4B, 0x00, 0x2F, 0xFF, 0xDF, 0x01, 0x4B, 0x00, 0x37, 0xFF, 0xDF,
	0x01, 0x4B, 0x00, 0x39, 0xFF, 0xDF, 0x01, 0x4B, 0x00, 0x40, 0x00, 0x0C,
	0x01, 0x4B, 0x00, 0x4F, 0xFF, 0xF0, 0x01, 0x4B, 0x00, 0x50, 0xFF, 0xF0,
	0x01, 0x4B, 0x00, 0x6E, 0xFF, 0xD9, 0x01, 0x4B, 0x00, 0x70, 0xFF, 0xD9,
	0x01, 0x72, 0x00, 0x08, 0xFF, 0xC7, 0x00, 0x00, 0x00, 0x00, 0x00, 0x08,
	0x00, 0x66, 0x00, 0x03, 0x00, 0x01, 0x04, 0x09, 0x00, 0x00, 0x00, 0xFE,
	0x00, 0x00, 0x00, 0x03, 0x00, 0x01, 0x04, 0x09, 0x00, 0x01, 0x00, 0x12,
	0x00, 0xFE, 0x00, 0x03, 0x00, 0x01, 0x04, 0x09, 0x00, 0x02, 0x00, 0x0E,
	0x01, 0x10, 0x00, 0x03, 0x00, 0x01, 0x04, 0x09, 0x00, 0x03, 0x00, 0x44,
	0x01, 0x1E, 0x00, 0x03, 0x00, 0x01, 0x04, 0x09, 0x00, 0x04, 0x00, 0x12,
	0x00, 0xFE, 0x00, 0x03, 0x00, 0x01, 0x04, 0x09, 0x00, 0x05, 0x00, 0x1A,
	0x01, 0x62, 0x00, 0x03, 0x00, 0x01, 0x04, 0x09, 0x00, 0x06, 0x00, 0x22,
	0x01, 0x7C, 0x00, 0x03, 0x00, 0x01, 0x04, 0x09, 0x00, 0x0E, 0x00, 0x34,
	0x01, 0x9E, 0x00, 0x43, 0x00, 0x6F, 0x00, 0x70, 0x00, 0x79, 0x00, 0x72,
	0x00, 0x69, 0x00, 0x67, 0x00, 0x68, 0x00, 0x74, 0x00, 0x20, 0x00, 0x28,
	0x00, 0x63, 0x00, 0x29, 0x00, 0x20, 0x00, 0x32, 0x00, 0x30, 0x00, 0x31,
	0x00, 0x31, 0x00, 0x20, 0x00, 0x62, 0x00, 0x79, 0x00, 0x20, 0x00, 0x42,
	0x00, 0x72, 0x00, 0x69, 0x00, 0x61, 0x00, 0x6E, 0x00, 0x20, 0x00, 0x4A,
	0x00, 0x2E, 0x00, 0x20, 0x00, 0x42, 0x00, 0x6F, 0x00, 0x6E, 0x00, 0x69,
	0x00, 0x73, 0x00, 0x6C, 0x00, 0x61, 0x00, 0x77, 0x00, 0x73, 0x00, 0x6B,
	0x00, 0x79, 0x00, 0x20, 0x00, 0x44, 0x00, 0x42, 0x00, 0x41, 0x00, 0x20,
	0x00, 0x41, 0x00, 0x73, 0x00, 0x74, 0x00, 0x69, 0x00, 0x67, 0x00, 0x6D,
	0x00, 0x61, 0x00, 0x74, 0x00, 0x69, 0x00, 0x63, 0x00, 0x20, 0x00, 0x28,
	0x00, 0x41, 0x00, 0x4F, 0x00, 0x45, 0x00, 0x54, 0x00, 0x49, 0x00, 0x29,
	0x00, 0x20, 0x00, 0x28, 0x00, 0x61, 0x00, 0x73, 0x00, 0x74, 0x00, 0x69,
	0x00, 0x67, 0x00, 0x6D, 0x00, 0x61, 0x00, 0x40, 0x00, 0x61, 0x00, 0x73,
	0x00, 0x74, 0x00, 0x69, 0x00, 0x67, 0x00, 0x6D, 0x00, 0x61, 0x00, 0x74,
	0x00, 0x69, 0x00, 0x63, 0x00, 0x2E, 0x00, 0x63, 0x00, 0x6F, 0x00, 0x6D,
	0x00, 0x29, 0x00, 0x2C, 0x00, 0x20, 0x00, 0x77, 0x00, 0x69, 0x00, 0x74,
	0x00, 0x68, 0x00, 0x20, 0x00, 0x52, 0x00, 0x65, 0x00, 0x73, 0x00, 0x65,
	0x00, 0x72, 0x00, 0x76, 0x00, 0x65, 0x00, 0x64, 0x00, 0x0D, 0x00, 0x46,
	0x00, 0x6F, 0x00, 0x6E, 0x00, 0x74, 0x00, 0x20, 0x00, 0x4E, 0x00, 0x61,
	0x00, 0x6D, 0x00, 0x65, 0x00, 0x20, 0x00, 0x22, 0x00, 0x52, 0x00, 0x69,
	0x00, 0x67, 0x00, 0x68, 0x00, 0x74, 0x00, 0x65, 0x00, 0x6F, 0x00, 0x75,
	0x00, 0x73, 0x00, 0x22, 0x00, 0x52, 0x00, 0x69, 0x00, 0x67, 0x00, 0x68,
	0x00, 0x74, 0x00, 0x65, 0x00, 0x6F, 0x00, 0x75, 0x00, 0x73, 0x00, 0x52,
	0x00, 0x65, 0x00, 0x67, 0x00, 0x75, 0x00, 0x6C, 0x00, 0x61, 0x00, 0x72,
	0x00, 0x41, 0x00, 0x73, 0x00, 0x74, 0x00, 0x69, 0x00, 0x67, 0x00, 0x6D,
	0x00, 0x61, 0x00, 0x74, 0x00, 0x69, 0x00, 0x63, 0x00, 0x28, 0x00, 0x41,
	0x00, 0x4F, 0x00, 0x45, 0x00, 0x54, 0x00, 0x49, 0x00, 0x29, 0x00, 0x3A,
	0x00, 0x20, 0x00, 0x52, 0x00, 0x69, 0x00, 0x67, 0x00, 0x68, 0x00, 0x74,
	0x00, 0x65, 0x00, 0x6F, 0x00, 0x75, 0x00, 0x73, 0x00, 0x3A, 0x00, 0x20,
	0x00, 0x32, 0x00, 0x30, 0x00, 0x31, 0x00, 0x31, 0x00, 0x56, 0x00, 0x65,
	0x00, 0x72, 0x00, 0x73, 0x00, 0x69, 0x00, 0x6F, 0x00, 0x6E, 0x00, 0x20,
	0x00, 0x31, 0x00, 0x2E, 0x00, 0x30, 0x00, 0x30, 0x00, 0x30, 0x00, 0x52,
	0x00, 0x69, 0x00, 0x67, 0x00, 0x68, 0x00, 0x74, 0x00, 0x65, 0x00, 0x6F,
	0x00, 0x75, 0x00, 0x73, 0x00, 0x2D, 0x00, 0x52, 0x00, 0x65, 0x00, 0x67,
	0x00, 0x75, 0x00, 0x6C, 0x00, 0x61, 0x00, 0x72, 0x00, 0x68, 0x00, 0x74,
	0x00, 0x74, 0x00, 0x70, 0x00, 0x3A, 0x00, 0x2F, 0x00, 0x2F, 0x00, 0x73,
	0x00, 0x63, 0x00, 0x72, 0x00, 0x69, 0x00, 0x70, 0x00, 0x74, 0x00, 0x73,
	0x00, 0x2E, 0x00, 0x73, 0x00, 0x69, 0x00, 0x6C, 0x00, 0x2E, 0x00, 0x6F,
	0x00, 0x72, 0x00, 0x67, 0x00, 0x2F, 0x00, 0x4F, 0x00, 0x46, 0x00, 0x4C,
	0x00, 0x02, 0x00, 0x00, 0x00, 0x00, 0x00, 0x00, 0xFF, 0x04, 0x00, 0x29,
	0x00, 0x00, 0x00, 0x00, 0x00, 0x00, 0x00, 0x00, 0x00, 0x00, 0x00, 0x00,
	0x00, 0x00, 0x00, 0x00, 0x00, 0x00, 0x00, 0x00, 0x01, 0x74, 0x00, 0x00,
	0x00, 0x01, 0x00, 0x02, 0x00, 0x03, 0x00, 0xEF, 0x00, 0x05, 0x00, 0x0A,
	0x00, 0x0B, 0x00, 0x0C, 0x00, 0x0E, 0x00, 0x10, 0x00, 0x12, 0x00, 0x24,
	0x00, 0x25, 0x00, 0x26, 0x00, 0x27, 0x00, 0x28, 0x00, 0x29, 0x00, 0x2A,
	0x00, 0x2B, 0x00, 0x2C, 0x00, 0x2D, 0x00, 0x2E, 0x00, 0x2F, 0x00, 0x30,
	0x00, 0x31, 0x00, 0x32, 0x00, 0x33, 0x00, 0x34, 0x00, 0x35, 0x00, 0x36,
	0x00, 0x37, 0x00, 0x38, 0x00, 0x39, 0x00, 0x3A, 0x00, 0x3B, 0x00, 0x3C,
	0x00, 0x3D, 0x00, 0x3E, 0x00, 0x3F, 0x00, 0x40, 0x00, 0x44, 0x00, 0x45,
	0x00, 0x46, 0x00, 0x47, 0x00, 0x48, 0x00, 0x49, 0x00, 0x4A, 0x00, 0x4B,
	0x00, 0x4C, 0x00, 0x4D, 0x00, 0x4E, 0x00, 0x4F, 0x00, 0x50, 0x00, 0x51,
	0x00, 0x52, 0x00, 0x53, 0x00, 0x54, 0x00, 0x55, 0x00, 0x56, 0x00, 0x57,
	0x00, 0x58, 0x00, 0x59, 0x00, 0x5A, 0x00, 0x5B, 0x00, 0x5C, 0x00, 0x5D,
	0x00, 0x5F, 0x00, 0x82, 0x00, 0xC2, 0x00, 0x11, 0x00, 0x0F, 0x00, 0x1D,
	0x00, 0x1E, 0x00, 0x23, 0x00, 0xC4, 0x00, 0xC5, 0x00, 0xC3, 0x00, 0x87,
	0x00, 0xB2, 0x00, 0xB3, 0x00, 0xB7, 0x00, 0xB5, 0x00, 0xB4, 0x00, 0xB6,
	0x00, 0xBC, 0x00, 0xD7, 0x00, 0xF0, 0x00, 0x20, 0x00, 0xDB, 0x00, 0xDC,
	0x00, 0xDD, 0x00, 0xDF, 0x00, 0xE0, 0x00, 0xE1, 0x00, 0xDE, 0x00, 0x8D,
	0x00, 0x8E, 0x00, 0xD9, 0x00, 0xDA, 0x00, 0x83, 0x00, 0x43, 0x00, 0xD8,
	0x00, 0xE9, 0x00, 0x1F, 0x00, 0x21, 0x00, 0x0D, 0x00, 0xE2, 0x00, 0xE3,
	0x00, 0xA4, 0x00, 0xBE, 0x00, 0xBF, 0x00, 0xA9, 0x00, 0xAA, 0x00, 0xB8,
	0x00, 0x61, 0x00, 0x41, 0x00, 0xA7, 0x00, 0x8F, 0x00, 0x91, 0x00, 0xA1,
	0x00, 0x42, 0x00, 0x8C, 0x00, 0x8A, 0x00, 0x8B, 0x00, 0x9D, 0x00, 0x9E,
	0x00, 0x90, 0x00, 0xA0, 0x00, 0xB1, 0x00, 0xB0, 0x00, 0x88, 0x00, 0x9A,
	0x00, 0x9B, 0x00, 0x89, 0x00, 0x93, 0x00, 0x98, 0x00, 0xEA, 0x00, 0xA2,
	0x00, 0xA3, 0x00, 0x92, 0x01, 0x02, 0x00, 0xC6, 0x00, 0x97, 0x00, 0x96,
	0x00, 0x06, 0x00, 0x5E, 0x00, 0x60, 0x00, 0x04, 0x00, 0x22, 0x00, 0xE4,
	0x00, 0xE5, 0x00, 0xEB, 0x00, 0xEC, 0x00, 0xE6, 0x00, 0xE7, 0x00, 0x62,
	0x00, 0x63, 0x00, 0x64, 0x00, 0x65, 0x00, 0x66, 0x00, 0x67, 0x00, 0x68,
	0x00, 0x69, 0x00, 0x6A, 0x00, 0x6B, 0x00, 0x6C, 0x00, 0x6D, 0x00, 0x6E,
	0x00, 0x6F, 0x00, 0x70, 0x00, 0x71, 0x00, 0x72, 0x00, 0x73, 0x00, 0x74,
	0x00, 0x75, 0x00, 0x76, 0x00, 0x77, 0x00, 0x78, 0x00, 0x79, 0x00, 0x7A,
	0x00, 0x7B, 0x00, 0x7C, 0x00, 0x7D, 0x00, 0x7E, 0x00, 0x7F, 0x00, 0x80,
	0x00, 0x81, 0x00, 0xAD, 0x00, 0xAE, 0x00, 0xAF, 0x00, 0xBA, 0x00, 0xBB,
	0x00, 0xC7, 0x00, 0xC8, 0x00, 0xC9, 0x00, 0xCA, 0x00, 0xCB, 0x00, 0xCC,
	0x00, 0xCD, 0x00, 0xCE, 0x00, 0xCF, 0x00, 0xD0, 0x00, 0xD1, 0x00, 0xD3,
	0x00, 0xD4, 0x00, 0xD5, 0x00, 0xD6, 0x00, 0x84, 0x00, 0x07, 0x00, 0xF2,
	0x00, 0x09, 0x00, 0x86, 0x00, 0x13, 0x00, 0x14, 0x00, 0x15, 0x00, 0x16,
	0x00, 0x17, 0x00, 0x18, 0x00, 0x19, 0x00, 0x1A, 0x00, 0x1B, 0x00, 0x1C,
	0x00, 0x08, 0x00, 0xF4, 0x00, 0xF5, 0x00, 0xF1, 0x00, 0xF6, 0x00, 0x85,
	0x00, 0xF3, 0x00, 0xAC, 0x00, 0xAB, 0x00, 0xC0, 0x00, 0xC1, 0x01, 0x03,
	0x00, 0xBD, 0x01, 0x04, 0x01, 0x05, 0x01, 0x06, 0x01, 0x07, 0x01, 0x08,
	0x01, 0x09, 0x01, 0x0A, 0x00, 0xFD, 0x01, 0x0B, 0x01, 0x0C, 0x00, 0xFF,
	0x01, 0x0D, 0x01, 0x0E, 0x01, 0x0F, 0x01, 0x10, 0x01, 0x11, 0x01, 0x12,
	0x01, 0x13, 0x01, 0x14, 0x00, 0xF8, 0x01, 0x15, 0x01, 0x16, 0x01, 0x17,
	0x01, 0x18, 0x01, 0x19, 0x01, 0x1A, 0x01, 0x1B, 0x01, 0x1C, 0x00, 0xFA,
	0x01, 0x1D, 0x01, 0x1E, 0x01, 0x1F, 0x01, 0x20, 0x01, 0x21, 0x01, 0x22,
	0x01, 0x23, 0x01, 0x24, 0x01, 0x25, 0x01, 0x26, 0x01, 0x27, 0x01, 0x28,
	0x01, 0x29, 0x01, 0x2A, 0x01, 0x2B, 0x01, 0x2C, 0x01, 0x2D, 0x01, 0x2E,
	0x01, 0x2F, 0x00, 0xFB, 0x01, 0x30, 0x01, 0x31, 0x01, 0x32, 0x01, 0x33,
	0x01, 0x34, 0x01, 0x35, 0x01, 0x36, 0x01, 0x37, 0x01, 0x38, 0x01, 0x39,
	0x01, 0x3A, 0x01, 0x3B, 0x01, 0x3C, 0x01, 0x3D, 0x01, 0x3E, 0x01, 0x3F,
	0x01, 0x40, 0x01, 0x41, 0x01, 0x42, 0x01, 0x43, 0x01, 0x44, 0x01, 0x45,
	0x00, 0xFE, 0x01, 0x46, 0x01, 0x47, 0x01, 0x00, 0x01, 0x48, 0x01, 0x01,
	0x01, 0x49, 0x01, 0x4A, 0x01, 0x4B, 0x01, 0x4C, 0x01, 0x4D, 0x01, 0x4E,
	0x00, 0xF9, 0x01, 0x4F, 0x01, 0x50, 0x01, 0x51, 0x01, 0x52, 0x01, 0x53,
	0x01, 0x54, 0x01, 0x55, 0x01, 0x56, 0x01, 0x57, 0x01, 0x58, 0x01, 0x59,
	0x01, 0x5A, 0x01, 0x5B, 0x01, 0x5C, 0x01, 0x5D, 0x01, 0x5E, 0x01, 0x5F,
	0x01, 0x60, 0x01, 0x61, 0x01, 0x62, 0x01, 0x63, 0x01, 0x64, 0x01, 0x65,
	0x01, 0x66, 0x01, 0x67, 0x01, 0x68, 0x01, 0x69, 0x01, 0x6A, 0x01, 0x6B,
	0x00, 0xFC, 0x01, 0x6C, 0x01, 0x6D, 0x01, 0x6E, 0x01, 0x6F, 0x01, 0x70,
	0x01, 0x71, 0x01, 0x72, 0x01, 0x73, 0x01, 0x74, 0x01, 0x75, 0x01, 0x76,
	0x01, 0x77, 0x01, 0x78, 0x01, 0x79, 0x01, 0x7A, 0x01, 0x7B, 0x01, 0x7C,
	0x01, 0x7D, 0x01, 0x7E, 0x00, 0xE8, 0x00, 0xED, 0x00, 0xEE, 0x04, 0x45,
	0x75, 0x72, 0x6F, 0x08, 0x64, 0x6F, 0x74, 0x6C, 0x65, 0x73, 0x73, 0x6A,
	0x07, 0x75, 0x6E, 0x69, 0x30, 0x30, 0x41, 0x44, 0x07, 0x75, 0x6E, 0x69,
	0x30, 0x33, 0x31, 0x32, 0x07, 0x75, 0x6E, 0x69, 0x30, 0x33, 0x31, 0x35,
	0x07, 0x75, 0x6E, 0x69, 0x30, 0x33, 0x32, 0x36, 0x07, 0x41, 0x6D, 0x61,
	0x63, 0x72, 0x6F, 0x6E, 0x06, 0x41, 0x62, 0x72, 0x65, 0x76, 0x65, 0x07,
	0x41, 0x6F, 0x67, 0x6F, 0x6E, 0x65, 0x6B, 0x0B, 0x43, 0x63, 0x69, 0x72,
	0x63, 0x75, 0x6D, 0x66, 0x6C, 0x65, 0x78, 0x0A, 0x43, 0x64, 0x6F, 0x74,
	0x61, 0x63, 0x63, 0x65, 0x6E, 0x74, 0x06, 0x44, 0x63, 0x61, 0x72, 0x6F,
	0x6E, 0x06, 0x44, 0x63, 0x72, 0x6F, 0x61, 0x74, 0x07, 0x45, 0x6D, 0x61,
	0x63, 0x72, 0x6F, 0x6E, 0x06, 0x45, 0x62, 0x72, 0x65, 0x76, 0x65, 0x0A,
	0x45, 0x64, 0x6F, 0x74, 0x61, 0x63, 0x63, 0x65, 0x6E, 0x74, 0x07, 0x45,
	0x6F, 0x67, 0x6F, 0x6E, 0x65, 0x6B, 0x06, 0x45, 0x63, 0x61, 0x72, 0x6F,
	0x6E, 0x0B, 0x47, 0x63, 0x69, 0x72, 0x63, 0x75, 0x6D, 0x66, 0x6C, 0x65,
	0x78, 0x0A, 0x47, 0x64, 0x6F, 0x74, 0x61, 0x63, 0x63, 0x65, 0x6E, 0x74,
	0x0C, 0x47, 0x63, 0x6F, 0x6D, 0x6D, 0x61, 0x61, 0x63, 0x63, 0x65, 0x6E,
	0x74, 0x0B, 0x48, 0x63, 0x69, 0x72, 0x63, 0x75, 0x6D, 0x66, 0x6C, 0x65,
	0x78, 0x04, 0x48, 0x62, 0x61, 0x72, 0x06, 0x49, 0x74, 0x69, 0x6C, 0x64,
	0x65, 0x07, 0x49, 0x6D, 0x61, 0x63, 0x72, 0x6F, 0x6E, 0x06, 0x49, 0x62,
	0x72, 0x65, 0x76, 0x65, 0x07, 0x49, 0x6F, 0x67, 0x6F, 0x6E, 0x65, 0x6B,
	0x02, 0x49, 0x4A, 0x0B, 0x4A, 0x63, 0x69, 0x72, 0x63, 0x75, 0x6D, 0x66,
	0x6C, 0x65, 0x78, 0x0C, 0x4B, 0x63, 0x6F, 0x6D, 0x6D, 0x61, 0x61, 0x63,
	0x63, 0x65, 0x6E, 0x74, 0x06, 0x4C, 0x61, 0x63, 0x75, 0x74, 0x65, 0x0C,
	0x4C, 0x63, 0x6F, 0x6D, 0x6D, 0x61, 0x61, 0x63, 0x63, 0x65, 0x6E, 0x74,
	0x04, 0x4C, 0x64, 0x6F, 0x74, 0x06, 0x4C, 0x63, 0x61, 0x72, 0x6F, 0x6E,
	0x06, 0x4E, 0x61, 0x63, 0x75, 0x74, 0x65, 0x0C, 0x4E, 0x63, 0x6F, 0x6D,
	0x6D, 0x61, 0x61, 0x63, 0x63, 0x65, 0x6E, 0x74, 0x06, 0x4E, 0x63, 0x61,
	0x72, 0x6F, 0x6E, 0x03, 0x45, 0x6E, 0x67, 0x07, 0x4F, 0x6D, 0x61, 0x63,
	0x72, 0x6F, 0x6E, 0x06, 0x4F, 0x62, 0x72, 0x65, 0x76, 0x65, 0x0D, 0x4F,
	0x68, 0x75, 0x6E, 0x67, 0x61, 0x72, 0x75, 0x6D, 0x6C, 0x61, 0x75, 0x74,
	0x06, 0x52, 0x61, 0x63, 0x75, 0x74, 0x65, 0x0C, 0x52, 0x63, 0x6F, 0x6D,
	0x6D, 0x61, 0x61, 0x63, 0x63, 0x65, 0x6E, 0x74, 0x06, 0x52, 0x63, 0x61,
	0x72, 0x6F, 0x6E, 0x06, 0x53, 0x61, 0x63, 0x75, 0x74, 0x65, 0x0B, 0x53,
	0x63, 0x69, 0x72, 0x63, 0x75, 0x6D, 0x66, 0x6C, 0x65, 0x78, 0x0C, 0x54,
	0x63, 0x6F, 0x6D, 0x6D, 0x61, 0x61, 0x63, 0x63, 0x65, 0x6E, 0x74, 0x06,
	0x54, 0x63, 0x61, 0x72, 0x6F, 0x6E, 0x04, 0x54, 0x62, 0x61, 0x72, 0x06,
	0x55, 0x74, 0x69, 0x6C, 0x64, 0x65, 0x07, 0x55, 0x6D, 0x61, 0x63, 0x72,
	0x6F, 0x6E, 0x06, 0x55, 0x62, 0x72, 0x65, 0x76, 0x65, 0x05, 0x55, 0x72,
	0x69, 0x6E, 0x67, 0x0D, 0x55, 0x68, 0x75, 0x6E, 0x67, 0x61, 0x72, 0x75,
	0x6D, 0x6C, 0x61, 0x75, 0x74, 0x07, 0x55, 0x6F, 0x67, 0x6F, 0x6E, 0x65,
	0x6B, 0x0B, 0x57, 0x63, 0x69, 0x72, 0x63, 0x75, 0x6D, 0x66, 0x6C, 0x65,
	0x78, 0x06, 0x57, 0x67, 0x72, 0x61, 0x76, 0x65, 0x06, 0x57, 0x61, 0x63,
	0x75, 0x74, 0x65, 0x09, 0x57, 0x64, 0x69, 0x65, 0x72, 0x65, 0x73, 0x69,
	0x73, 0x0B, 0x59, 0x63, 0x69, 0x72, 0x63, 0x75, 0x6D, 0x66, 0x6C, 0x65,
	0x78, 0x06, 0x59, 0x67, 0x72, 0x61, 0x76, 0x65, 0x06, 0x5A, 0x61, 0x63,
	0x75, 0x74, 0x65, 0x0A, 0x5A, 0x64, 0x6F, 0x74, 0x61, 0x63, 0x63, 0x65,
	0x6E, 0x74, 0x07, 0x41, 0x45, 0x61, 0x63, 0x75, 0x74, 0x65, 0x0B, 0x4F,
	0x73, 0x6C, 0x61, 0x73, 0x68, 0x61, 0x63, 0x75, 0x74, 0x65, 0x07, 0x61,
	0x6D, 0x61, 0x63, 0x72, 0x6F, 0x6E, 0x06, 0x61, 0x62, 0x72, 0x65, 0x76,
	0x65, 0x07, 0x61, 0x6F, 0x67, 0x6F, 0x6E, 0x65, 0x6B, 0x0B, 0x63, 0x63,
	0x69, 0x72, 0x63, 0x75, 0x6D, 0x66, 0x6C, 0x65, 0x78, 0x0A, 0x63, 0x64,
	0x6F, 0x74, 0x61, 0x63, 0x63, 0x65, 0x6E, 0x74, 0x06, 0x64, 0x63, 0x61,
	0x72, 0x6F, 0x6E, 0x07, 0x65, 0x6D, 0x61, 0x63, 0x72, 0x6F, 0x6E, 0x06,
	0x65, 0x62, 0x72, 0x65, 0x76, 0x65, 0x0A, 0x65, 0x64, 0x6F, 0x74, 0x61,
	0x63, 0x63, 0x65, 0x6E, 0x74, 0x07, 0x65, 0x6F, 0x67, 0x6F, 0x6E, 0x65,
	0x6B, 0x06, 0x65, 0x63, 0x61, 0x72, 0x6F, 0x6E, 0x0B, 0x67, 0x63, 0x69,
	0x72, 0x63, 0x75, 0x6D, 0x66, 0x6C, 0x65, 0x78, 0x0A, 0x67, 0x64, 0x6F,
	0x74, 0x61, 0x63, 0x63, 0x65, 0x6E, 0x74, 0x0C, 0x67, 0x63, 0x6F, 0x6D,
	0x6D, 0x61, 0x61, 0x63, 0x63, 0x65, 0x6E, 0x74, 0x0B, 0x68, 0x63, 0x69,
	0x72, 0x63, 0x75, 0x6D, 0x66, 0x6C, 0x65, 0x78, 0x04, 0x68, 0x62, 0x61,
	0x72, 0x06, 0x69, 0x74, 0x69, 0x6C, 0x64, 0x65, 0x07, 0x69, 0x6D, 0x61,
	0x63, 0x72, 0x6F, 0x6E, 0x06, 0x69, 0x62, 0x72, 0x65, 0x76, 0x65, 0x07,
	0x69, 0x6F, 0x67, 0x6F, 0x6E, 0x65, 0x6B, 0x02, 0x69, 0x6A, 0x0B, 0x6A,
	0x63, 0x69, 0x72, 0x63, 0x75, 0x6D, 0x66, 0x6C, 0x65, 0x78, 0x0C, 0x6B,
	0x63, 0x6F, 0x6D, 0x6D, 0x61, 0x61, 0x63, 0x63, 0x65, 0x6E, 0x74, 0x0C,
	0x6B, 0x67, 0x72, 0x65, 0x65, 0x6E, 0x6C, 0x61, 0x6E, 0x64, 0x69, 0x63,
	0x06, 0x6C, 0x61, 0x63, 0x75, 0x74, 0x65, 0x0C, 0x6C, 0x63, 0x6F, 0x6D,
	0x6D, 0x61, 0x61, 0x63, 0x63, 0x65, 0x6E, 0x74, 0x0A, 0x6C, 0x64, 0x6F,
	0x74, 0x61, 0x63, 0x63, 0x65, 0x6E, 0x74, 0x06, 0x6C, 0x63, 0x61, 0x72,
	0x6F, 0x6E, 0x06, 0x6E, 0x61, 0x63, 0x75, 0x74, 0x65, 0x0C, 0x6E, 0x63,
	0x6F, 0x6D, 0x6D, 0x61, 0x61, 0x63, 0x63, 0x65, 0x6E, 0x74, 0x06, 0x6E,
	0x63, 0x61, 0x72, 0x6F, 0x6E, 0x0B, 0x6E, 0x61, 0x70, 0x6F, 0x73, 0x74,
	0x72, 0x6F, 0x70, 0x68, 0x65, 0x03, 0x65, 0x6E, 0x67, 0x07, 0x6F, 0x6D,
	0x61, 0x63, 0x72, 0x6F, 0x6E, 0x06, 0x6F, 0x62, 0x72, 0x65, 0x76, 0x65,
	0x0D, 0x6F, 0x68, 0x75, 0x6E, 0x67, 0x61, 0x72, 0x75, 0x6D, 0x6C, 0x61,
	0x75, 0x74, 0x06, 0x72, 0x61, 0x63, 0x75, 0x74, 0x65, 0x0C, 0x72, 0x63,
	0x6F, 0x6D, 0x6D, 0x61, 0x61, 0x63, 0x63, 0x65, 0x6E, 0x74, 0x06, 0x72,
	0x63, 0x61, 0x72, 0x6F, 0x6E, 0x06, 0x73, 0x61, 0x63, 0x75, 0x74, 0x65,
	0x0B, 0x73, 0x63, 0x69, 0x72, 0x63, 0x75, 0x6D, 0x66, 0x6C, 0x65, 0x78,
	0x0C, 0x74, 0x63, 0x6F, 0x6D, 0x6D, 0x61, 0x61, 0x63, 0x63, 0x65, 0x6E,
	0x74, 0x06, 0x74, 0x63, 0x61, 0x72, 0x6F, 0x6E, 0x04, 0x74, 0x62, 0x61,
	0x72, 0x06, 0x75, 0x74, 0x69, 0x6C, 0x64, 0x65, 0x07, 0x75, 0x6D, 0x61,
	0x63, 0x72, 0x6F, 0x6E, 0x06, 0x75, 0x62, 0x72, 0x65, 0x76, 0x65, 0x05,
	0x75, 0x72, 0x69, 0x6E, 0x67, 0x0D, 0x75, 0x68, 0x75, 0x6E, 0x67, 0x61,
	0x72, 0x75, 0x6D, 0x6C, 0x61, 0x75, 0x74, 0x07, 0x75, 0x6F, 0x67, 0x6F,
	0x6E, 0x65, 0x6B, 0x0B, 0x77, 0x63, 0x69, 0x72, 0x63, 0x75, 0x6D, 0x66,
	0x6C, 0x65, 0x78, 0x06, 0x77, 0x67, 0x72, 0x61, 0x76, 0x65, 0x06, 0x77,
	0x61, 0x63, 0x75, 0x74, 0x65, 0x09, 0x77, 0x64, 0x69, 0x65, 0x72, 0x65,
	0x73, 0x69, 0x73, 0x0B, 0x79, 0x63, 0x69, 0x72, 0x63, 0x75, 0x6D, 0x66,
	0x6C, 0x65, 0x78, 0x06, 0x79, 0x67, 0x72, 0x61, 0x76, 0x65, 0x06, 0x7A,
	0x61, 0x63, 0x75, 0x74, 0x65, 0x0A, 0x7A, 0x64, 0x6F, 0x74, 0x61, 0x63,
	0x63, 0x65, 0x6E, 0x74, 0x07, 0x61, 0x65, 0x61, 0x63, 0x75, 0x74, 0x65,
	0x0B, 0x6F, 0x73, 0x6C, 0x61, 0x73, 0x68, 0x61, 0x63, 0x75, 0x74, 0x65,
	0x00, 0x00, 0x00, 0x03, 0x00, 0x08, 0x00, 0x02, 0x00, 0x10, 0x00, 0x01,
	0xFF, 0xFF, 0x00, 0x03
};
